origin,retention,step,initial_component,structural_component,forcing_component,structural_injection,forcing_injection,inherited_radius,initial_radius,mean_radius,mean_center_threshold_distance,actual_error
31409,0.0,1,3.9628703399338003,1.7989380621745548,2.2535300865214314,1.7989380621745548,2.2535300865214314,3.962870339933801,2.858234658345146,8.015338488629789,4.475731181529917,1.0704268459918047
31409,0.0,2,5.206940705824879,3.8457991260923707,4.74008880049627,1.8092414335008258,2.2269079316269806,9.756679267285708,2.858234658345146,13.792828632413514,4.435063350352496,1.099257344661602
31409,0.0,3,6.913282661597173,6.638858841240343,8.107509242317043,1.7939083113046088,2.1985090763736146,17.667233357476338,2.858234658345146,21.65965074515456,4.4334169264707715,1.0850692555863146
31409,0.0,4,9.186024794750033,10.363239694140967,12.578571217425736,1.791983231661405,2.2127059653732144,28.123146509282105,2.858234658345146,32.12783570631673,4.453799117731689,1.0894086910378684
31409,0.0,5,12.230332588004,15.362412329914436,18.470622787672802,1.7999651903537839,2.157421443155009,42.10598107208245,2.858234658345146,46.06336770559125,4.457442833942736,1.089077237279833
31409,0.0,6,16.308963700640614,22.06252506536138,26.338444916172314,1.8007932612202961,2.162568709281026,60.74657171167301,2.858234658345146,64.70993368217434,4.448686722553534,1.099273273120703
31409,0.15,1,3.745572043498859,1.7989380621746256,2.2535300865214314,1.7989380621746256,2.2535300865214314,3.745572043498859,2.6885306701767964,7.798040192194916,4.475731181530073,1.0458421760903416
31409,0.15,2,4.926017552404297,3.8457991260925106,4.74008880049627,1.8092414335008895,2.2269079316269806,9.47575611386521,2.6885306701767964,13.511905478993079,4.435063350352642,1.0737993322288455
31409,0.15,3,6.544572109683683,6.638858841240583,8.107509242317043,1.7939083113046665,2.1985090763736146,17.298522805563028,2.6885306701767964,21.29094019324131,4.433416926470906,1.0620717881504402
31409,0.15,4,8.70143080325194,10.363239694141333,12.578571217425736,1.7919832316614597,2.2127059653732144,27.638552517784326,2.6885306701767964,31.643241714819005,4.453799117731815,1.0691534422092952
31409,0.15,5,11.591696268611447,15.362412329914958,18.470622787672802,1.7999651903538363,2.157421443155009,41.46734475269037,2.6885306701767964,45.42473138619922,4.457442833942852,1.0727164574053296
31409,0.15,6,15.465370637281122,22.062525065362152,26.338444916172314,1.8007932612203421,2.162568709281026,59.90297864831423,2.6885306701767964,63.8663406188156,4.448686722553642,1.0850977445270382
31409,1.0,1,3.465616373850555,1.7989380621744402,2.2535300865214314,1.7989380621744402,2.2535300865214314,3.465616373850553,2.47154730150336,7.518084522546428,4.475731181529662,1.0899615037163217
31409,1.0,2,4.551259744237798,3.845799126092138,4.74008880049627,1.809241433500721,2.2269079316269806,9.100998305698502,2.47154730150336,13.137147670826202,4.435063350352258,1.1049043904931048
31409,1.0,3,6.035989289747462,6.638858841239954,8.107509242317043,1.793908311304511,2.1985090763736146,16.789939985626333,2.47154730150336,20.782357373304457,4.433416926470551,1.0914773759469205
31409,1.0,4,8.012760035391539,10.363239694140368,12.578571217425736,1.791983231661315,2.2127059653732144,26.949881749923108,2.47154730150336,30.954570946957638,4.453799117731485,1.0919334565511392
31409,1.0,5,10.660189729625458,15.362412329913564,18.470622787672802,1.7999651903537015,2.157421443155009,40.535838213703116,2.47154730150336,44.49322484721183,4.457442833942546,1.092213422396514
31409,1.0,6,14.206768100746933,22.062525065360187,26.338444916172314,1.8007932612202184,2.162568709281026,58.6443761117782,2.47154730150336,62.60773808227945,4.448686722553358,1.0966078367145795
32058,0.0,1,5.568253437770223,1.8238580623495397,1.6590625682166642,1.8238580623495397,1.6590625682166642,5.56825343777022,4.007403540233598,9.051174068336426,4.5111617642050525,1.3595842049607483
32058,0.0,2,7.332060436207939,3.8856875485221987,3.5497778914907507,1.8229177705600839,1.7022564096078925,11.24235169605291,4.007403540233598,14.767525876220887,4.464959927364841,1.3639650358118764
32058,0.0,3,9.754493143121952,6.698424244693077,6.0904076912484495,1.8035474796518525,1.6783393906633928,19.061438208748243,4.007403540233598,22.543325079063486,4.419144848116431,1.3310177341491454
32058,0.0,4,12.982054565931477,10.432458693218178,9.444802490543925,1.7853722887244854,1.669038114827543,29.404905346141547,4.007403540233598,32.85931574969358,4.40980709300295,1.3256214167497373
32058,0.0,5,17.307155892971153,15.436714920919412,13.843485170480005,1.7815429778696144,1.6034834749652855,43.202329531535675,4.007403540233598,46.587355984370575,4.37728322198171,1.314156643024474
32058,0.0,6,23.103629022142236,22.132353025034476,19.76084102139405,1.7683088891017509,1.6524698546387584,61.57604432483025,4.007403540233598,64.99682306857076,4.370893695388753,1.3132158503652882
32058,0.15,1,4.008445758204822,1.8238580623494711,1.6590625682166642,1.8238580623494711,1.6590625682166642,4.008445758204821,2.891369315079861,7.491366388770956,4.511161764204901,1.0078683833209772
32058,0.15,2,5.2682558916138,3.8856875485220583,3.5497778914907507,1.8229177705600206,1.7022564096078925,9.178547151458693,2.891369315079861,12.703721331626607,4.464959927364699,1.0513851760956072
32058,0.15,3,6.998683778048094,6.69842424469284,6.0904076912484495,1.8035474796517943,1.6783393906633928,16.305628843674207,2.891369315079861,19.787515713989393,4.419144848116298,1.0465774825712488
32058,0.15,4,9.305345941114188,10.432458693217827,9.444802490543925,1.7853722887244312,1.669038114827543,25.72819672132396,2.891369315079861,29.182607124875936,4.409807093002828,1.0641637103869324
32058,0.15,5,12.397691560290808,15.436714920918888,13.843485170480005,1.7815429778695664,1.6034834749652855,38.292865198854855,2.891369315079861,41.677891651689706,4.377283221981596,1.0774434828434412
32058,0.15,6,16.543641521932713,22.132353025033762,19.76084102139405,1.7683088891017058,1.6524698546387584,55.01605682462004,2.891369315079861,58.4368355683605,4.370893695388649,1.0999280909697582
32058,1.0,1,3.684047132848179,1.8238580623496392,1.6590625682166642,1.8238580623496392,1.6590625682166642,3.6840471328481996,2.662037392691647,7.166967763414495,4.511161764205257,1.1378479220118936
32058,1.0,2,4.843555703916626,3.885687548522384,3.5497778914907507,1.8229177705601667,1.7022564096078925,8.75384696376171,2.662037392691647,12.279021143929771,4.464959927365032,1.137047654436745
32058,1.0,3,6.434985917550862,6.698424244693392,6.0904076912484495,1.8035474796519322,1.6783393906633928,15.741930983177369,2.662037392691647,19.22381785349269,4.419144848116607,1.120662830054229
32058,1.0,4,8.55567813904923,10.432458693218656,9.444802490543925,1.7853722887245551,1.669038114827543,24.97852891925975,2.662037392691647,28.432939322811855,4.409807093003115,1.117603228274722
32058,1.0,5,11.396897495609206,15.436714920920107,13.843485170480005,1.7815429778696823,1.6034834749652855,37.292071134174336,2.662037392691647,40.6770975870093,4.377283221981861,1.1182892091318963
32058,1.0,6,15.203902080433755,22.132353025035446,19.76084102139405,1.7683088891018113,1.6524698546387584,53.67631738312279,2.662037392691647,57.09709612686336,4.3708936953888955,1.1304727888497403
32708,0.0,1,4.377149642111478,1.1673140127685504,1.4261902433753446,1.1673140127685504,1.4261902433753446,4.377149642111477,3.146786385838226,6.970653898255373,2.8415542374511014,1.0686418413191408
32708,0.0,2,5.757983520924954,2.4836182327980914,3.0399844235416147,1.1597505062625133,1.4460311768361822,8.675804494165966,3.146786385838226,11.28158617726466,2.8206141731518874,1.1015056358429198
32708,0.0,3,7.650547210834476,4.285025225075847,5.226514079270333,1.14979152853336,1.4390111133643988,14.573283873282897,3.146786385838226,17.162086515180654,2.796816687314414,1.1030660201550146
32708,0.0,4,10.172277186505008,6.678972363366301,8.089313643099443,1.1388009206589662,1.4064709311339647,22.395291341177817,3.146786385838226,24.94056319297075,2.766634099487555,1.1175154116152046
32708,0.0,5,13.550206667082023,9.879254705047048,11.898450253541112,1.1257004069983838,1.396395935131524,32.80581528354027,3.146786385838226,35.32791162567018,2.750386461981973,1.137250350377739
32708,0.0,6,18.075745317221294,14.167422228576676,17.010748265797563,1.118188649559668,1.43058239928078,46.7051447627551,3.146786385838226,49.25391581159555,2.7458123296039254,1.1563879601496878
32708,0.15,1,4.173190995501489,1.167314012768475,1.4261902433753446,1.167314012768475,1.4261902433753446,4.173190995501491,2.994809603513776,6.766695251645309,2.841554237450933,1.026591942866564
32708,0.15,2,5.490356070934225,2.4836182327979346,3.0399844235416147,1.1597505062624445,1.4460311768361822,8.408177044175147,2.994809603513776,11.013958727273774,2.8206141731517302,1.0637845345914723
32708,0.15,3,7.294958209840368,4.285025225075589,5.226514079270333,1.1497915285332965,1.4390111133643988,14.217694872288591,2.994809603513776,16.806497514186287,2.796816687314269,1.069678744214439
32708,0.15,4,9.700085694165482,6.6789723633659035,8.089313643099443,1.1388009206589071,1.4064709311339647,21.92309984883797,2.994809603513776,24.468371700630843,2.76663409948742,1.0874781243617146
32708,0.15,5,12.922426138867577,9.879254705046474,11.898450253541112,1.1257004069983294,1.396395935131524,32.178034755325314,2.994809603513776,34.70013109745517,2.750386461981847,1.110238723971667
32708,0.15,6,17.240380095253244,14.167422228575855,17.010748265797563,1.1181886495596176,1.43058239928078,45.86977954078627,2.994809603513776,48.41855058962666,2.745812329603809,1.1319293943350335
32708,1.0,1,4.028617924588133,1.1673140127685433,1.4261902433753446,1.1673140127685433,1.4261902433753446,4.028617924588106,2.9023696558166097,6.622122180731994,2.8415542374510876,0.9729838979070059
32708,1.0,2,5.311460461253566,2.4836182327980763,3.0399844235416147,1.1597505062625073,1.4460311768361822,8.229281434494597,2.9023696558166097,10.835063117593286,2.820614173151875,1.0059092013558841
32708,1.0,3,7.069196563082657,4.285025225075825,5.226514079270333,1.1497915285333549,1.4390111133643988,13.991933225531094,2.9023696558166097,16.58073586742885,2.7968166873144025,1.0319087848449198
32708,1.0,4,9.41543990469536,6.678972363366263,8.089313643099443,1.1388009206589618,1.4064709311339647,21.63845405936815,2.9023696558166097,24.183725911161083,2.7666340994875442,1.0546744449728485
32708,1.0,5,12.561460603758825,9.879254705047005,11.898450253541112,1.1257004069983803,1.396395935131524,31.817069220216972,2.9023696558166097,34.33916556234688,2.7503864619819627,1.0827263591340226
32708,1.0,6,16.780619952290284,14.167422228576607,17.010748265797563,1.118188649559664,1.43058239928078,45.41001939782411,2.9023696558166097,47.95879044666455,2.745812329603916,1.1075478811342985
33439,0.0,1,4.167624886836343,1.8928659441934175,2.223460972084323,1.8928659441934175,2.223460972084323,4.167624886836344,3.005876001412822,8.283951803114082,4.5919971994107005,1.1126370771486698
33439,0.0,2,5.474847032198234,4.004058694167845,4.656199661216071,1.8616595884375238,2.176079741801537,10.097366057343093,3.005876001412822,14.135105387582154,4.518247800303069,1.1320661002745256
33439,0.0,3,7.267997436102392,6.881343265634624,7.974267974905196,1.8305418580033042,2.165830390589988,18.12723642804892,3.005876001412822,22.123608676642213,4.463265920990644,1.1090660760992723
33439,0.0,4,9.65709039960654,10.698750512988065,12.353552571499483,1.8076369478935577,2.158765824314587,28.742990711885952,3.005876001412822,32.70939348409409,4.442827454052437,1.0997879230890557
33439,0.0,5,12.857917607179186,15.812343159296002,18.15510701140801,1.799649988650122,2.1277726414886904,42.89794514774437,3.005876001412822,46.82536777788319,4.415316623796379,1.0990442845116886
33439,0.0,6,17.147014784162838,22.656928212694837,25.886930538532997,1.787172189920459,2.1240846377677065,61.779616707702544,3.005876001412822,65.69087353539071,4.36596879960022,1.1017438431407383
33439,0.15,1,3.8655381146527645,1.8928659441934426,2.223460972084323,1.8928659441934426,2.223460972084323,3.8655381146527623,2.774002302443905,7.981865030930528,4.591997199410763,1.0568326021486332
33439,0.15,2,5.0861523328822935,4.004058694167896,4.656199661216071,1.8616595884375486,2.176079741801537,9.708671358027178,2.774002302443905,13.746410688266263,4.518247800303127,1.0828107097799122
33439,0.15,3,6.759260785091805,6.881343265634718,7.974267974905196,1.830541858003326,2.165830390589988,17.618499777038405,2.774002302443905,21.61487202563172,4.463265920990695,1.0613053379999509
33439,0.15,4,8.991570594818493,10.698750512988205,12.353552571499483,1.8076369478935788,2.158765824314587,28.07747090709802,2.774002302443905,32.04387367930619,4.442827454052486,1.0569836885108284
33439,0.15,5,11.984872615028598,15.812343159296214,18.15510701140801,1.799649988650142,2.1277726414886904,42.02490015559399,2.774002302443905,45.952322785732825,4.415316623796425,1.0579400017490517
33439,0.15,6,15.999113024227475,22.656928212695153,25.886930538532997,1.7871721899204789,2.1240846377677065,60.63171494776744,2.774002302443905,64.54297177545564,4.365968799600262,1.0647694391704714
33439,1.0,1,3.551716048087745,1.8928659441934166,2.223460972084323,1.8928659441934166,2.223460972084323,3.5517160480877386,2.5766048385601343,7.6680429643654655,4.591997199410674,1.110297835169227
33439,1.0,2,4.649120935674547,4.004058694167822,4.656199661216071,1.8616595884375138,2.176079741801537,9.271639960819387,2.5766048385601343,13.309379291058436,4.518247800303045,1.1322965641896097
33439,1.0,3,6.1475063850565,6.881343265634582,7.974267974905196,1.8305418580032933,2.165830390589988,17.00674537700302,2.5766048385601343,21.003117625596303,4.4632659209906205,1.1043423608345286
33439,1.0,4,8.142679092879632,10.69875051298801,12.353552571499483,1.8076369478935475,2.158765824314587,27.228579405158953,2.5766048385601343,31.194982177367088,4.4428274540524155,1.0893128928057905
33439,1.0,5,10.812280557314313,15.812343159295922,18.15510701140801,1.799649988650113,2.1277726414886904,40.85230809787939,2.5766048385601343,44.77973072801819,4.41531662379636,1.085580720132175
33439,1.0,6,14.386053163515946,22.65692821269469,25.886930538532997,1.7871721899204502,2.1240846377677065,59.01865508705549,2.5766048385601343,62.929911914743656,4.365968799600203,1.0879485431676958
34089,0.0,1,4.254987693680833,1.5181713487173112,1.6959752364817735,1.5181713487173112,1.6959752364817735,4.254987693680837,3.0778527286266577,7.469134278879923,3.773883136458246,1.0531280396770146
34089,0.0,2,5.587102299988275,3.268116789272559,3.5924520860794784,1.5466868399255727,1.7033454847663914,9.197638850648348,3.0778527286266577,12.44767117534031,3.7468319889169486,1.0907477194496833
34089,0.0,3,7.415649601584268,5.653670469885085,6.11519048988008,1.5336982518611906,1.6442863449984015,16.006525964489843,3.0778527286266577,19.184510561349434,3.7579154249422135,1.077731061857547
34089,0.0,4,9.850448977041397,8.8433993332871,9.427537902775907,1.5372625670448996,1.6123847677413785,24.971738878318128,3.0778527286266577,28.121386213104408,3.754464081893623,1.0840070156523345
34089,0.0,5,13.111576272489645,13.117451468642935,13.805429484857235,1.5345081632927515,1.5766869620563377,36.92326210064073,3.0778527286266577,40.03445722598982,3.758844168790805,1.0892523367329128
34089,0.0,6,17.4803348047418,18.852087139155906,19.679487097269178,1.5354703761199748,1.6133293925073195,52.86310927253959,3.0778527286266577,56.01190904116689,3.795959227469113,1.1076155495197082
34089,0.15,1,3.9631824923124053,1.518171348717224,1.6959752364817735,1.518171348717224,1.6959752364817735,3.963182492312405,2.835585971081719,7.177329077511403,3.7738831364580507,1.0115551498731723
34089,0.15,2,5.208587060529287,3.2681167892723852,3.5924520860794784,1.5466868399254947,1.7033454847663914,8.819123611189259,2.835585971081719,12.069155935881142,3.7468319889167665,1.053636274882338
34089,0.15,3,6.912048116173021,5.653670469884781,6.11519048988008,1.5336982518611162,1.6442863449984015,15.502924479078366,2.835585971081719,18.680909075937883,3.7579154249420452,1.0475512819322674
34089,0.15,4,9.18351364171973,8.843399333286648,9.427537902775907,1.5372625670448332,1.6123847677413785,24.30480354299608,2.835585971081719,27.454450877782293,3.7544640818934667,1.0553766530446298
34089,0.15,5,12.227525404721915,13.117451468642267,13.805429484857235,1.5345081632926876,1.5766869620563377,36.039211232872404,2.835585971081719,39.15040635822142,3.7588441687906604,1.063015915561538
34089,0.15,6,16.307837249040574,18.85208713915496,19.679487097269178,1.5354703761199167,1.6133293925073195,51.69061171683749,2.835585971081719,54.83941148546472,3.7959592274689786,1.0847277415850798
34089,1.0,1,4.1404944408632165,1.5181713487172994,1.6959752364817735,1.5181713487172994,1.6959752364817735,4.140494440863204,2.8622236495219333,7.354641026062271,3.773883136458205,1.079838800808281
34089,1.0,2,5.478751379820328,3.2681167892725225,3.5924520860794784,1.546686839925557,1.7033454847663914,9.089287930480394,2.8622236495219333,12.339320255172339,3.74683198891691,1.0980412740656238
34089,1.0,3,7.290784677779536,5.653670469885021,6.11519048988008,1.5336982518611735,1.6442863449984015,15.881661040685039,2.8622236495219333,19.059645637544612,3.757915424942178,1.1017078247228498
34089,1.0,4,9.714861017792783,8.843399333287007,9.427537902775907,1.5372625670448865,1.6123847677413785,24.836150919069382,2.8622236495219333,27.98579825385565,3.75446408189359,1.1031978542657341
34089,1.0,5,12.966271825172925,13.117451468642784,13.805429484857235,1.5345081632927382,1.5766869620563377,36.77795765332383,2.8622236495219333,39.88915277867291,3.7588441687907745,1.10736154371262
34089,1.0,6,17.3293481464398,18.852087139155717,19.679487097269178,1.5354703761199628,1.6133293925073195,52.71212261423749,2.8622236495219333,55.86092238286476,3.7959592274690843,1.1235003843724047
34819,0.0,1,4.550290883390307,2.160400445806528,1.7782105180336474,2.160400445806528,1.7782105180336474,4.550290883390307,3.286094305574653,8.488901847230482,5.324006591440019,1.0464253860158144
34819,0.0,2,5.976151337674799,4.6080388188668016,3.756968152057933,2.1612209802067364,1.7789538581087616,10.400983470284036,3.286094305574653,14.341158308599535,5.295172896064663,1.060263098997465
34819,0.0,3,7.932011496998966,7.9570685263779115,6.439012952254428,2.1484514206574286,1.766802225131648,18.41283932984223,3.286094305574653,22.328092975631307,5.26731903555416,1.0362778339903633
34819,0.0,4,10.534397043208987,12.411034679403015,9.977792283664854,2.13549683676188,1.7643407415332752,29.023386427981706,3.286094305574653,32.92322400627686,5.237784069816145,1.0245973903201284
34819,0.0,5,14.01727393463824,18.37065525234767,14.66408230121577,2.1228365318872835,1.744074366420155,43.185100589894255,3.286094305574653,47.052011488201686,5.201223148713623,1.0119606633262757
34819,0.0,6,18.679338970572772,26.34665677580624,20.944318084492767,2.107594797194411,1.7804279604662818,62.08229107321111,3.286094305574653,65.97031383087179,5.2000266302686935,1.0201702909812056
34819,0.15,1,4.005031675782941,2.160400445806472,1.7782105180336474,2.160400445806472,1.7782105180336474,4.005031675782943,2.8937273469851474,7.943642639623064,5.3240065914399,0.9747315044116245
34819,0.15,2,5.2568469972289495,4.608038818866692,3.756968152057933,2.161220980206686,1.7789538581087616,9.681679129838129,2.8937273469851474,13.621853968153577,5.295172896064552,1.0039077800818743
34819,0.15,3,6.973680983835639,7.957068526377731,6.439012952254428,2.148451420657384,1.766802225131648,17.454508816678768,2.8937273469851474,21.369762462467797,5.267319035554058,0.9908115389767896
34819,0.15,4,9.262539612398006,12.41103467940273,9.977792283664854,2.135496836761837,1.7643407415332752,27.751528997170485,2.8937273469851474,31.651366575465598,5.237784069816051,0.987834751068893
34819,0.15,5,12.329769900342114,18.370655252347266,14.66408230121577,2.1228365318872466,1.744074366420155,41.49759655559775,2.8937273469851474,45.364507453905155,5.201223148713535,0.9844654202510623
34819,0.15,6,16.44057928314462,26.34665677580567,20.944318084492767,2.1075947971943774,1.7804279604662818,59.8435313857824,2.8937273469851474,63.731554143443056,5.200026630268611,0.9970910406584482
34819,1.0,1,4.090555103458429,2.1604004458066086,1.7782105180336474,2.1604004458066086,1.7782105180336474,4.090555103458435,2.9383456778358603,8.029166067298693,5.324006591440206,1.1087351799314036
34819,1.0,2,5.368494673230627,4.608038818866974,3.756968152057933,2.161220980206811,1.7789538581087616,9.793326805839982,2.9383456778358603,13.733501644155554,5.2951728960648365,1.1009405599576907
34819,1.0,3,7.114597909930066,7.957068526378206,6.439012952254428,2.1484514206574974,1.766802225131648,17.59542574277352,2.9383456778358603,21.51067938856267,5.267319035554321,1.0688573565657251
34819,1.0,4,9.439541726377385,12.411034679403453,9.977792283664854,2.1354968367619453,1.7643407415332752,27.928531111150477,2.9383456778358603,31.828368689445696,5.2377840698162945,1.0518500538234188
34819,1.0,5,12.551337511825432,18.37065525234832,14.66408230121577,2.1228365318873434,1.744074366420155,41.71916416708204,2.9383456778358603,45.586075065389544,5.201223148713762,1.0374094065745207
34819,1.0,6,16.717687179238943,26.346656775807165,20.944318084492767,2.107594797194469,1.7804279604662818,60.120639281878056,2.9383456778358603,64.00866203953882,5.200026630268821,1.0417331575945157
35469,0.0,1,4.157249344726543,2.1946326759726853,2.1423550006171586,2.1946326759726853,2.1423550006171586,4.1572493447265435,3.019851206656668,8.49423702131639,5.147017439914762,1.0711425361294833
35469,0.0,2,5.458440755812232,4.586072876464502,4.515242069557258,2.1005964973406672,2.126364687983261,10.332794516510063,3.019851206656668,14.559755701833991,5.003768734597649,1.0788420631915399
35469,0.0,3,7.249592050554876,7.834532014132401,7.726192550814526,2.041219060404002,2.0989513468126475,18.670146208285153,3.019851206656668,22.810316615501804,4.879217935846826,1.040788820415414
35469,0.0,4,9.635670068788023,12.120422668204132,11.97164238731082,1.98860217708713,2.092652769737366,29.646480177478487,3.019851206656668,33.72773512430299,4.786048795372537,1.023262597329515
35469,0.0,5,12.833689539802755,17.836955980381752,17.589797478680207,1.9495204012046439,2.059117693816442,44.251804903843606,3.019851206656668,48.26044299886469,4.700278079163406,1.021748760087181
35469,0.0,6,17.120061972963533,25.47100623863179,25.08492844357738,1.9121876746046822,2.059663705854671,63.70414527471336,3.019851206656668,67.67599665517272,4.605837390008421,1.0231809526134854
35469,0.15,1,3.979746248406007,2.1946326759726316,2.1423550006171586,2.1946326759726316,2.1423550006171586,3.979746248406008,2.8787750125416034,8.3167339249958,5.147017439914643,1.054675143391136
35469,0.15,2,5.2304630809417345,4.586072876464392,4.515242069557258,2.1005964973406193,2.126364687983261,10.104816841639506,2.8787750125416034,14.331778026963384,5.0037687345975375,1.0628648025775298
35469,0.15,3,6.947988415866207,7.834532014132218,7.726192550814526,2.041219060403954,2.0989513468126475,18.368542573596343,2.8787750125416034,22.508712980812945,4.8792179358467225,1.0230682903016513
35469,0.15,4,9.237496358731336,12.120422668203853,11.97164238731082,1.9886021770870894,2.092652769737366,29.248306467421568,2.8787750125416034,33.32956141424602,4.786048795372441,1.0065054647299976
35469,0.15,5,12.30614087265457,17.836955980381333,17.589797478680207,1.9495204012046055,2.059117693816442,43.724256236695055,2.8787750125416034,47.7328943317161,4.700278079163317,1.0017132398773407
35469,0.15,6,16.419647546811394,25.471006238631233,25.08492844357738,1.9121876746046458,2.059663705854671,63.003730848560664,2.8787750125416034,66.97558222901998,4.60583739000834,1.0023823277955288
35469,1.0,1,3.6466432856415105,2.194632675972733,2.1423550006171586,2.194632675972733,2.1423550006171586,3.646643285641502,2.6366268656398653,7.983630962231388,5.147017439914854,1.2008499473782082
35469,1.0,2,4.771297796722438,4.586072876464586,4.515242069557258,2.100596497340703,2.126364687983261,9.645651557420315,2.6366268656398653,13.872612742744279,5.003768734597735,1.1717556977860784
35469,1.0,3,6.304648793419418,7.834532014132544,7.726192550814526,2.0412190604040372,2.0989513468126475,17.725202951149836,2.6366268656398653,21.86537335836652,4.8792179358469046,1.1076382340579158
35469,1.0,4,8.345785004096394,12.120422668204357,11.97164238731082,1.9886021770871634,2.092652769737366,28.35659511278707,2.6366268656398653,32.4378500596116,4.78604879537261,1.0675929030104023
35469,1.0,5,11.07548966221476,17.836955980382047,17.589797478680207,1.9495204012046716,2.059117693816442,42.49360502625594,2.6366268656398653,46.50224312127706,4.700278079163474,1.049649597691444
35469,1.0,6,14.72802320655056,25.47100623863226,25.08492844357738,1.91218767460471,2.059663705854671,61.31210650830084,2.6366268656398653,65.28395788876023,4.605837390008485,1.0435906667247865
36200,0.0,1,4.564091723369241,1.5300170167421094,1.9274953046864218,1.5300170167421094,1.9274953046864218,4.564091723369242,3.3058798383461374,8.021604044797773,3.7408941337189603,1.1591231552699006
36200,0.0,2,5.984303159824247,3.2789708796690147,4.078480012683512,1.5438784462322999,1.937093660124648,9.860781945819827,3.3058798383461374,13.341754052176775,3.734143678160595,1.1869104197951825
36200,0.0,3,7.932852201779621,5.673182441121004,6.996657718734762,1.5372562221517483,1.9294805520295493,17.135955587454088,3.3058798383461374,20.602692361635384,3.7309060546940516,1.1767660535613473
36200,0.0,4,10.525959676287147,8.863486382153129,10.86329886992711,1.531815708889033,1.9449402073418693,26.775989012136478,3.3058798383461374,30.252744928367377,3.7198949811616977,1.1776833552633525
36200,0.0,5,13.997451398930975,13.136107082932389,15.971468903326132,1.524852675158359,1.9138064374993373,39.6663682725318,3.3058798383461374,43.105027385189494,3.721066456446387,1.1805088635055443
36200,0.0,6,18.645906198144075,18.865552347039547,22.795327897235957,1.5224025970401787,1.9312089323099735,56.85317491306944,3.3058798383461374,60.30678644241958,3.700312264078786,1.177982753363982
36200,0.15,1,4.327257505826965,1.5300170167421419,1.9274953046864218,1.5300170167421419,1.9274953046864218,4.3272575058269656,3.1253198058251375,7.784769827255529,3.740894133719032,1.1530181178649634
36200,0.15,2,5.684913640784536,3.278970879669079,4.078480012683512,1.5438784462323283,1.937093660124648,9.561392426780156,3.1253198058251375,13.042364533137132,3.7341436781606614,1.179186928981276
36200,0.15,3,7.547714328044173,5.673182441121109,6.996657718734762,1.5372562221517752,1.9294805520295493,16.750817713718725,3.1253198058251375,20.217554487900053,3.730906054694113,1.1716306029143013
36200,0.15,4,10.028556638626148,8.863486382153301,10.86329886992711,1.531815708889057,1.9449402073418693,26.27858597447562,3.1253198058251375,29.755341890706546,3.719894981161755,1.1725993635869219
36200,0.15,5,13.351561750451161,13.136107082932636,15.971468903326132,1.5248526751583833,1.9138064374993373,39.0204786240522,3.1253198058251375,42.45913773670992,3.72106645644644,1.178367679201187
36200,0.15,6,17.80358803276965,18.865552347039888,22.795327897235957,1.5224025970402022,1.9312089323099735,56.01085674769531,3.1253198058251375,59.46446827704548,3.700312264078835,1.1763762141533716
36200,1.0,1,4.0947786605413565,1.5300170167421354,1.9274953046864218,1.5300170167421354,1.9274953046864218,4.094778660541366,2.9767865838346976,7.5522909819699215,3.7408941337190136,1.105180463751401
36200,1.0,2,5.361917378518451,3.2789708796690626,4.078480012683512,1.5438784462323218,1.937093660124648,9.238396164514047,2.9767865838346976,12.719368270871016,3.7341436781606445,1.1166211251603098
36200,1.0,3,7.10308713264117,5.673182441121081,6.996657718734762,1.5372562221517687,1.9294805520295493,16.306190518315717,2.9767865838346976,19.772927292497034,3.7309060546940973,1.12374665724949
36200,1.0,4,9.420335080520497,8.863486382153265,10.86329886992711,1.5318157088890514,1.9449402073418693,25.67036441636988,2.9767865838346976,29.1471203326008,3.7198949811617403,1.127273881758029
36200,1.0,5,12.523005549294828,13.136107082932579,15.971468903326132,1.5248526751583777,1.9138064374993373,38.19192242289587,2.9767865838346976,41.63058153555359,3.721066456446427,1.1332128837319981
36200,1.0,6,16.67765015387216,18.865552347039813,22.795327897235957,1.5224025970401964,1.9312089323099735,54.88491886879782,2.9767865838346976,58.33853039814798,3.700312264078823,1.1368090372105972
36850,0.0,1,4.455403854825349,1.9475594810278627,1.7873013788964518,1.9475594810278627,1.7873013788964518,4.455403854825343,3.222693512004808,8.190264714749658,4.893228349798853,1.0736534762380394
36850,0.0,2,5.854417034822023,4.180831333485877,3.815129898390066,1.9790352209932867,1.8262888117949256,10.045054233909752,3.222693512004808,13.850378266697962,4.90719639729077,1.0961710795902024
36850,0.0,3,7.775801661355497,7.243615123441207,6.548133149484366,1.9827842012776578,1.8080191410414281,17.77674659196198,3.222693512004808,21.567549934281068,4.915234268891357,1.0728591752396384
36850,0.0,4,10.332899871815801,11.328328113677872,10.153079583894787,1.98673483691147,1.7991627917536752,28.028409940723314,3.222693512004808,31.81430756938846,4.915794073704422,1.0639796163443087
36850,0.0,5,13.756408092756367,16.79967168432718,14.949988958258997,1.9859920837726655,1.8015715153845642,41.71850513618531,3.222693512004808,45.50606873534254,4.918790942115174,1.0581548026351117
36850,0.0,6,18.34055428037603,24.133228726733858,21.322998236290402,1.9873804926708631,1.7875153317570132,60.0218854189724,3.222693512004808,63.796781243400275,4.92670130133282,1.0547244381578436
36850,0.15,1,3.9191309155141476,1.9475594810279342,1.7873013788964518,1.9475594810279342,1.7873013788964518,3.9191309155141463,2.8433252195719696,7.653991775438531,4.893228349799011,0.9908781653096449
36850,0.15,2,5.144031987302097,4.18083133348602,3.815129898390066,1.9790352209933522,1.8262888117949256,9.33466918638991,2.8433252195719696,13.139993219178185,4.907196397290918,1.0223571886960305
36850,0.15,3,6.828226490942351,7.243615123441453,6.548133149484366,1.982784201277718,1.8080191410414281,16.82917142154902,2.8433252195719696,20.619974763868164,4.915234268891493,1.007608550623821
36850,0.15,4,9.070652125273634,11.328328113678241,10.153079583894787,1.986734836911526,1.7991627917536752,26.766162194181454,2.8433252195719696,30.55205982284665,4.91579407370455,1.0076463931659105
36850,0.15,5,12.074525843096467,16.799671684327723,14.949988958258997,1.9859920837727163,1.8015715153845642,40.036622886525905,2.8433252195719696,43.82418648568319,4.918790942115292,1.008843045615201
36850,0.15,6,16.098845547518714,24.133228726734604,21.322998236290402,1.9873804926709124,1.7875153317570132,57.780176686115794,2.8433252195719696,61.55507251054371,4.926701301332929,1.012219107128538
36850,1.0,1,3.7467337440617716,1.9475594810279633,1.7873013788964518,1.9475594810279633,1.7873013788964518,3.7467337440617734,2.663847965025395,7.481594603986195,4.893228349799092,1.1046664967814446
36850,1.0,2,4.959620237000832,4.180831333486099,3.815129898390066,1.9790352209933852,1.8262888117949256,9.150257436088673,2.663847965025395,12.955581468876986,4.907196397290994,1.104645113146442
36850,1.0,3,6.6251701137352415,7.243615123441575,6.548133149484366,1.9827842012777486,1.8080191410414281,16.626115044341994,2.663847965025395,20.416918386661173,4.915234268891563,1.0736976243243217
36850,1.0,4,8.852981794892719,11.328328113678428,10.153079583894787,1.9867348369115554,1.7991627917536752,26.548491863800717,2.663847965025395,30.33438949246595,4.915794073704616,1.056673435905405
36850,1.0,5,11.846439124128057,16.799671684327997,14.949988958258997,1.9859920837727447,1.8015715153845642,39.80853616755769,2.663847965025395,43.596099766715,4.918790942115352,1.0497906732893787
36850,1.0,6,15.868167900706789,24.133228726734988,21.322998236290402,1.9873804926709366,1.7875153317570132,57.549499039304195,2.663847965025395,61.32439486373215,4.926701301332985,1.04632338463573
37581,0.0,1,5.009678650005178,1.2739241010225502,1.3539984136084395,1.2739241010225502,1.3539984136084395,5.009678650005178,3.5898297191625725,7.637601164636169,3.097604217140738,1.15310934656844
37581,0.0,2,6.594640451247139,2.702631011097154,2.874934045951196,1.2587140566483346,1.360906698190151,9.552584753457001,3.5898297191625725,12.172205508295487,3.0777870340130513,1.1375956382169476
37581,0.0,3,8.765394189620253,4.661795087031347,4.939926513217889,1.2510395523341553,1.3535179831317,15.76255825440363,3.5898297191625725,18.367115789869484,3.050604410889613,1.0954530656010482
37581,0.0,4,11.658593835253543,7.264110637580999,7.66410587327309,1.2394011542919645,1.3430381776055818,24.004371014210093,3.5898297191625725,26.586810346107647,3.01492227672001,1.0747119745496054
37581,0.0,5,15.534658920342391,10.741423008622066,11.314719781109352,1.2243497502171714,1.364579523729957,35.001872436126675,3.5898297191625725,37.5908017100738,2.997255673752016,1.0675162011926427
37581,0.0,6,20.728412640615826,15.400424232687213,16.160724429528873,1.2167114056585286,1.3503816459942108,49.72246825117917,3.5898297191625725,52.28956130283191,2.9831839679255334,1.063339823980853
37581,0.15,1,3.9590400195899345,1.2739241010224418,1.3539984136084395,1.2739241010224418,1.3539984136084395,3.9590400195899362,2.8428399928367876,6.586962534220817,3.0976042171404936,0.8968146315526141
37581,0.15,2,5.205184929455119,2.7026310110969294,2.874934045951196,1.258714056648235,1.360906698190151,8.163129231664858,2.8428399928367876,10.782749986503244,3.077787034012823,0.9145316721939274
37581,0.15,3,6.912940422384625,4.6617950870309635,4.939926513217889,1.251039552334061,1.3535179831317,13.910104487167716,2.8428399928367876,16.514662022633477,3.050604410889402,0.9020808495858004
37581,0.15,4,9.18929605805895,7.264110637580424,7.66410587327309,1.2394011542918764,1.3430381776055818,21.535073237015013,2.8428399928367876,24.117512568912474,3.014922276719814,0.904180160852739
37581,0.15,5,12.239756772996893,10.74142300862123,11.314719781109352,1.2243497502170915,1.364579523729957,31.70697028878042,2.8428399928367876,34.29589956272747,2.9972556737518334,0.917827025036637
37581,0.15,6,16.32826568760357,15.400424232686047,16.160724429528873,1.2167114056584556,1.3503816459942108,45.322321298165825,2.8428399928367876,47.88941434981849,2.983183967925364,0.9286831368527345
37581,1.0,1,4.292577239218043,1.2739241010225095,1.3539984136084395,1.2739241010225095,1.3539984136084395,4.29257723921803,3.1069402658093503,6.920499753848985,3.0976042171406597,0.8495298280603675
37581,1.0,2,5.673046275540795,2.702631011097078,2.874934045951196,1.258714056648303,1.360906698190151,8.630990577750618,3.1069402658093503,11.250611332589074,3.0777870340129776,0.8542377430118031
37581,1.0,3,7.579556479171276,4.66179508703122,4.939926513217889,1.2510395523341244,1.3535179831317,14.576720543954533,3.1069402658093503,17.18127807942036,3.0506044108895454,0.8547102385651222
37581,1.0,4,10.120880838476012,7.264110637580812,7.66410587327309,1.2394011542919354,1.3430381776055818,22.466658017432422,3.1069402658093503,25.04909734932994,3.014922276719947,0.8571421019751964
37581,1.0,5,13.529733793241574,10.741423008621783,11.314719781109352,1.224349750217146,1.364579523729957,32.99694730902561,3.1069402658093503,35.58587658297271,2.9972556737519565,0.874476504470637
37581,1.0,6,18.101417958854977,15.400424232686829,16.160724429528873,1.216711405658505,1.3503816459942108,47.09547356941795,3.1069402658093503,49.66256662107066,2.983183967925479,0.8871141658597133
38230,0.0,1,5.504430188766144,1.4726373744352104,1.9541990276507784,1.4726373744352104,1.9541990276507784,5.504430188766146,3.9774752014858197,8.931266590852136,3.6273887649974275,1.3681418372769945
38230,0.0,2,7.2356836934741775,3.140964025986813,4.13620439569392,1.4732682574935867,1.9635762929344671,11.076007564726856,3.9774752014858197,14.512852115154907,3.663596787561772,1.358878960393518
38230,0.0,3,9.61361029481736,5.445468498940356,7.11285962183514,1.4866383438805695,1.9726092530490784,18.712690818663205,3.9774752014858197,22.17193841559285,3.7054751845939204,1.313705993824285
38230,0.0,4,12.780548072309289,8.528760509725528,11.01553576926411,1.501429306181115,1.949603283825329,28.873811761292476,3.9774752014858197,32.32484435129892,3.7201220880183437,1.289413957317464
38230,0.0,5,17.022731822180766,12.664122463793708,16.17413338990792,1.5075431997820055,1.913579003995702,42.43986547210467,3.9774752014858197,45.86098767588238,3.7476714486452183,1.26642746500472
38230,0.0,6,22.705811254675925,18.21511095940232,23.10128920121533,1.517108220590188,1.9681811481579872,60.536922046545385,3.9774752014858197,64.02221141529355,3.8128737779875324,1.2418112622289035
38230,0.15,1,4.368390733490804,1.4726373744352081,1.9541990276507784,1.4726373744352081,1.9541990276507784,4.368390733490802,3.169244200250649,7.795227135576788,3.627388764997423,1.1398345937031176
38230,0.15,2,5.733556189507457,3.1409640259868117,4.13620439569392,1.4732682574935843,1.9635762929344671,9.573880060760136,3.169244200250649,13.010724611188188,3.663596787561767,1.1620411347689774
38230,0.15,3,7.608124625614435,5.4454684989403495,7.11285962183514,1.4866383438805681,1.9726092530490784,16.707205149460282,3.169244200250649,20.16645274638993,3.7054751845939164,1.149662673339174
38230,0.15,4,10.1048472935772,8.528760509725517,11.01553576926411,1.5014293061811144,1.949603283825329,26.19811098256038,3.169244200250649,29.64914357256682,3.7201220880183405,1.152383068555538
38230,0.15,5,13.44944658624861,12.664122463793671,16.17413338990792,1.5075431997820046,1.913579003995702,38.8665802361725,3.169244200250649,42.28770243995021,3.7476714486452147,1.1523282896312417
38230,0.15,6,17.930873920166,18.21511095940229,23.10128920121533,1.5171082205901854,1.9681811481579872,55.76198471203543,3.169244200250649,59.2472740807836,3.8128737779875292,1.1448884460891005
38230,1.0,1,4.408083134375623,1.4726373744351757,1.9541990276507784,1.4726373744351757,1.9541990276507784,4.40808313437564,3.191387498761802,7.834919536461587,3.627388764997334,1.1232004969556002
38230,1.0,2,5.796666922907642,3.140964025986728,4.13620439569392,1.4732682574935465,1.9635762929344671,9.636990794160244,3.191387498761802,13.073835344588257,3.6635967875616844,1.1494728308449627
38230,1.0,3,7.70711775055928,5.445468498940214,7.11285962183514,1.4866383438805337,1.9726092530490784,16.80619827440499,3.191387498761802,20.265445871334606,3.7054751845938396,1.1425179800847962
38230,1.0,4,10.253721300011874,8.52876050972531,11.01553576926411,1.5014293061810824,1.949603283825329,26.346984988994862,3.191387498761802,29.79801757900128,3.720122088018269,1.1429148718172764
38230,1.0,5,13.668253879531667,12.664122463793367,16.17413338990792,1.5075431997819744,1.913579003995702,39.08538752945523,3.191387498761802,42.50650973323292,3.747671448645149,1.1425321268026978
38230,1.0,6,18.24662728516442,18.21511095940187,23.10128920121533,1.5171082205901594,1.9681811481579872,56.077738077033544,3.191387498761802,59.563027445781685,3.812873777987467,1.1371620799494806
38961,0.0,1,4.576809774398859,0.718987536110562,2.23382512678734,0.718987536110562,2.23382512678734,4.5768097743988605,3.295081216085367,7.52962243729676,1.9188586360759858,1.2384022315036203
38961,0.0,2,6.019222907397919,1.5690330909025108,4.706259368600364,0.7591602194224016,2.2152452027794634,9.320109944698924,3.295081216085367,12.294515366900793,1.9701047525371371,1.2490347629994076
38961,0.0,3,7.9986673573093965,2.7481473621768266,8.073382880735146,0.7825060002028699,2.206420058251433,15.831271541767062,3.295081216085367,18.820197600221366,2.030577234412277,1.2284720040284745
38961,0.0,4,10.636874869525839,4.339059382737603,12.493490759826244,0.8073466272297701,2.1751655163564747,24.486912868503445,3.295081216085367,27.469425012089694,2.10660304230608,1.217725146734041
38961,0.0,5,14.172991859140952,6.4958335854143625,18.356847962121904,0.83915063341728,2.1463755764989623,36.040147196760955,3.295081216085367,39.025673406677186,2.181593845091438,1.2108941414581569
38961,0.0,6,18.913454851140344,9.408842217101746,26.16459198391439,0.8697263167794662,2.135557323054279,51.48160541232273,3.295081216085367,54.48688905215647,2.2346194741549814,1.211811392322718
38961,0.15,1,5.190880370512039,0.7189875361107178,2.23382512678734,0.7189875361107178,2.23382512678734,5.190880370512037,3.7125654872837117,8.143693033410091,1.918858636076334,1.5178807936689793
38961,0.15,2,6.839012936670311,1.5690330909028298,4.706259368600364,0.7591602194225439,2.2152452027794634,10.139899973971495,3.7125654872837117,13.114305396173505,1.9701047525374626,1.5000669176336527
38961,0.15,3,9.098464739512124,2.748147362177363,8.073382880735146,0.7825060002030029,2.206420058251433,16.9310689239702,3.7125654872837117,19.91999498242464,2.030577234412581,1.4638458334516726
38961,0.15,4,12.11395070054725,4.339059382738427,12.493490759826244,0.8073466272298943,2.1751655163564747,25.96398869952554,3.7125654872837117,28.94650084311191,2.1066030423063618,1.4373328456392647
38961,0.15,5,16.15891862017584,6.49583358541555,18.356847962121904,0.8391506334173945,2.1463755764989623,38.02607395779691,3.7125654872837117,41.01160016771327,2.1815938450916965,1.4122549240291815
38961,0.15,6,21.585461852772593,9.408842217103428,26.16459198391439,0.8697263167795724,2.135557323054279,54.15361241395657,3.7125654872837117,57.15889605379043,2.234619474155221,1.3971661138471096
38961,1.0,1,5.554374594536218,0.7189875361105463,2.23382512678734,0.7189875361105463,2.23382512678734,5.554374594536206,3.9666692506087498,8.50718725743409,1.9188586360759499,1.6014343132976658
38961,1.0,2,7.283350793670251,1.5690330909024799,4.706259368600364,0.7591602194223881,2.2152452027794634,10.584237830971233,3.9666692506087498,13.558643253173082,1.9701047525371052,1.5657966263472767
38961,1.0,3,9.647582851446215,2.7481473621767734,8.073382880735146,0.7825060002028577,2.206420058251433,17.4801870359038,3.9666692506087498,20.469113094358093,2.030577234412249,1.5253288721125013
38961,1.0,4,12.802605874068723,4.339059382737524,12.493490759826244,0.8073466272297589,2.1751655163564747,26.652643873046234,3.9666692506087498,29.63515601663247,2.106603042306053,1.4931734589790475
38961,1.0,5,17.033215054315413,6.495833585414248,18.356847962121904,0.8391506334172686,2.1463755764989623,38.90037039193534,3.9666692506087498,41.88589660185158,2.1815938450914114,1.4609474134554272
38961,1.0,6,22.706973067972026,9.408842217101588,26.16459198391439,0.869726316779456,2.135557323054279,55.27512362915419,3.9666692506087498,58.28040726898793,2.2346194741549565,1.439593890137595
39611,0.0,1,4.886604816657538,1.1591261753176447,1.4190673975087154,1.1591261753176447,1.4190673975087154,4.886604816657539,3.519433112314454,7.464798389483899,2.818664247977501,1.186191020838465
39611,0.0,2,6.4203052485222285,2.4673732588369304,3.0238338157913147,1.1532739354025556,1.4376959184469,9.320542469301012,3.519433112314454,11.911512323150468,2.807528198965835,1.1942450750653277
39611,0.0,3,8.522623696000704,4.261072214354802,5.193824868833736,1.1477652620135828,1.4247695908731526,15.404985926302514,3.519433112314454,17.97752077918925,2.7900277561475293,1.1723678441773095
39611,0.0,4,11.322015605398791,6.646917051860617,8.066254169139924,1.140187239641201,1.421323915752826,23.473675671005296,3.519433112314454,26.035186826399322,2.7612322665540807,1.1646154118885075
39611,0.0,5,15.070629384813865,9.835947404083788,11.878538981727594,1.1276850041812527,1.409776347819667,34.24765441862433,3.519433112314454,36.78511577062525,2.7482749474717596,1.1675173045002922
39611,0.0,6,20.091340445301235,14.110256173248894,16.980466651235602,1.1219827862058223,1.428118196151069,48.63196228742882,3.519433112314454,51.182063269785715,2.7463941107392804,1.175968533904505
39611,0.15,1,4.268852175883823,1.1591261753175415,1.4190673975087154,1.1591261753175415,1.4190673975087154,4.268852175883822,3.071014607305797,6.847045748710078,2.8186642479772708,1.0236836549533954
39611,0.15,2,5.607823764001613,2.467373258836721,3.0238338157913147,1.1532739354024617,1.4376959184469,8.508060984780283,3.071014607305797,11.099030838629645,2.8075281989656204,1.0471282825099837
39611,0.15,3,7.441899372920616,4.261072214354448,5.193824868833736,1.1477652620134942,1.4247695908731526,14.324261603222165,3.071014607305797,16.896796456108813,2.790027756147331,1.0418082979514338
39611,0.15,4,9.88478851790207,6.646917051860081,8.066254169139924,1.1401872396411197,1.421323915752826,22.036448583508125,3.071014607305797,24.597959738902073,2.7612322665538964,1.0483400335413038
39611,0.15,5,13.156382299937267,9.835947404083004,11.878538981727594,1.1276850041811757,1.409776347819667,32.33340733374702,3.071014607305797,34.87086868574786,2.7482749474715886,1.0644910891247483
39611,0.15,6,17.538826366485328,14.110256173247773,16.980466651235602,1.1219827862057523,1.428118196151069,46.07944820861185,3.071014607305797,48.629549190968675,2.746394110739122,1.082329647307904
39611,1.0,1,4.293997665816503,1.1591261753176183,1.4190673975087154,1.1591261753176183,1.4190673975087154,4.293997665816493,3.0641170547691283,6.87219123864282,2.8186642479774293,0.9002783858203283
39611,1.0,2,5.669637924806402,2.4673732588368638,3.0238338157913147,1.153273935402527,1.4376959184469,8.569875145585144,3.0641170547691283,11.160844999434572,2.8075281989657688,0.9229385748653585
39611,1.0,3,7.551912180043064,4.261072214354693,5.193824868833736,1.1477652620135548,1.4247695908731526,14.434274410344802,3.0641170547691283,17.00680926323151,2.790027756147468,0.938398610516532
39611,1.0,4,10.068838925189583,6.646917051860456,8.066254169139924,1.1401872396411763,1.421323915752826,22.220498990796017,3.0641170547691283,24.782010146190018,2.761232266554024,0.9533354159510694
39611,1.0,5,13.447267636080149,9.835947404083537,11.878538981727594,1.1276850041812287,1.409776347819667,32.62429266989042,3.0641170547691283,35.161754021891326,2.7482749474717068,0.9787073604342724
39611,1.0,6,17.98270268149494,14.110256173248535,16.980466651235602,1.1219827862058,1.428118196151069,46.52332452362217,3.0641170547691283,49.07342550597904,2.7463941107392316,1.0021674065659179
40342,0.0,1,4.295495564374559,1.8767145279003759,2.342735545218627,1.8767145279003759,2.342735545218627,4.295495564374561,3.0880378145103906,8.514945637493568,4.706504392010595,1.1587461932157448
40342,0.0,2,5.6510546833255395,4.025552480525069,4.956404617568558,1.9023696973123256,2.349908584837189,10.380733499269656,3.0880378145103906,14.633011781419167,4.7315761438233785,1.184027378517128
40342,0.0,3,7.5111256001288,6.9796909253549,8.514635200713613,1.9115092089728345,2.3496467281622864,18.7442957890622,3.0880378145103906,23.005451726197318,4.770047325108525,1.151537588461754
40342,0.0,4,9.990880736125758,10.931183475086765,13.211948341521039,1.9270255208833202,2.350851123227034,29.8561359086232,3.0880378145103906,34.13401255273355,4.824065927178932,1.1432429991782338
40342,0.0,5,13.314774206117086,16.2461516619096,19.453640678224744,1.9494065537626937,2.344153057841308,44.72100693464743,3.0880378145103906,49.01456654625143,4.882298057677437,1.136769594237672
40342,0.0,6,17.770596760264162,23.389088089247796,27.747488725036852,1.972458880685717,2.326893051126582,64.60782164273652,3.0880378145103906,68.90717357454882,4.910050552146437,1.1451926435380089
40342,0.15,1,4.102926732753945,1.8767145279003958,2.342735545218627,1.8767145279003958,2.342735545218627,4.102926732753942,2.971869105233892,8.322376805872965,4.706504392010634,1.1310598801955858
40342,0.15,2,5.388993269285297,4.02555248052511,4.956404617568558,1.9023696973123418,2.349908584837189,10.118672085229433,2.971869105233892,14.37095036737896,4.731576143823416,1.1603733461989723
40342,0.15,3,7.157279883127287,6.979690925354968,8.514635200713613,1.9115092089728487,2.3496467281622864,18.390450072060734,2.971869105233892,22.65160600919587,4.7700473251085596,1.1318809959874974
40342,0.15,4,9.513398511577345,10.931183475086868,13.211948341521039,1.9270255208833338,2.350851123227034,29.378653684074877,2.971869105233892,33.65653032818524,4.824065927178963,1.13034105388599
40342,0.15,5,12.671147603017836,16.246151661909735,19.453640678224744,1.9494065537627059,2.344153057841308,44.077380331548305,2.971869105233892,48.370939943152315,4.882298057677466,1.1246889609437252
40342,0.15,6,16.903533381043736,23.389088089248,27.747488725036852,1.9724588806857286,2.326893051126582,63.74075826351629,2.971869105233892,68.0401101953286,4.910050552146465,1.1353435936856635
40342,1.0,1,3.7473328646175257,1.8767145279002648,2.342735545218627,1.8767145279002648,2.342735545218627,3.747332864617507,2.765030267833665,7.966782937736397,4.706504392010334,1.1948332860430109
40342,1.0,2,4.915080967738271,4.0255524805248335,4.956404617568558,1.902369697312217,2.349908584837189,9.644759783682241,2.765030267833665,13.897038065831648,4.731576143823137,1.2051079544808365
40342,1.0,3,6.5301267646759165,6.979690925354504,8.514635200713613,1.9115092089727346,2.3496467281622864,17.763296953609,2.765030267833665,22.02445289074402,4.770047325108301,1.1640649332653608
40342,1.0,4,8.682414378599283,10.93118347508616,13.211948341521039,1.9270255208832272,2.350851123227034,28.547669551096163,2.765030267833665,32.82554619520643,4.824065927178722,1.1581007767021991
40342,1.0,5,11.568756954302454,16.246151661908694,19.453640678224744,1.9494065537626089,2.344153057841308,42.97498968283204,2.765030267833665,47.26854929443596,4.882298057677243,1.1449064636305222
40342,1.0,6,15.438906341370059,23.389088089246542,27.747488725036852,1.9724588806856378,2.326893051126582,62.276131223841254,2.765030267833665,66.57548315565347,4.910050552146258,1.1481577120111748
40992,0.0,1,5.7524288674481925,0.61922675284681,1.3691566193955056,0.61922675284681,1.3691566193955056,5.75242886744819,4.1504715729711155,7.740812239690506,1.689082660070099,1.4125380169954136
40992,0.0,2,7.5677375818449395,1.3710523197779005,2.9145180620153086,0.6714567484928118,1.384380248504368,9.797470966640965,4.1504715729711155,11.853307963638148,1.788159543276421,1.3771045792455725
40992,0.0,3,10.061269637279635,2.431797747145975,5.029438660814226,0.7125645989984439,1.3956097718452505,15.414331674396148,4.1504715729711155,17.522506045239844,1.8861320155651815,1.3119463579727082
40992,0.0,4,13.384298401221713,3.880707132545719,7.779389333014459,0.753617262073504,1.3477906973712852,22.942986907337104,4.1504715729711155,25.044394866781893,1.9677796828152756,1.2631436512035408
40992,0.0,5,17.838441491803408,5.849223967116989,11.438534039218252,0.7871116794995091,1.3366349391059447,33.002452879533195,4.1504715729711155,35.12619949813865,2.0483287552946323,1.2222929876149322
40992,0.0,6,23.80966776917146,8.516307209609247,16.33438611060405,0.820142830522912,1.3553524916304511,46.48486576723141,4.1504715729711155,48.66036108938478,2.1371567462689267,1.1905019655997109
40992,0.15,1,5.304277528461746,0.6192267528468561,1.3691566193955056,0.6192267528468561,1.3691566193955056,5.304277528461743,3.8269313515558405,7.292660900704105,1.6890826600701998,1.3505387654562422
40992,0.15,2,6.970672617357589,1.3710523197779947,2.9145180620153086,0.6714567484928542,1.384380248504368,9.200406002153677,3.8269313515558405,11.2562429991509,1.7881595432765152,1.3300383654327637
40992,0.15,3,9.257172296576377,2.431797747146134,5.029438660814226,0.7125645989984831,1.3956097718452505,14.610234333692999,3.8269313515558405,16.71840870453673,1.8861320155652685,1.2786007469174034
40992,0.15,4,12.303329894532881,3.880707132545961,7.779389333014459,0.7536172620735396,1.3477906973712852,21.862018400648473,3.8269313515558405,23.963426360093294,1.9677796828153569,1.239367212346062
40992,0.15,5,16.384696126126528,5.8492239671173545,11.438534039218252,0.7871116794995439,1.3366349391059447,31.54870751385662,3.8269313515558405,33.67245413246211,2.0483287552947074,1.2073858083099538
40992,0.15,6,21.85422455626158,8.516307209609753,16.33438611060405,0.8201428305229433,1.3553524916304511,44.52942255432198,3.8269313515558405,46.70491787647538,2.137156746268997,1.1816126012314956
40992,1.0,1,5.167756870471273,0.6192267528466028,1.3691566193955056,0.6192267528466028,1.3691566193955056,5.167756870471246,3.7044308470062566,7.156140242713358,1.68908266006964,1.4185451684225574
40992,1.0,2,6.812619133599129,1.3710523197774824,2.9145180620153086,0.6714567484926259,1.384380248504368,9.042352518394928,3.7044308470062566,11.098189515391923,1.788159543275993,1.3789243940408396
40992,1.0,3,9.070078306715,2.431797747145272,5.029438660814226,0.7125645989982695,1.3956097718452505,14.423140343830969,3.7044308470062566,16.531314714674487,1.886132015564785,1.3223493787134661
40992,1.0,4,12.085952215238045,3.8807071325446487,7.779389333014459,0.7536172620733423,1.3477906973712852,21.64464072135246,3.7044308470062566,23.746048680797088,1.9677796828149077,1.273249365203187
40992,1.0,5,16.13422352344697,5.849223967115441,11.438534039218252,0.7871116794993598,1.3366349391059447,31.298234911175378,3.7044308470062566,33.42198152978068,2.0483287552942913,1.2321900328252586
40992,1.0,6,21.568567103816427,8.516307209607067,16.33438611060405,0.820142830522773,1.3553524916304511,44.2437651018744,3.7044308470062566,46.41926042402763,2.13715674626861,1.2008261328571055
41723,0.0,1,4.476080427175512,2.1791630909566364,1.8165318418255194,2.1791630909566364,1.8165318418255194,4.476080427175511,3.229296740007882,8.471775359957668,5.4386343825069705,1.078363632440958
41723,0.0,2,5.8753674931079205,4.628942520492878,3.8446794465289087,2.17093915602971,1.823576139982033,10.354474164117962,3.229296740007882,14.348989460129708,5.379427340606316,1.0932259971660632
41723,0.0,3,7.793486652245056,7.968565031599042,6.548290958347004,2.1501643484455593,1.7690836402946295,18.391094653450907,3.229296740007882,22.3103426421911,5.326235732339089,1.0583130538639614
41723,0.0,4,10.348825140824045,12.395249687498055,10.156738246083519,2.1299126903727004,1.7944203516963053,28.976480032336625,3.229296740007882,32.900813074405626,5.285764004096354,1.0404117736379501
41723,0.0,5,13.771573730763851,18.30919135670091,14.945339676135681,2.11583711034659,1.79486290372663,43.115404749527215,3.229296740007882,47.02610476360043,5.250049571412357,1.0310545369468642
41723,0.0,6,18.356997051030806,26.21658968090737,21.32448565028469,2.1031204420587453,1.7952394094311797,61.99971253073292,3.229296740007882,65.89807238222284,5.224092172047227,1.0255786437422247
41723,0.15,1,3.8065260770356164,2.179163090956562,1.8165318418255194,2.179163090956562,1.8165318418255194,3.806526077035615,2.7362422600313536,7.802221009817699,5.438634382506808,0.9610636434946658
41723,0.15,2,5.00741234227133,4.628942520492736,3.8446794465289087,2.1709391560296463,1.823576139982033,9.48651901328129,2.7362422600313536,13.48103430929297,5.379427340606165,0.9965180279562335
41723,0.15,3,6.653917514563736,7.968565031598793,6.548290958347004,2.150164348445498,1.7690836402946295,17.2515255157694,2.7362422600313536,21.170773504509533,5.32623573233895,0.9831181120552064
41723,0.15,4,8.850259277051906,12.395249687497675,10.156738246083519,2.1299126903726444,1.7944203516963053,27.477914168564155,2.7362422600313536,31.402247210633107,5.285764004096224,0.9816922271582159
41723,0.15,5,11.795009724897282,18.309191356700357,14.945339676135681,2.1158371103465368,1.79486290372663,41.138840743660154,2.7362422600313536,45.049540757733325,5.250049571412236,0.9846082653738627
41723,0.15,6,15.743744301931942,26.216589680906562,21.32448565028469,2.1031204420586955,1.7952394094311797,59.386459781633306,2.7362422600313536,63.28481963312319,5.224092172047117,0.9887646019194144
41723,1.0,1,4.090372346469174,2.1791630909566466,1.8165318418255194,2.1791630909566466,1.8165318418255194,4.090372346469187,3.003349771999531,8.086067279251347,5.438634382506979,1.1584587331017573
41723,1.0,2,5.349167234220347,4.628942520492888,3.8446794465289087,2.170939156029715,1.823576139982033,9.828273905230372,3.003349771999531,13.822789201242118,5.379427340606325,1.1461349155354297
41723,1.0,3,7.082722821235102,7.968565031599056,6.548290958347004,2.1501643484455624,1.7690836402946295,17.680330822440926,3.003349771999531,21.59957881118112,5.326235732339098,1.1044418402330378
41723,1.0,4,9.39208043390862,12.395249687498072,10.156738246083519,2.1299126903727053,1.7944203516963053,28.019735325421177,3.003349771999531,31.944068367490182,5.285764004096362,1.078375165374161
41723,1.0,5,12.487111123464585,18.309191356700953,14.945339676135681,2.115837110346594,1.79486290372663,41.83094214222792,3.003349771999531,45.74164215630114,5.250049571412364,1.0647200942068684
41723,1.0,6,16.635451230781566,26.216589680907383,21.32448565028469,2.1031204420587506,1.7952394094311797,60.27816671048365,3.003349771999531,64.17652656197359,5.224092172047234,1.0558634149170365
