split,origin,model,N,label,eligible,current_active,day,probability,complete_seconds,timing_source,calibrated_probability,alarm_threshold,calibrated_alarm_threshold
validation,31409,location_repair,256,0,True,False,2017-04-20,0.0,0.3402977910009213,,4.9044930666362955e-08,0.05078125000000001,0.011912803818873805
validation,31490,location_repair,256,0,True,False,2017-04-20,0.07421875,0.042824016003578436,,0.021179337512505527,0.05078125000000001,0.011912803818873805
validation,31571,location_repair,256,1,True,True,2017-04-20,0.66796875,0.04089638000004925,,0.6955370559993403,0.05078125000000001,0.011912803818873805
validation,31652,location_repair,256,0,True,False,2017-04-20,0.0,0.04422312299720943,,4.9044930666362955e-08,0.05078125000000001,0.011912803818873805
validation,31733,location_repair,256,0,True,False,2017-04-21,0.0,0.04008246999728726,,4.9044930666362955e-08,0.05078125000000001,0.011912803818873805
validation,31815,location_repair,256,0,True,False,2017-04-21,0.0,0.043325243997969665,,4.9044930666362955e-08,0.05078125000000001,0.011912803818873805
validation,31896,location_repair,256,0,True,False,2017-04-21,0.0,0.042739089993119705,,4.9044930666362955e-08,0.05078125000000001,0.011912803818873805
validation,31977,location_repair,256,0,True,False,2017-04-22,0.0,0.042955618002451956,,4.9044930666362955e-08,0.05078125000000001,0.011912803818873805
validation,32058,location_repair,256,0,True,False,2017-04-22,0.0,0.041888746003678534,,4.9044930666362955e-08,0.05078125000000001,0.011912803818873805
validation,32139,location_repair,256,0,True,False,2017-04-22,0.0,0.041694125000503846,,4.9044930666362955e-08,0.05078125000000001,0.011912803818873805
validation,32221,location_repair,256,0,True,False,2017-04-22,0.0,0.04544799999712268,,4.9044930666362955e-08,0.05078125000000001,0.011912803818873805
validation,32302,location_repair,256,0,True,False,2017-04-23,0.0,0.041719177999766544,,4.9044930666362955e-08,0.05078125000000001,0.011912803818873805
validation,32383,location_repair,256,0,True,False,2017-04-23,0.00390625,0.042399513004056644,,0.0002755702102808916,0.05078125000000001,0.011912803818873805
validation,32464,location_repair,256,0,True,False,2017-04-23,0.0,0.042152787995291874,,4.9044930666362955e-08,0.05078125000000001,0.011912803818873805
validation,32545,location_repair,256,0,True,False,2017-04-24,0.0,0.04184583500318695,,4.9044930666362955e-08,0.05078125000000001,0.011912803818873805
validation,32627,location_repair,256,0,True,False,2017-04-24,0.46875,0.0450565990031464,,0.40962824417803145,0.05078125000000001,0.011912803818873805
validation,32708,location_repair,256,0,True,False,2017-04-24,0.0,0.044473467001807876,,4.9044930666362955e-08,0.05078125000000001,0.011912803818873805
validation,32789,location_repair,256,0,True,False,2017-04-24,0.0,0.04435490200557979,,4.9044930666362955e-08,0.05078125000000001,0.011912803818873805
validation,32870,location_repair,256,0,True,False,2017-04-25,0.0,0.04316190999816172,,4.9044930666362955e-08,0.05078125000000001,0.011912803818873805
validation,32952,location_repair,256,0,True,False,2017-04-25,0.0,0.04137880800408311,,4.9044930666362955e-08,0.05078125000000001,0.011912803818873805
validation,33033,location_repair,256,1,True,True,2017-04-25,0.95703125,0.044299074994341936,,0.9866457285487386,0.05078125000000001,0.011912803818873805
validation,33114,location_repair,256,0,True,False,2017-04-26,0.0,0.04242278900346719,,4.9044930666362955e-08,0.05078125000000001,0.011912803818873805
validation,33195,location_repair,256,1,True,False,2017-04-26,0.0703125,0.04394948900153395,,0.01950123669560257,0.05078125000000001,0.011912803818873805
validation,33276,location_repair,256,0,True,False,2017-04-26,0.0,0.04300278399750823,,4.9044930666362955e-08,0.05078125000000001,0.011912803818873805
validation,33358,location_repair,256,0,True,False,2017-04-26,0.0,0.042724983002699446,,4.9044930666362955e-08,0.05078125000000001,0.011912803818873805
validation,33439,location_repair,256,0,True,False,2017-04-27,0.0,0.040366553999774624,,4.9044930666362955e-08,0.05078125000000001,0.011912803818873805
validation,33520,location_repair,256,0,True,False,2017-04-27,0.0,0.045439971996529493,,4.9044930666362955e-08,0.05078125000000001,0.011912803818873805
validation,33601,location_repair,256,1,True,True,2017-04-27,0.94140625,0.04086875999928452,,0.978756572680031,0.05078125000000001,0.011912803818873805
validation,33682,location_repair,256,0,True,False,2017-04-27,0.0,0.04169208299572347,,4.9044930666362955e-08,0.05078125000000001,0.011912803818873805
validation,33764,location_repair,256,0,True,False,2017-04-28,0.046875,0.04271275100472849,,0.010562516302141558,0.05078125000000001,0.011912803818873805
validation,33845,location_repair,256,0,True,False,2017-04-28,0.0,0.04312279100122396,,4.9044930666362955e-08,0.05078125000000001,0.011912803818873805
validation,33926,location_repair,256,0,True,False,2017-04-28,0.0,0.04241451699635945,,4.9044930666362955e-08,0.05078125000000001,0.011912803818873805
validation,34007,location_repair,256,0,True,False,2017-04-29,0.0,0.040784065997286234,,4.9044930666362955e-08,0.05078125000000001,0.011912803818873805
validation,34089,location_repair,256,0,True,False,2017-04-29,0.00390625,0.04377952699724119,,0.0002755702102808916,0.05078125000000001,0.011912803818873805
validation,34170,location_repair,256,0,True,False,2017-04-29,0.0,0.04192680000414839,,4.9044930666362955e-08,0.05078125000000001,0.011912803818873805
validation,34251,location_repair,256,0,True,False,2017-04-29,0.0,0.04104020700469846,,4.9044930666362955e-08,0.05078125000000001,0.011912803818873805
validation,34332,location_repair,256,0,True,False,2017-04-30,0.0,0.04248059000383364,,4.9044930666362955e-08,0.05078125000000001,0.011912803818873805
validation,34413,location_repair,256,0,True,False,2017-04-30,0.00390625,0.04159387199615594,,0.0002755702102808916,0.05078125000000001,0.011912803818873805
validation,34495,location_repair,256,0,True,False,2017-04-30,0.0,0.043064694000349846,,4.9044930666362955e-08,0.05078125000000001,0.011912803818873805
validation,34576,location_repair,256,0,True,False,2017-05-01,0.0,0.04178616099670762,,4.9044930666362955e-08,0.05078125000000001,0.011912803818873805
validation,34657,location_repair,256,1,True,True,2017-05-01,0.7890625,0.04142529900127556,,0.8485092835569259,0.05078125000000001,0.011912803818873805
validation,34738,location_repair,256,0,True,False,2017-05-01,0.12109375,0.041703997005242854,,0.0452010293110819,0.05078125000000001,0.011912803818873805
validation,34819,location_repair,256,0,True,False,2017-05-01,0.0,0.04003922900301404,,4.9044930666362955e-08,0.05078125000000001,0.011912803818873805
validation,34901,location_repair,256,0,True,False,2017-05-02,0.0,0.043949658997007646,,4.9044930666362955e-08,0.05078125000000001,0.011912803818873805
validation,34982,location_repair,256,0,True,False,2017-05-02,0.0,0.04150914699857822,,4.9044930666362955e-08,0.05078125000000001,0.011912803818873805
validation,35063,location_repair,256,0,True,False,2017-05-02,0.01953125,0.04262352099613054,,0.0028816094507184815,0.05078125000000001,0.011912803818873805
validation,35144,location_repair,256,0,True,False,2017-05-03,0.0,0.044908988995302934,,4.9044930666362955e-08,0.05078125000000001,0.011912803818873805
validation,35225,location_repair,256,1,True,True,2017-05-03,0.98046875,0.0424768880038755,,0.9958374284217808,0.05078125000000001,0.011912803818873805
validation,35307,location_repair,256,1,True,False,2017-05-03,0.14453125,0.0425511510038632,,0.0597775972160802,0.05078125000000001,0.011912803818873805
validation,35388,location_repair,256,0,True,False,2017-05-03,0.0,0.04336288299964508,,4.9044930666362955e-08,0.05078125000000001,0.011912803818873805
validation,35469,location_repair,256,0,True,False,2017-05-04,0.0,0.04218591900280444,,4.9044930666362955e-08,0.05078125000000001,0.011912803818873805
validation,35550,location_repair,256,0,True,False,2017-05-04,0.0,0.04383140099525917,,4.9044930666362955e-08,0.05078125000000001,0.011912803818873805
validation,35632,location_repair,256,1,True,True,2017-05-04,0.796875,0.04127854800026398,,0.8571439830026841,0.05078125000000001,0.011912803818873805
validation,35713,location_repair,256,0,True,False,2017-05-05,0.0,0.04359859000396682,,4.9044930666362955e-08,0.05078125000000001,0.011912803818873805
validation,35794,location_repair,256,0,True,False,2017-05-05,0.0625,0.040765414996712934,,0.016302822782451508,0.05078125000000001,0.011912803818873805
validation,35875,location_repair,256,0,True,False,2017-05-05,0.0,0.041303271005745046,,4.9044930666362955e-08,0.05078125000000001,0.011912803818873805
validation,35956,location_repair,256,0,True,False,2017-05-05,0.0,0.0435069619998103,,4.9044930666362955e-08,0.05078125000000001,0.011912803818873805
validation,36038,location_repair,256,0,True,False,2017-05-06,0.0,0.0425765300024068,,4.9044930666362955e-08,0.05078125000000001,0.011912803818873805
validation,36119,location_repair,256,0,True,False,2017-05-06,0.0,0.04070438800408738,,4.9044930666362955e-08,0.05078125000000001,0.011912803818873805
validation,36200,location_repair,256,0,True,False,2017-05-06,0.0,0.04034182900068117,,4.9044930666362955e-08,0.05078125000000001,0.011912803818873805
validation,36281,location_repair,256,0,True,False,2017-05-07,0.0,0.04481929999747081,,4.9044930666362955e-08,0.05078125000000001,0.011912803818873805
validation,36362,location_repair,256,0,True,False,2017-05-07,0.0,0.04334733699943172,,4.9044930666362955e-08,0.05078125000000001,0.011912803818873805
validation,36444,location_repair,256,0,True,False,2017-05-07,0.0,0.04080899400287308,,4.9044930666362955e-08,0.05078125000000001,0.011912803818873805
validation,36525,location_repair,256,0,True,False,2017-05-07,0.0,0.04435395999462344,,4.9044930666362955e-08,0.05078125000000001,0.011912803818873805
validation,36606,location_repair,256,0,True,False,2017-05-08,0.0,0.040307643001142424,,4.9044930666362955e-08,0.05078125000000001,0.011912803818873805
validation,36687,location_repair,256,0,True,False,2017-05-08,0.0,0.04393115400307579,,4.9044930666362955e-08,0.05078125000000001,0.011912803818873805
validation,36769,location_repair,256,1,True,True,2017-05-08,0.54296875,0.05454742000438273,,0.5161408517320952,0.05078125000000001,0.011912803818873805
validation,36850,location_repair,256,0,True,False,2017-05-08,0.0,0.041698348002682906,,4.9044930666362955e-08,0.05078125000000001,0.011912803818873805
validation,36931,location_repair,256,0,True,False,2017-05-09,0.0234375,0.044345985996187665,,0.0037691168895612245,0.05078125000000001,0.011912803818873805
validation,37012,location_repair,256,0,True,False,2017-05-09,0.0,0.050050701000145636,,4.9044930666362955e-08,0.05078125000000001,0.011912803818873805
validation,37093,location_repair,256,0,False,False,2017-05-09,0.0,0.041328561994305346,,4.9044930666362955e-08,0.05078125000000001,0.011912803818873805
validation,37175,location_repair,256,0,True,False,2017-05-10,0.0,0.04245447200082708,,4.9044930666362955e-08,0.05078125000000001,0.011912803818873805
validation,37256,location_repair,256,0,True,True,2017-05-10,0.30078125,0.044214271001692396,,0.1971459215250849,0.05078125000000001,0.011912803818873805
validation,37337,location_repair,256,1,True,False,2017-05-10,0.62109375,0.04253379000147106,,0.6294822807634644,0.05078125000000001,0.011912803818873805
validation,37418,location_repair,256,0,True,False,2017-05-10,0.0,0.04190500000549946,,4.9044930666362955e-08,0.05078125000000001,0.011912803818873805
validation,37499,location_repair,256,0,True,False,2017-05-11,0.0,0.0410192939962144,,4.9044930666362955e-08,0.05078125000000001,0.011912803818873805
validation,37581,location_repair,256,0,True,False,2017-05-11,0.0,0.04363987499527866,,4.9044930666362955e-08,0.05078125000000001,0.011912803818873805
validation,37662,location_repair,256,0,True,False,2017-05-11,0.0,0.04243184700317215,,4.9044930666362955e-08,0.05078125000000001,0.011912803818873805
validation,37743,location_repair,256,0,True,False,2017-05-12,0.0,0.04116097200312652,,4.9044930666362955e-08,0.05078125000000001,0.011912803818873805
validation,37824,location_repair,256,0,True,False,2017-05-12,0.0,0.04492903699429007,,4.9044930666362955e-08,0.05078125000000001,0.011912803818873805
validation,37906,location_repair,256,1,True,True,2017-05-12,0.7109375,0.041877717994793784,,0.7533666700635951,0.05078125000000001,0.011912803818873805
validation,37987,location_repair,256,0,True,False,2017-05-12,0.0,0.04384740800014697,,4.9044930666362955e-08,0.05078125000000001,0.011912803818873805
validation,38068,location_repair,256,0,True,False,2017-05-13,0.0,0.045320961995457765,,4.9044930666362955e-08,0.05078125000000001,0.011912803818873805
validation,38149,location_repair,256,0,True,False,2017-05-13,0.0078125,0.047496063001744915,,0.0007546347633393077,0.05078125000000001,0.011912803818873805
validation,38230,location_repair,256,0,True,False,2017-05-13,0.0,0.044384763001289684,,4.9044930666362955e-08,0.05078125000000001,0.011912803818873805
validation,38312,location_repair,256,0,True,False,2017-05-14,0.0,0.046411622999585234,,4.9044930666362955e-08,0.05078125000000001,0.011912803818873805
validation,38393,location_repair,256,0,True,False,2017-05-14,0.0,0.043954302003839985,,4.9044930666362955e-08,0.05078125000000001,0.011912803818873805
validation,38474,location_repair,256,0,True,False,2017-05-14,0.0,0.04435342299984768,,4.9044930666362955e-08,0.05078125000000001,0.011912803818873805
validation,38555,location_repair,256,0,True,False,2017-05-14,0.0,0.043211132993747015,,4.9044930666362955e-08,0.05078125000000001,0.011912803818873805
validation,38636,location_repair,256,0,True,False,2017-05-15,0.0,0.0441020939979353,,4.9044930666362955e-08,0.05078125000000001,0.011912803818873805
validation,38718,location_repair,256,0,True,False,2017-05-15,0.0,0.04144317499594763,,4.9044930666362955e-08,0.05078125000000001,0.011912803818873805
validation,38799,location_repair,256,1,True,True,2017-05-15,0.46875,0.041153903999656904,,0.40962824417803145,0.05078125000000001,0.011912803818873805
validation,38880,location_repair,256,0,True,False,2017-05-16,0.0,0.045972629995958414,,4.9044930666362955e-08,0.05078125000000001,0.011912803818873805
validation,38961,location_repair,256,1,True,True,2017-05-16,0.87890625,0.045443394999892917,,0.9359148235645565,0.05078125000000001,0.011912803818873805
validation,39042,location_repair,256,0,True,False,2017-05-16,0.0,0.04420558499987237,,4.9044930666362955e-08,0.05078125000000001,0.011912803818873805
validation,39124,location_repair,256,0,True,False,2017-05-16,0.0,0.043467854004120454,,4.9044930666362955e-08,0.05078125000000001,0.011912803818873805
validation,39205,location_repair,256,0,True,False,2017-05-17,0.0,0.04333099100040272,,4.9044930666362955e-08,0.05078125000000001,0.011912803818873805
validation,39286,location_repair,256,0,True,False,2017-05-17,0.0,0.041475879996141884,,4.9044930666362955e-08,0.05078125000000001,0.011912803818873805
validation,39367,location_repair,256,1,True,True,2017-05-17,0.9453125,0.0410134490011842,,0.9808473548925568,0.05078125000000001,0.011912803818873805
validation,39449,location_repair,256,0,True,False,2017-05-18,0.0,0.04636431299877586,,4.9044930666362955e-08,0.05078125000000001,0.011912803818873805
validation,39530,location_repair,256,1,True,False,2017-05-18,0.1015625,0.04127967000385979,,0.034340977945536845,0.05078125000000001,0.011912803818873805
validation,39611,location_repair,256,0,True,False,2017-05-18,0.0,0.043112820996611845,,4.9044930666362955e-08,0.05078125000000001,0.011912803818873805
validation,39692,location_repair,256,0,True,False,2017-05-18,0.0,0.047542097003315575,,4.9044930666362955e-08,0.05078125000000001,0.011912803818873805
validation,39773,location_repair,256,0,True,False,2017-05-19,0.0,0.0416720740031451,,4.9044930666362955e-08,0.05078125000000001,0.011912803818873805
validation,39855,location_repair,256,0,True,False,2017-05-19,0.0,0.04226542900141794,,4.9044930666362955e-08,0.05078125000000001,0.011912803818873805
validation,39936,location_repair,256,1,True,True,2017-05-19,0.84375,0.0465278169940575,,0.9049736655761995,0.05078125000000001,0.011912803818873805
validation,40017,location_repair,256,0,True,False,2017-05-19,0.0,0.046326504001626745,,4.9044930666362955e-08,0.05078125000000001,0.011912803818873805
validation,40098,location_repair,256,0,True,False,2017-05-20,0.0,0.04066688700550003,,4.9044930666362955e-08,0.05078125000000001,0.011912803818873805
validation,40179,location_repair,256,0,True,False,2017-05-20,0.0,0.04303878200153122,,4.9044930666362955e-08,0.05078125000000001,0.011912803818873805
validation,40261,location_repair,256,0,True,False,2017-05-20,0.0,0.04085127000143984,,4.9044930666362955e-08,0.05078125000000001,0.011912803818873805
validation,40342,location_repair,256,0,True,False,2017-05-21,0.0,0.041417166001338046,,4.9044930666362955e-08,0.05078125000000001,0.011912803818873805
validation,40423,location_repair,256,0,True,False,2017-05-21,0.0,0.0450573380003334,,4.9044930666362955e-08,0.05078125000000001,0.011912803818873805
validation,40504,location_repair,256,0,True,False,2017-05-21,0.0,0.04518306599493371,,4.9044930666362955e-08,0.05078125000000001,0.011912803818873805
validation,40586,location_repair,256,0,True,False,2017-05-21,0.0,0.04361147800227627,,4.9044930666362955e-08,0.05078125000000001,0.011912803818873805
validation,40667,location_repair,256,0,True,False,2017-05-22,0.0,0.04481884600681951,,4.9044930666362955e-08,0.05078125000000001,0.011912803818873805
validation,40748,location_repair,256,0,True,False,2017-05-22,0.0,0.04279027000302449,,4.9044930666362955e-08,0.05078125000000001,0.011912803818873805
validation,40829,location_repair,256,0,True,False,2017-05-22,0.0,0.043505036999704316,,4.9044930666362955e-08,0.05078125000000001,0.011912803818873805
validation,40910,location_repair,256,0,True,False,2017-05-23,0.0,0.0438635449972935,,4.9044930666362955e-08,0.05078125000000001,0.011912803818873805
validation,40992,location_repair,256,1,True,True,2017-05-23,0.94140625,0.04288703099882696,,0.978756572680031,0.05078125000000001,0.011912803818873805
validation,41073,location_repair,256,1,True,False,2017-05-23,0.39453125,0.04266893599560717,,0.30921310496972537,0.05078125000000001,0.011912803818873805
validation,41154,location_repair,256,0,True,False,2017-05-23,0.0,0.04380870200111531,,4.9044930666362955e-08,0.05078125000000001,0.011912803818873805
validation,41235,location_repair,256,0,True,False,2017-05-24,0.0,0.041310398002678994,,4.9044930666362955e-08,0.05078125000000001,0.011912803818873805
validation,41316,location_repair,256,0,True,False,2017-05-24,0.0,0.048837682996236254,,4.9044930666362955e-08,0.05078125000000001,0.011912803818873805
validation,41398,location_repair,256,0,True,True,2017-05-24,0.17578125,0.04350052399968263,,0.08176065142518703,0.05078125000000001,0.011912803818873805
validation,41479,location_repair,256,0,True,False,2017-05-25,0.0,0.041023878002306446,,4.9044930666362955e-08,0.05078125000000001,0.011912803818873805
validation,41560,location_repair,256,1,True,True,2017-05-25,0.9140625,0.04554602799908025,,0.962089042998888,0.05078125000000001,0.011912803818873805
validation,41641,location_repair,256,1,True,True,2017-05-25,0.60546875,0.042066670001077,,0.6070028461408364,0.05078125000000001,0.011912803818873805
validation,41723,location_repair,256,0,True,False,2017-05-25,0.0,0.04057292200013762,,4.9044930666362955e-08,0.05078125000000001,0.011912803818873805
validation,31409,original,256,0,True,False,2017-04-20,0.0,0.0495026763528585,historical Stage 1 GPU,1.1042116938120082e-07,0.03125000000000001,0.015800255474452463
validation,31490,original,256,0,True,False,2017-04-20,0.01953125,0.0135178547352552,historical Stage 1 GPU,0.007836869225150405,0.03125000000000001,0.015800255474452463
validation,31571,original,256,1,True,True,2017-04-20,0.30859375,0.0150249935686588,historical Stage 1 GPU,0.4338717399760782,0.03125000000000001,0.015800255474452463
validation,31652,original,256,0,True,False,2017-04-20,0.0,0.0117922127246856,historical Stage 1 GPU,1.1042116938120082e-07,0.03125000000000001,0.015800255474452463
validation,31733,original,256,0,True,False,2017-04-21,0.0,0.0136990342289209,historical Stage 1 GPU,1.1042116938120082e-07,0.03125000000000001,0.015800255474452463
validation,31815,original,256,0,True,False,2017-04-21,0.0,0.0116180423647165,historical Stage 1 GPU,1.1042116938120082e-07,0.03125000000000001,0.015800255474452463
validation,31896,original,256,0,True,False,2017-04-21,0.0,0.014214638620615,historical Stage 1 GPU,1.1042116938120082e-07,0.03125000000000001,0.015800255474452463
validation,31977,original,256,0,True,False,2017-04-22,0.0,0.0150203164666891,historical Stage 1 GPU,1.1042116938120082e-07,0.03125000000000001,0.015800255474452463
validation,32058,original,256,0,True,False,2017-04-22,0.0,0.0152305252850055,historical Stage 1 GPU,1.1042116938120082e-07,0.03125000000000001,0.015800255474452463
validation,32139,original,256,0,True,False,2017-04-22,0.0,0.0107980351895093,historical Stage 1 GPU,1.1042116938120082e-07,0.03125000000000001,0.015800255474452463
validation,32221,original,256,0,True,False,2017-04-22,0.0,0.0138089172542095,historical Stage 1 GPU,1.1042116938120082e-07,0.03125000000000001,0.015800255474452463
validation,32302,original,256,0,True,False,2017-04-23,0.0,0.0140495188534259,historical Stage 1 GPU,1.1042116938120082e-07,0.03125000000000001,0.015800255474452463
validation,32383,original,256,0,True,False,2017-04-23,0.00390625,0.0157857630401849,historical Stage 1 GPU,0.0007222593181860793,0.03125000000000001,0.015800255474452463
validation,32464,original,256,0,True,False,2017-04-23,0.0,0.0108134653419256,historical Stage 1 GPU,1.1042116938120082e-07,0.03125000000000001,0.015800255474452463
validation,32545,original,256,0,True,False,2017-04-24,0.0,0.014520751312375,historical Stage 1 GPU,1.1042116938120082e-07,0.03125000000000001,0.015800255474452463
validation,32627,original,256,0,True,False,2017-04-24,0.23828125,0.0117869917303323,historical Stage 1 GPU,0.3123759868187358,0.03125000000000001,0.015800255474452463
validation,32708,original,256,0,True,False,2017-04-24,0.0,0.0118010528385639,historical Stage 1 GPU,1.1042116938120082e-07,0.03125000000000001,0.015800255474452463
validation,32789,original,256,0,True,False,2017-04-24,0.0,0.0106689631938934,historical Stage 1 GPU,1.1042116938120082e-07,0.03125000000000001,0.015800255474452463
validation,32870,original,256,0,True,False,2017-04-25,0.0,0.0137464758008718,historical Stage 1 GPU,1.1042116938120082e-07,0.03125000000000001,0.015800255474452463
validation,32952,original,256,0,True,False,2017-04-25,0.0,0.0156601388007402,historical Stage 1 GPU,1.1042116938120082e-07,0.03125000000000001,0.015800255474452463
validation,33033,original,256,1,True,True,2017-04-25,0.75390625,0.0139039456844329,historical Stage 1 GPU,0.9287855338340831,0.03125000000000001,0.015800255474452463
validation,33114,original,256,0,True,False,2017-04-26,0.0,0.0109827071428298,historical Stage 1 GPU,1.1042116938120082e-07,0.03125000000000001,0.015800255474452463
validation,33195,original,256,1,True,False,2017-04-26,0.0546875,0.0111921485513448,historical Stage 1 GPU,0.03653165181783977,0.03125000000000001,0.015800255474452463
validation,33276,original,256,0,True,False,2017-04-26,0.0,0.0125259179621934,historical Stage 1 GPU,1.1042116938120082e-07,0.03125000000000001,0.015800255474452463
validation,33358,original,256,0,True,False,2017-04-26,0.0,0.011395938694477,historical Stage 1 GPU,1.1042116938120082e-07,0.03125000000000001,0.015800255474452463
validation,33439,original,256,0,True,False,2017-04-27,0.0,0.0150725282728672,historical Stage 1 GPU,1.1042116938120082e-07,0.03125000000000001,0.015800255474452463
validation,33520,original,256,0,True,False,2017-04-27,0.0,0.0147669706493616,historical Stage 1 GPU,1.1042116938120082e-07,0.03125000000000001,0.015800255474452463
validation,33601,original,256,1,True,True,2017-04-27,0.73046875,0.0161036234349012,historical Stage 1 GPU,0.9158968340134412,0.03125000000000001,0.015800255474452463
validation,33682,original,256,0,True,False,2017-04-27,0.0,0.0114847812801599,historical Stage 1 GPU,1.1042116938120082e-07,0.03125000000000001,0.015800255474452463
validation,33764,original,256,0,True,False,2017-04-28,0.046875,0.0108939670026302,historical Stage 1 GPU,0.028992845349602586,0.03125000000000001,0.015800255474452463
validation,33845,original,256,0,True,False,2017-04-28,0.0,0.0146420523524284,historical Stage 1 GPU,1.1042116938120082e-07,0.03125000000000001,0.015800255474452463
validation,33926,original,256,0,True,False,2017-04-28,0.0,0.0108367148786783,historical Stage 1 GPU,1.1042116938120082e-07,0.03125000000000001,0.015800255474452463
validation,34007,original,256,0,True,False,2017-04-29,0.0,0.0153259169310331,historical Stage 1 GPU,1.1042116938120082e-07,0.03125000000000001,0.015800255474452463
validation,34089,original,256,0,True,False,2017-04-29,0.00390625,0.0168074592947959,historical Stage 1 GPU,0.0007222593181860793,0.03125000000000001,0.015800255474452463
validation,34170,original,256,0,True,False,2017-04-29,0.0,0.0109833367168903,historical Stage 1 GPU,1.1042116938120082e-07,0.03125000000000001,0.015800255474452463
validation,34251,original,256,0,True,False,2017-04-29,0.0,0.011395588517189,historical Stage 1 GPU,1.1042116938120082e-07,0.03125000000000001,0.015800255474452463
validation,34332,original,256,0,True,False,2017-04-30,0.0,0.0112353693693876,historical Stage 1 GPU,1.1042116938120082e-07,0.03125000000000001,0.015800255474452463
validation,34413,original,256,0,True,False,2017-04-30,0.00390625,0.0145688019692897,historical Stage 1 GPU,0.0007222593181860793,0.03125000000000001,0.015800255474452463
validation,34495,original,256,0,True,False,2017-04-30,0.0,0.0109644345939159,historical Stage 1 GPU,1.1042116938120082e-07,0.03125000000000001,0.015800255474452463
validation,34576,original,256,0,True,False,2017-05-01,0.0,0.0107174143195152,historical Stage 1 GPU,1.1042116938120082e-07,0.03125000000000001,0.015800255474452463
validation,34657,original,256,1,True,True,2017-05-01,0.375,0.0133044850081205,historical Stage 1 GPU,0.5422178031580083,0.03125000000000001,0.015800255474452463
validation,34738,original,256,0,True,False,2017-05-01,0.06640625,0.0118119120597839,historical Stage 1 GPU,0.04887732940458163,0.03125000000000001,0.015800255474452463
validation,34819,original,256,0,True,False,2017-05-01,0.0,0.0140766967087984,historical Stage 1 GPU,1.1042116938120082e-07,0.03125000000000001,0.015800255474452463
validation,34901,original,256,0,True,False,2017-05-02,0.0,0.0142822414636611,historical Stage 1 GPU,1.1042116938120082e-07,0.03125000000000001,0.015800255474452463
validation,34982,original,256,0,True,False,2017-05-02,0.0,0.0144528932869434,historical Stage 1 GPU,1.1042116938120082e-07,0.03125000000000001,0.015800255474452463
validation,35063,original,256,0,True,False,2017-05-02,0.0078125,0.0106720123440027,historical Stage 1 GPU,0.002011741986906477,0.03125000000000001,0.015800255474452463
validation,35144,original,256,0,True,False,2017-05-03,0.0,0.0107068233191967,historical Stage 1 GPU,1.1042116938120082e-07,0.03125000000000001,0.015800255474452463
validation,35225,original,256,1,True,True,2017-05-03,0.5625,0.0107711367309093,historical Stage 1 GPU,0.7842606933013083,0.03125000000000001,0.015800255474452463
validation,35307,original,256,1,True,False,2017-05-03,0.046875,0.0112152397632598,historical Stage 1 GPU,0.028992845349602586,0.03125000000000001,0.015800255474452463
validation,35388,original,256,0,True,False,2017-05-03,0.0,0.0109642557799816,historical Stage 1 GPU,1.1042116938120082e-07,0.03125000000000001,0.015800255474452463
validation,35469,original,256,0,True,False,2017-05-04,0.0,0.0142885707318782,historical Stage 1 GPU,1.1042116938120082e-07,0.03125000000000001,0.015800255474452463
validation,35550,original,256,0,True,False,2017-05-04,0.0,0.0137017741799354,historical Stage 1 GPU,1.1042116938120082e-07,0.03125000000000001,0.015800255474452463
validation,35632,original,256,1,True,True,2017-05-04,0.5625,0.0131524428725242,historical Stage 1 GPU,0.7842606933013083,0.03125000000000001,0.015800255474452463
validation,35713,original,256,0,True,False,2017-05-05,0.0,0.0108283273875713,historical Stage 1 GPU,1.1042116938120082e-07,0.03125000000000001,0.015800255474452463
validation,35794,original,256,0,True,False,2017-05-05,0.0625,0.0117227993905544,historical Stage 1 GPU,0.04463075635298048,0.03125000000000001,0.015800255474452463
validation,35875,original,256,0,True,False,2017-05-05,0.0,0.0134587250649929,historical Stage 1 GPU,1.1042116938120082e-07,0.03125000000000001,0.015800255474452463
validation,35956,original,256,0,True,False,2017-05-05,0.0,0.0141917783766984,historical Stage 1 GPU,1.1042116938120082e-07,0.03125000000000001,0.015800255474452463
validation,36038,original,256,0,True,False,2017-05-06,0.0,0.0129055902361869,historical Stage 1 GPU,1.1042116938120082e-07,0.03125000000000001,0.015800255474452463
validation,36119,original,256,0,True,False,2017-05-06,0.0,0.0138662960380315,historical Stage 1 GPU,1.1042116938120082e-07,0.03125000000000001,0.015800255474452463
validation,36200,original,256,0,True,False,2017-05-06,0.0,0.0112151186913251,historical Stage 1 GPU,1.1042116938120082e-07,0.03125000000000001,0.015800255474452463
validation,36281,original,256,0,True,False,2017-05-07,0.0,0.0105909146368503,historical Stage 1 GPU,1.1042116938120082e-07,0.03125000000000001,0.015800255474452463
validation,36362,original,256,0,True,False,2017-05-07,0.0,0.0142511501908302,historical Stage 1 GPU,1.1042116938120082e-07,0.03125000000000001,0.015800255474452463
validation,36444,original,256,0,True,False,2017-05-07,0.0,0.0138700976967811,historical Stage 1 GPU,1.1042116938120082e-07,0.03125000000000001,0.015800255474452463
validation,36525,original,256,0,True,False,2017-05-07,0.0,0.0119113847613334,historical Stage 1 GPU,1.1042116938120082e-07,0.03125000000000001,0.015800255474452463
validation,36606,original,256,0,True,False,2017-05-08,0.0,0.0142251886427402,historical Stage 1 GPU,1.1042116938120082e-07,0.03125000000000001,0.015800255474452463
validation,36687,original,256,0,True,False,2017-05-08,0.0,0.0143170095980167,historical Stage 1 GPU,1.1042116938120082e-07,0.03125000000000001,0.015800255474452463
validation,36769,original,256,1,True,True,2017-05-08,0.4453125,0.0110852587968111,historical Stage 1 GPU,0.6451380011547156,0.03125000000000001,0.015800255474452463
validation,36850,original,256,0,True,False,2017-05-08,0.0,0.0136509556323289,historical Stage 1 GPU,1.1042116938120082e-07,0.03125000000000001,0.015800255474452463
validation,36931,original,256,0,True,False,2017-05-09,0.01953125,0.010987127199769,historical Stage 1 GPU,0.007836869225150405,0.03125000000000001,0.015800255474452463
validation,37012,original,256,0,True,False,2017-05-09,0.0,0.0135505460202693,historical Stage 1 GPU,1.1042116938120082e-07,0.03125000000000001,0.015800255474452463
validation,37093,original,256,0,False,False,2017-05-09,0.0,0.0141643676906824,historical Stage 1 GPU,1.1042116938120082e-07,0.03125000000000001,0.015800255474452463
validation,37175,original,256,0,True,False,2017-05-10,0.0,0.0174142029136419,historical Stage 1 GPU,1.1042116938120082e-07,0.03125000000000001,0.015800255474452463
validation,37256,original,256,0,True,True,2017-05-10,0.1015625,0.0108166951686143,historical Stage 1 GPU,0.0922315028465881,0.03125000000000001,0.015800255474452463
validation,37337,original,256,1,True,False,2017-05-10,0.484375,0.0126725081354379,historical Stage 1 GPU,0.6961224957126324,0.03125000000000001,0.015800255474452463
validation,37418,original,256,0,True,False,2017-05-10,0.0,0.0106060113757848,historical Stage 1 GPU,1.1042116938120082e-07,0.03125000000000001,0.015800255474452463
validation,37499,original,256,0,True,False,2017-05-11,0.0,0.011216877028346,historical Stage 1 GPU,1.1042116938120082e-07,0.03125000000000001,0.015800255474452463
validation,37581,original,256,0,True,False,2017-05-11,0.0,0.0111207384616136,historical Stage 1 GPU,1.1042116938120082e-07,0.03125000000000001,0.015800255474452463
validation,37662,original,256,0,True,False,2017-05-11,0.0,0.0146129950881004,historical Stage 1 GPU,1.1042116938120082e-07,0.03125000000000001,0.015800255474452463
validation,37743,original,256,0,True,False,2017-05-12,0.0,0.0107204746454954,historical Stage 1 GPU,1.1042116938120082e-07,0.03125000000000001,0.015800255474452463
validation,37824,original,256,0,True,False,2017-05-12,0.0,0.0147487446665763,historical Stage 1 GPU,1.1042116938120082e-07,0.03125000000000001,0.015800255474452463
validation,37906,original,256,1,True,True,2017-05-12,0.30078125,0.0108207371085882,historical Stage 1 GPU,0.4205943671154635,0.03125000000000001,0.015800255474452463
validation,37987,original,256,0,True,False,2017-05-12,0.0,0.0137378759682178,historical Stage 1 GPU,1.1042116938120082e-07,0.03125000000000001,0.015800255474452463
validation,38068,original,256,0,True,False,2017-05-13,0.0,0.0144431516528129,historical Stage 1 GPU,1.1042116938120082e-07,0.03125000000000001,0.015800255474452463
validation,38149,original,256,0,True,False,2017-05-13,0.0078125,0.0139325093477964,historical Stage 1 GPU,0.002011741986906477,0.03125000000000001,0.015800255474452463
validation,38230,original,256,0,True,False,2017-05-13,0.0,0.0137363355606794,historical Stage 1 GPU,1.1042116938120082e-07,0.03125000000000001,0.015800255474452463
validation,38312,original,256,0,True,False,2017-05-14,0.0,0.0119436122477054,historical Stage 1 GPU,1.1042116938120082e-07,0.03125000000000001,0.015800255474452463
validation,38393,original,256,0,True,False,2017-05-14,0.0,0.0138649847358465,historical Stage 1 GPU,1.1042116938120082e-07,0.03125000000000001,0.015800255474452463
validation,38474,original,256,0,True,False,2017-05-14,0.0,0.0155262593179941,historical Stage 1 GPU,1.1042116938120082e-07,0.03125000000000001,0.015800255474452463
validation,38555,original,256,0,True,False,2017-05-14,0.0,0.0149273127317428,historical Stage 1 GPU,1.1042116938120082e-07,0.03125000000000001,0.015800255474452463
validation,38636,original,256,0,True,False,2017-05-15,0.0,0.0153880398720502,historical Stage 1 GPU,1.1042116938120082e-07,0.03125000000000001,0.015800255474452463
validation,38718,original,256,0,True,False,2017-05-15,0.0,0.0138415861874818,historical Stage 1 GPU,1.1042116938120082e-07,0.03125000000000001,0.015800255474452463
validation,38799,original,256,1,True,True,2017-05-15,0.25390625,0.0166771467775106,historical Stage 1 GPU,0.3395979478417445,0.03125000000000001,0.015800255474452463
validation,38880,original,256,0,True,False,2017-05-16,0.0,0.0105968043208122,historical Stage 1 GPU,1.1042116938120082e-07,0.03125000000000001,0.015800255474452463
validation,38961,original,256,1,True,True,2017-05-16,0.66796875,0.0114601701498031,historical Stage 1 GPU,0.8753816096515565,0.03125000000000001,0.015800255474452463
validation,39042,original,256,0,True,False,2017-05-16,0.0,0.0140696074813604,historical Stage 1 GPU,1.1042116938120082e-07,0.03125000000000001,0.015800255474452463
validation,39124,original,256,0,True,False,2017-05-16,0.0,0.0139013975858688,historical Stage 1 GPU,1.1042116938120082e-07,0.03125000000000001,0.015800255474452463
validation,39205,original,256,0,True,False,2017-05-17,0.0,0.0141427405178546,historical Stage 1 GPU,1.1042116938120082e-07,0.03125000000000001,0.015800255474452463
validation,39286,original,256,0,True,False,2017-05-17,0.0,0.015689318999648,historical Stage 1 GPU,1.1042116938120082e-07,0.03125000000000001,0.015800255474452463
validation,39367,original,256,1,True,True,2017-05-17,0.6953125,0.012271836400032,historical Stage 1 GPU,0.8942482695758082,0.03125000000000001,0.015800255474452463
validation,39449,original,256,0,True,False,2017-05-18,0.0,0.0138963889330625,historical Stage 1 GPU,1.1042116938120082e-07,0.03125000000000001,0.015800255474452463
validation,39530,original,256,1,True,False,2017-05-18,0.08203125,0.0107700489461421,historical Stage 1 GPU,0.06707085007900966,0.03125000000000001,0.015800255474452463
validation,39611,original,256,0,True,False,2017-05-18,0.0,0.0144098531454801,historical Stage 1 GPU,1.1042116938120082e-07,0.03125000000000001,0.015800255474452463
validation,39692,original,256,0,True,False,2017-05-18,0.0,0.0149287842214107,historical Stage 1 GPU,1.1042116938120082e-07,0.03125000000000001,0.015800255474452463
validation,39773,original,256,0,True,False,2017-05-19,0.0,0.0140622798353433,historical Stage 1 GPU,1.1042116938120082e-07,0.03125000000000001,0.015800255474452463
validation,39855,original,256,0,True,False,2017-05-19,0.0,0.0163679551333189,historical Stage 1 GPU,1.1042116938120082e-07,0.03125000000000001,0.015800255474452463
validation,39936,original,256,1,True,True,2017-05-19,0.61328125,0.0112421084195375,historical Stage 1 GPU,0.8319321164432175,0.03125000000000001,0.015800255474452463
validation,40017,original,256,0,True,False,2017-05-19,0.0,0.0153227783739566,historical Stage 1 GPU,1.1042116938120082e-07,0.03125000000000001,0.015800255474452463
validation,40098,original,256,0,True,False,2017-05-20,0.0,0.0138289686292409,historical Stage 1 GPU,1.1042116938120082e-07,0.03125000000000001,0.015800255474452463
validation,40179,original,256,0,True,False,2017-05-20,0.0,0.0109225958585739,historical Stage 1 GPU,1.1042116938120082e-07,0.03125000000000001,0.015800255474452463
validation,40261,original,256,0,True,False,2017-05-20,0.0,0.0139513984322547,historical Stage 1 GPU,1.1042116938120082e-07,0.03125000000000001,0.015800255474452463
validation,40342,original,256,0,True,False,2017-05-21,0.0,0.0146004520356655,historical Stage 1 GPU,1.1042116938120082e-07,0.03125000000000001,0.015800255474452463
validation,40423,original,256,0,True,False,2017-05-21,0.0,0.0139495786279439,historical Stage 1 GPU,1.1042116938120082e-07,0.03125000000000001,0.015800255474452463
validation,40504,original,256,0,True,False,2017-05-21,0.0,0.0142567008733749,historical Stage 1 GPU,1.1042116938120082e-07,0.03125000000000001,0.015800255474452463
validation,40586,original,256,0,True,False,2017-05-21,0.0,0.0141432303935289,historical Stage 1 GPU,1.1042116938120082e-07,0.03125000000000001,0.015800255474452463
validation,40667,original,256,0,True,False,2017-05-22,0.0,0.011062866076827,historical Stage 1 GPU,1.1042116938120082e-07,0.03125000000000001,0.015800255474452463
validation,40748,original,256,0,True,False,2017-05-22,0.0,0.0141517203301191,historical Stage 1 GPU,1.1042116938120082e-07,0.03125000000000001,0.015800255474452463
validation,40829,original,256,0,True,False,2017-05-22,0.0,0.0143155194818973,historical Stage 1 GPU,1.1042116938120082e-07,0.03125000000000001,0.015800255474452463
validation,40910,original,256,0,True,False,2017-05-23,0.0,0.0138471852988004,historical Stage 1 GPU,1.1042116938120082e-07,0.03125000000000001,0.015800255474452463
validation,40992,original,256,1,True,True,2017-05-23,0.5390625,0.0110079552978277,historical Stage 1 GPU,0.7597417931370627,0.03125000000000001,0.015800255474452463
validation,41073,original,256,1,True,False,2017-05-23,0.19140625,0.0140403490513563,historical Stage 1 GPU,0.23161490289632228,0.03125000000000001,0.015800255474452463
validation,41154,original,256,0,True,False,2017-05-23,0.0,0.0141571387648582,historical Stage 1 GPU,1.1042116938120082e-07,0.03125000000000001,0.015800255474452463
validation,41235,original,256,0,True,False,2017-05-24,0.0,0.0138476379215717,historical Stage 1 GPU,1.1042116938120082e-07,0.03125000000000001,0.015800255474452463
validation,41316,original,256,0,True,False,2017-05-24,0.0,0.0146181620657444,historical Stage 1 GPU,1.1042116938120082e-07,0.03125000000000001,0.015800255474452463
validation,41398,original,256,0,True,True,2017-05-24,0.0859375,0.0114911198616027,historical Stage 1 GPU,0.07190043904288766,0.03125000000000001,0.015800255474452463
validation,41479,original,256,0,True,False,2017-05-25,0.0,0.0142487473785877,historical Stage 1 GPU,1.1042116938120082e-07,0.03125000000000001,0.015800255474452463
validation,41560,original,256,1,True,True,2017-05-25,0.44140625,0.0146347135305404,historical Stage 1 GPU,0.6397884310361,0.03125000000000001,0.015800255474452463
validation,41641,original,256,1,True,True,2017-05-25,0.15234375,0.0114957895129919,historical Stage 1 GPU,0.1673553828587978,0.03125000000000001,0.015800255474452463
validation,41723,original,256,0,True,False,2017-05-25,0.0,0.0144407115876674,historical Stage 1 GPU,1.1042116938120082e-07,0.03125000000000001,0.015800255474452463
