split,origin,model,step,mae_raw
inner_diagnosis,15587,original,3,1.2533404869827889
inner_diagnosis,15587,original,6,1.3062322532595776
inner_diagnosis,15587,location_repair,3,1.2466362434600617
inner_diagnosis,15587,location_repair,6,1.279132689095645
inner_diagnosis,15647,original,3,3.076239366624736
inner_diagnosis,15647,original,6,4.21200659155435
inner_diagnosis,15647,location_repair,3,3.090128846239444
inner_diagnosis,15647,location_repair,6,4.250927447672915
inner_diagnosis,15707,original,3,1.809150473174707
inner_diagnosis,15707,original,6,2.5896703402830323
inner_diagnosis,15707,location_repair,3,1.7570396081313677
inner_diagnosis,15707,location_repair,6,2.5362213671787046
inner_diagnosis,15767,original,3,3.5367223914028196
inner_diagnosis,15767,original,6,4.414148459731757
inner_diagnosis,15767,location_repair,3,3.302270953803864
inner_diagnosis,15767,location_repair,6,4.110543843528637
inner_diagnosis,15827,original,3,0.9199532640863082
inner_diagnosis,15827,original,6,1.1604452105901142
inner_diagnosis,15827,location_repair,3,0.9111590208312244
inner_diagnosis,15827,location_repair,6,1.1520879897865155
inner_diagnosis,15887,original,3,1.232978644201438
inner_diagnosis,15887,original,6,1.3832957248841016
inner_diagnosis,15887,location_repair,3,1.2329780969570432
inner_diagnosis,15887,location_repair,6,1.3832941041060012
inner_diagnosis,15947,original,3,1.1216323100516847
inner_diagnosis,15947,original,6,1.319424562950196
inner_diagnosis,15947,location_repair,3,1.1173343577127013
inner_diagnosis,15947,location_repair,6,1.3098292072849662
inner_diagnosis,16007,original,3,1.9956382227435467
inner_diagnosis,16007,original,6,2.476242332994668
inner_diagnosis,16007,location_repair,3,2.0115979387696914
inner_diagnosis,16007,location_repair,6,2.499018601448906
inner_diagnosis,16067,original,3,2.1064124076151125
inner_diagnosis,16067,original,6,2.459155670453446
inner_diagnosis,16067,location_repair,3,2.085418061809567
inner_diagnosis,16067,location_repair,6,2.436354258714475
inner_diagnosis,16127,original,3,1.0098260500109262
inner_diagnosis,16127,original,6,1.1055864204321793
inner_diagnosis,16127,location_repair,3,1.0087464731291405
inner_diagnosis,16127,location_repair,6,1.1036711597793056
inner_diagnosis,16187,original,3,1.0844133907291453
inner_diagnosis,16187,original,6,1.192537076295199
inner_diagnosis,16187,location_repair,3,1.0844127839115594
inner_diagnosis,16187,location_repair,6,1.192535473522398
inner_diagnosis,16247,original,3,1.1981273255152394
inner_diagnosis,16247,original,6,2.3083088971393333
inner_diagnosis,16247,location_repair,3,1.206021272576272
inner_diagnosis,16247,location_repair,6,2.2972815358621825
inner_diagnosis,16307,original,3,1.9703969499815273
inner_diagnosis,16307,original,6,2.216917444249596
inner_diagnosis,16307,location_repair,3,1.9793093725787363
inner_diagnosis,16307,location_repair,6,2.2705505160759922
inner_diagnosis,16367,original,3,1.3629944266357954
inner_diagnosis,16367,original,6,1.6189642744836945
inner_diagnosis,16367,location_repair,3,1.341497063968276
inner_diagnosis,16367,location_repair,6,1.6459373061164966
inner_diagnosis,16427,original,3,1.1519980314210434
inner_diagnosis,16427,original,6,1.1585784832009929
inner_diagnosis,16427,location_repair,3,1.1475594060425485
inner_diagnosis,16427,location_repair,6,1.1460134486336686
inner_diagnosis,16487,original,3,1.7819446391592622
inner_diagnosis,16487,original,6,2.538861417570621
inner_diagnosis,16487,location_repair,3,1.7419191720350833
inner_diagnosis,16487,location_repair,6,2.5404439664172305
inner_diagnosis,16547,original,3,1.4444911268476632
inner_diagnosis,16547,original,6,1.6084535018691832
inner_diagnosis,16547,location_repair,3,1.3886997020542233
inner_diagnosis,16547,location_repair,6,1.55325579804276
inner_diagnosis,16607,original,3,3.023323883257863
inner_diagnosis,16607,original,6,4.053017614105979
inner_diagnosis,16607,location_repair,3,2.9108203889104316
inner_diagnosis,16607,location_repair,6,3.744480217572733
inner_diagnosis,16667,original,3,1.182308410377683
inner_diagnosis,16667,original,6,1.2262892873620281
inner_diagnosis,16667,location_repair,3,1.184773554286795
inner_diagnosis,16667,location_repair,6,1.225521287796638
inner_diagnosis,16727,original,3,1.0291709984238462
inner_diagnosis,16727,original,6,1.0655285619012163
inner_diagnosis,16727,location_repair,3,1.0192079630224735
inner_diagnosis,16727,location_repair,6,1.0426248705936485
inner_diagnosis,16787,original,3,3.492043064506286
inner_diagnosis,16787,original,6,6.369811273195082
inner_diagnosis,16787,location_repair,3,3.1988379875671313
inner_diagnosis,16787,location_repair,6,5.982949653942602
inner_diagnosis,16847,original,3,1.2179156211666318
inner_diagnosis,16847,original,6,1.5149186338354645
inner_diagnosis,16847,location_repair,3,1.1877520504824375
inner_diagnosis,16847,location_repair,6,1.4648323451355607
inner_diagnosis,16919,original,3,4.809535799254252
inner_diagnosis,16919,original,6,5.712293698373513
inner_diagnosis,16919,location_repair,3,4.221447951047074
inner_diagnosis,16919,location_repair,6,5.081020034605437
inner_diagnosis,16979,original,3,1.2429652557529423
inner_diagnosis,16979,original,6,1.2509286316501116
inner_diagnosis,16979,location_repair,3,1.2186262557327006
inner_diagnosis,16979,location_repair,6,1.2373887770756853
inner_diagnosis,17039,original,3,2.7862866896227043
inner_diagnosis,17039,original,6,3.8717095849292464
inner_diagnosis,17039,location_repair,3,2.7836673824479816
inner_diagnosis,17039,location_repair,6,3.8198337976797023
inner_diagnosis,17099,original,3,5.316689839745792
inner_diagnosis,17099,original,6,7.247707794215656
inner_diagnosis,17099,location_repair,3,4.727057043515698
inner_diagnosis,17099,location_repair,6,6.654488395332393
inner_diagnosis,17159,original,3,2.7884313636567932
inner_diagnosis,17159,original,6,4.157592693219671
inner_diagnosis,17159,location_repair,3,2.7182801397432956
inner_diagnosis,17159,location_repair,6,4.101354540162848
inner_diagnosis,17219,original,3,4.637718504802496
inner_diagnosis,17219,original,6,6.140334640714846
inner_diagnosis,17219,location_repair,3,4.481721085586365
inner_diagnosis,17219,location_repair,6,6.019314784077065
inner_diagnosis,17279,original,3,2.2894980970127325
inner_diagnosis,17279,original,6,2.596681437637457
inner_diagnosis,17279,location_repair,3,2.235876590018121
inner_diagnosis,17279,location_repair,6,2.592998574497599
inner_diagnosis,17339,original,3,2.7508507262182795
inner_diagnosis,17339,original,6,3.4673107984793914
inner_diagnosis,17339,location_repair,3,2.738079644587583
inner_diagnosis,17339,location_repair,6,3.4376880183358214
inner_diagnosis,17399,original,3,4.846672053651689
inner_diagnosis,17399,original,6,6.300908615785505
inner_diagnosis,17399,location_repair,3,4.973340646872053
inner_diagnosis,17399,location_repair,6,6.459323371406296
inner_diagnosis,17459,original,3,4.341864554228291
inner_diagnosis,17459,original,6,5.249865358764777
inner_diagnosis,17459,location_repair,3,4.335276839278508
inner_diagnosis,17459,location_repair,6,5.281382926813963
inner_diagnosis,17519,original,3,3.1754548453304756
inner_diagnosis,17519,original,6,3.7644519296721604
inner_diagnosis,17519,location_repair,3,3.1710580651812794
inner_diagnosis,17519,location_repair,6,3.776915137451464
inner_diagnosis,17579,original,3,1.0356649407724807
inner_diagnosis,17579,original,6,0.8553362370651331
inner_diagnosis,17579,location_repair,3,1.0293202095352016
inner_diagnosis,17579,location_repair,6,0.8323327150075682
inner_diagnosis,17639,original,3,1.9362647066354293
inner_diagnosis,17639,original,6,2.6772877122272574
inner_diagnosis,17639,location_repair,3,1.932917950815679
inner_diagnosis,17639,location_repair,6,2.75314409776359
inner_diagnosis,17699,original,3,1.3954295355407837
inner_diagnosis,17699,original,6,1.9598490262338573
inner_diagnosis,17699,location_repair,3,1.3599618154345015
inner_diagnosis,17699,location_repair,6,1.8915277036154912
inner_diagnosis,17759,original,3,3.049818204516938
inner_diagnosis,17759,original,6,3.952596956504963
inner_diagnosis,17759,location_repair,3,2.690016264633269
inner_diagnosis,17759,location_repair,6,3.3127611311502494
inner_diagnosis,17819,original,3,1.2408099624974895
inner_diagnosis,17819,original,6,1.2568382056118494
inner_diagnosis,17819,location_repair,3,1.2209129652793729
inner_diagnosis,17819,location_repair,6,1.22072582686339
inner_diagnosis,17879,original,3,0.743334288632061
inner_diagnosis,17879,original,6,0.9487817031723556
inner_diagnosis,17879,location_repair,3,0.7433345717044387
inner_diagnosis,17879,location_repair,6,0.9487805881514095
inner_diagnosis,17939,original,3,1.1435425907173438
inner_diagnosis,17939,original,6,1.2270573851959703
inner_diagnosis,17939,location_repair,3,1.1435424246490793
inner_diagnosis,17939,location_repair,6,1.2270570408983283
inner_diagnosis,17999,original,3,1.5720962714272877
inner_diagnosis,17999,original,6,1.9233749386489027
inner_diagnosis,17999,location_repair,3,1.55732869917646
inner_diagnosis,17999,location_repair,6,1.9008174770462056
inner_diagnosis,18059,original,3,2.117498444141288
inner_diagnosis,18059,original,6,2.71061522270032
inner_diagnosis,18059,location_repair,3,2.1130573124588397
inner_diagnosis,18059,location_repair,6,2.704563981789136
inner_diagnosis,18119,original,3,1.614996587206125
inner_diagnosis,18119,original,6,2.407929652917243
inner_diagnosis,18119,location_repair,3,1.5952440860084278
inner_diagnosis,18119,location_repair,6,2.4266965902996507
inner_diagnosis,18191,original,3,0.9883250066836635
inner_diagnosis,18191,original,6,1.0640956126807284
inner_diagnosis,18191,location_repair,3,0.9883241928146634
inner_diagnosis,18191,location_repair,6,1.0640947697027436
inner_diagnosis,18251,original,3,1.281730684886466
inner_diagnosis,18251,original,6,1.5082839138791686
inner_diagnosis,18251,location_repair,3,1.2811592983235494
inner_diagnosis,18251,location_repair,6,1.5125737571084343
inner_diagnosis,18311,original,3,1.7990293719077461
inner_diagnosis,18311,original,6,2.1724994973397824
inner_diagnosis,18311,location_repair,3,1.7916666746109622
inner_diagnosis,18311,location_repair,6,2.1427219516952967
inner_diagnosis,18371,original,3,1.8786508228663983
inner_diagnosis,18371,original,6,2.086601946209385
inner_diagnosis,18371,location_repair,3,1.8920073342513328
inner_diagnosis,18371,location_repair,6,2.102873965271078
inner_diagnosis,18431,original,3,0.9033341490612443
inner_diagnosis,18431,original,6,0.8364613948404793
inner_diagnosis,18431,location_repair,3,0.9034816891604082
inner_diagnosis,18431,location_repair,6,0.8350599816177036
inner_diagnosis,18491,original,3,1.6688797807449605
inner_diagnosis,18491,original,6,1.6128646288279274
inner_diagnosis,18491,location_repair,3,1.664188034189738
inner_diagnosis,18491,location_repair,6,1.5949388556233701
inner_diagnosis,18551,original,3,3.255441304202374
inner_diagnosis,18551,original,6,4.562170380458647
inner_diagnosis,18551,location_repair,3,3.1204515112733957
inner_diagnosis,18551,location_repair,6,4.36244204800834
inner_diagnosis,18611,original,3,2.3170425052606243
inner_diagnosis,18611,original,6,3.453385314990896
inner_diagnosis,18611,location_repair,3,2.2652130234900887
inner_diagnosis,18611,location_repair,6,3.482545607635646
inner_diagnosis,18671,original,3,1.2969481094782995
inner_diagnosis,18671,original,6,1.5650767742323042
inner_diagnosis,18671,location_repair,3,1.2699840256680794
inner_diagnosis,18671,location_repair,6,1.5092629175197216
inner_diagnosis,18731,original,3,1.0610636507889242
inner_diagnosis,18731,original,6,0.9861032748855028
inner_diagnosis,18731,location_repair,3,1.0498566638511442
inner_diagnosis,18731,location_repair,6,0.9639315868265207
inner_diagnosis,18791,original,3,2.249824032952095
inner_diagnosis,18791,original,6,3.358478150481854
inner_diagnosis,18791,location_repair,3,2.243187952179378
inner_diagnosis,18791,location_repair,6,3.4384069193847777
inner_diagnosis,18851,original,3,1.3025054876203916
inner_diagnosis,18851,original,6,1.5771509119361837
inner_diagnosis,18851,location_repair,3,1.2753314258253612
inner_diagnosis,18851,location_repair,6,1.5340984991845394
inner_diagnosis,18911,original,3,3.037649723255644
inner_diagnosis,18911,original,6,4.124606923851482
inner_diagnosis,18911,location_repair,3,2.828716953550031
inner_diagnosis,18911,location_repair,6,3.8258721643839704
inner_diagnosis,18971,original,3,1.2322518417854482
inner_diagnosis,18971,original,6,1.4798893230496708
inner_diagnosis,18971,location_repair,3,1.2183340340768096
inner_diagnosis,18971,location_repair,6,1.4524459889664754
inner_diagnosis,19031,original,3,1.1388027322772585
inner_diagnosis,19031,original,6,1.094178545422393
inner_diagnosis,19031,location_repair,3,1.1293177704487491
inner_diagnosis,19031,location_repair,6,1.072639604705893
inner_diagnosis,19091,original,3,3.9083323988770386
inner_diagnosis,19091,original,6,6.27587661683195
inner_diagnosis,19091,location_repair,3,3.550598974142049
inner_diagnosis,19091,location_repair,6,5.683286636958502
inner_diagnosis,19151,original,3,1.77151310000966
inner_diagnosis,19151,original,6,2.1194724977314543
inner_diagnosis,19151,location_repair,3,1.6665974721364836
inner_diagnosis,19151,location_repair,6,1.9816257704731786
inner_diagnosis,19211,original,3,4.264792697999849
inner_diagnosis,19211,original,6,6.5509821199053615
inner_diagnosis,19211,location_repair,3,3.6817572714875286
inner_diagnosis,19211,location_repair,6,5.553634063505264
inner_diagnosis,19271,original,3,0.9326046692131772
inner_diagnosis,19271,original,6,1.1211155629718756
inner_diagnosis,19271,location_repair,3,0.91726833836071
inner_diagnosis,19271,location_repair,6,1.1004633041918281
inner_diagnosis,19331,original,3,1.3710167998510672
inner_diagnosis,19331,original,6,1.697625333033458
inner_diagnosis,19331,location_repair,3,1.3505983903382084
inner_diagnosis,19331,location_repair,6,1.6325612148334256
inner_diagnosis,19391,original,3,4.687137255006002
inner_diagnosis,19391,original,6,6.6542775698851635
inner_diagnosis,19391,location_repair,3,3.782098574137304
inner_diagnosis,19391,location_repair,6,5.524572168703045
inner_diagnosis,19463,original,3,1.7567201520109177
inner_diagnosis,19463,original,6,2.9319806374833592
inner_diagnosis,19463,location_repair,3,1.7486049565704895
inner_diagnosis,19463,location_repair,6,2.9168441249642547
inner_diagnosis,19523,original,3,4.561282472065205
inner_diagnosis,19523,original,6,5.6814380783612926
inner_diagnosis,19523,location_repair,3,4.115945485685928
inner_diagnosis,19523,location_repair,6,5.1927849108287
inner_diagnosis,19583,original,3,0.9671542957077806
inner_diagnosis,19583,original,6,1.0131261688009205
inner_diagnosis,19583,location_repair,3,0.961080947126203
inner_diagnosis,19583,location_repair,6,1.0038826808911365
inner_diagnosis,19643,original,3,2.0468312951000924
inner_diagnosis,19643,original,6,2.133727071158041
inner_diagnosis,19643,location_repair,3,2.037073637963761
inner_diagnosis,19643,location_repair,6,2.091458108914561
inner_diagnosis,19703,original,3,1.939257613978494
inner_diagnosis,19703,original,6,2.4387471736124677
inner_diagnosis,19703,location_repair,3,1.9310527549303578
inner_diagnosis,19703,location_repair,6,2.47852419279132
inner_diagnosis,19763,original,3,4.127478309286179
inner_diagnosis,19763,original,6,5.3494719709571
inner_diagnosis,19763,location_repair,3,3.91133672701343
inner_diagnosis,19763,location_repair,6,5.125888167711619
inner_diagnosis,19823,original,3,2.219819331005091
inner_diagnosis,19823,original,6,2.6323154059624048
inner_diagnosis,19823,location_repair,3,2.080181042259689
inner_diagnosis,19823,location_repair,6,2.5936676990048486
inner_diagnosis,19883,original,3,0.7976484462789386
inner_diagnosis,19883,original,6,0.905244190132613
inner_diagnosis,19883,location_repair,3,0.7976480502951478
inner_diagnosis,19883,location_repair,6,0.9052433197111157
inner_diagnosis,19943,original,3,1.0294746475594734
inner_diagnosis,19943,original,6,1.1821464952544578
inner_diagnosis,19943,location_repair,3,1.029474210809872
inner_diagnosis,19943,location_repair,6,1.1821453355431657
inner_diagnosis,20003,original,3,1.2301358624882666
inner_diagnosis,20003,original,6,1.3426398988781125
inner_diagnosis,20003,location_repair,3,1.2318227978219711
inner_diagnosis,20003,location_repair,6,1.3385378006949218
inner_diagnosis,20063,original,3,2.7594254509435436
inner_diagnosis,20063,original,6,3.924922049677996
inner_diagnosis,20063,location_repair,3,2.618626967857537
inner_diagnosis,20063,location_repair,6,3.8259205801282463
inner_diagnosis,20123,original,3,1.4116112134554513
inner_diagnosis,20123,original,6,1.248403711588933
inner_diagnosis,20123,location_repair,3,1.4077999037022702
inner_diagnosis,20123,location_repair,6,1.2455763722980573
inner_diagnosis,20476,original,3,1.3230677396656012
inner_diagnosis,20476,original,6,1.6532815786404234
inner_diagnosis,20476,location_repair,3,1.3033335087106213
inner_diagnosis,20476,location_repair,6,1.6004151094454346
inner_diagnosis,20536,original,3,3.8083290905470326
inner_diagnosis,20536,original,6,5.49853191448995
inner_diagnosis,20536,location_repair,3,3.44506493657736
inner_diagnosis,20536,location_repair,6,5.16790255122043
inner_diagnosis,20596,original,3,1.4809569047153979
inner_diagnosis,20596,original,6,2.047663229606566
inner_diagnosis,20596,location_repair,3,1.4374604281979617
inner_diagnosis,20596,location_repair,6,1.969213636851498
inner_diagnosis,20656,original,3,3.4082334024535075
inner_diagnosis,20656,original,6,5.527533410470695
inner_diagnosis,20656,location_repair,3,3.2825912588361796
inner_diagnosis,20656,location_repair,6,5.506277081662718
inner_diagnosis,20716,original,3,0.8686924501343946
inner_diagnosis,20716,original,6,0.8655759774789532
inner_diagnosis,20716,location_repair,3,0.8652051382007406
inner_diagnosis,20716,location_repair,6,0.8638722382401616
inner_diagnosis,20776,original,3,1.7392058027225799
inner_diagnosis,20776,original,6,2.189989326347421
inner_diagnosis,20776,location_repair,3,1.7209151981465718
inner_diagnosis,20776,location_repair,6,2.13590253640708
inner_diagnosis,20836,original,3,3.986462156055411
inner_diagnosis,20836,original,6,4.924161688587063
inner_diagnosis,20836,location_repair,3,3.6541336710952264
inner_diagnosis,20836,location_repair,6,4.77781099594943
inner_diagnosis,20896,original,3,2.6551131583611727
inner_diagnosis,20896,original,6,4.619471745760122
inner_diagnosis,20896,location_repair,3,2.6040082809479848
inner_diagnosis,20896,location_repair,6,4.594684785242252
inner_diagnosis,20956,original,3,2.682327419497105
inner_diagnosis,20956,original,6,2.7806527204058242
inner_diagnosis,20956,location_repair,3,2.5337409358800573
inner_diagnosis,20956,location_repair,6,2.6027540968334772
inner_diagnosis,21028,original,3,0.9769604218868475
inner_diagnosis,21028,original,6,1.0209767331078434
inner_diagnosis,21028,location_repair,3,0.965473690620309
inner_diagnosis,21028,location_repair,6,0.9931899975456107
inner_diagnosis,21088,original,3,2.9417961042210536
inner_diagnosis,21088,original,6,4.031252745650572
inner_diagnosis,21088,location_repair,3,2.9531057092769397
inner_diagnosis,21088,location_repair,6,4.124417823177487
inner_diagnosis,21148,original,3,1.262448096449992
inner_diagnosis,21148,original,6,1.7513547036564943
inner_diagnosis,21148,location_repair,3,1.222962667759632
inner_diagnosis,21148,location_repair,6,1.6782147075621154
inner_diagnosis,21208,original,3,3.08389311291944
inner_diagnosis,21208,original,6,4.473294968453648
inner_diagnosis,21208,location_repair,3,2.859188177710336
inner_diagnosis,21208,location_repair,6,4.208873183401984
inner_diagnosis,21268,original,3,1.558004513323777
inner_diagnosis,21268,original,6,1.7661152298035967
inner_diagnosis,21268,location_repair,3,1.5553680530021567
inner_diagnosis,21268,location_repair,6,1.7490375923022121
inner_diagnosis,21328,original,3,1.0566930619346733
inner_diagnosis,21328,original,6,1.1530440854247666
inner_diagnosis,21328,location_repair,3,1.0523828833508777
inner_diagnosis,21328,location_repair,6,1.1139960519287118
inner_diagnosis,21388,original,3,4.664429482648249
inner_diagnosis,21388,original,6,6.7389074177547865
inner_diagnosis,21388,location_repair,3,4.225470345825599
inner_diagnosis,21388,location_repair,6,6.16923917147551
inner_diagnosis,21448,original,3,1.3380628415461437
inner_diagnosis,21448,original,6,1.984206739019059
inner_diagnosis,21448,location_repair,3,1.3111309749287685
inner_diagnosis,21448,location_repair,6,1.9002261577464363
inner_diagnosis,21508,original,3,5.003614454149636
inner_diagnosis,21508,original,6,5.953995558814323
inner_diagnosis,21508,location_repair,3,4.499135356232249
inner_diagnosis,21508,location_repair,6,5.275337511161964
inner_diagnosis,21568,original,3,1.113779065382933
inner_diagnosis,21568,original,6,1.2191414937039655
inner_diagnosis,21568,location_repair,3,1.1076169986587001
inner_diagnosis,21568,location_repair,6,1.2087949971518657
inner_diagnosis,21628,original,3,1.3083036863360202
inner_diagnosis,21628,original,6,1.4936826811178268
inner_diagnosis,21628,location_repair,3,1.291383346423977
inner_diagnosis,21628,location_repair,6,1.4466105258535358
inner_diagnosis,21688,original,3,3.6800740532345992
inner_diagnosis,21688,original,6,4.8191561874002025
inner_diagnosis,21688,location_repair,3,3.5888443752348422
inner_diagnosis,21688,location_repair,6,4.705625092512243
inner_diagnosis,21748,original,3,1.6562128328170849
inner_diagnosis,21748,original,6,2.223364686132312
inner_diagnosis,21748,location_repair,3,1.6329737209601007
inner_diagnosis,21748,location_repair,6,2.1818689418756785
inner_diagnosis,21808,original,3,3.838035434689106
inner_diagnosis,21808,original,6,5.362964769634082
inner_diagnosis,21808,location_repair,3,3.658567955485831
inner_diagnosis,21808,location_repair,6,5.326507793009371
inner_diagnosis,21868,original,3,0.967251813099827
inner_diagnosis,21868,original,6,1.0866954039235268
inner_diagnosis,21868,location_repair,3,0.9630927689047329
inner_diagnosis,21868,location_repair,6,1.0770269502761889
inner_diagnosis,21928,original,3,1.0199085773019443
inner_diagnosis,21928,original,6,1.1426233716301568
inner_diagnosis,21928,location_repair,3,1.0199084904498166
inner_diagnosis,21928,location_repair,6,1.142622370078647
inner_diagnosis,21988,original,3,1.2026732965012228
inner_diagnosis,21988,original,6,1.3586595736929723
inner_diagnosis,21988,location_repair,3,1.1971084495523305
inner_diagnosis,21988,location_repair,6,1.3482954582008146
inner_diagnosis,22048,original,3,1.8495248777675624
inner_diagnosis,22048,original,6,2.144463763913661
inner_diagnosis,22048,location_repair,3,1.8340001215225863
inner_diagnosis,22048,location_repair,6,2.1282185131079823
inner_diagnosis,22108,original,3,1.2229454219173035
inner_diagnosis,22108,original,6,1.6399145228426004
inner_diagnosis,22108,location_repair,3,1.2468999851771156
inner_diagnosis,22108,location_repair,6,1.6715734374973998
inner_diagnosis,22168,original,3,0.816368835147074
inner_diagnosis,22168,original,6,0.8531742656094374
inner_diagnosis,22168,location_repair,3,0.8163686951587694
inner_diagnosis,22168,location_repair,6,0.8531736773897833
inner_diagnosis,22228,original,3,1.077898164118171
inner_diagnosis,22228,original,6,1.0954157087041463
inner_diagnosis,22228,location_repair,3,1.077898251801883
inner_diagnosis,22228,location_repair,6,1.0954146750172364
inner_diagnosis,22300,original,3,1.2418631398152233
inner_diagnosis,22300,original,6,1.4971942524027309
inner_diagnosis,22300,location_repair,3,1.2211033062725953
inner_diagnosis,22300,location_repair,6,1.46799661774821
inner_diagnosis,22360,original,3,1.6214968946459354
inner_diagnosis,22360,original,6,2.3323461954209073
inner_diagnosis,22360,location_repair,3,1.5967516238937474
inner_diagnosis,22360,location_repair,6,2.2933529736985494
inner_diagnosis,22420,original,3,0.9769805891939084
inner_diagnosis,22420,original,6,1.1676568959346538
inner_diagnosis,22420,location_repair,3,0.9792279236291802
inner_diagnosis,22420,location_repair,6,1.1694038667190003
inner_diagnosis,22480,original,3,0.9622149094833238
inner_diagnosis,22480,original,6,1.053066464551019
inner_diagnosis,22480,location_repair,3,0.957327764911594
inner_diagnosis,22480,location_repair,6,1.030905965774398
inner_diagnosis,22540,original,3,3.7290780380613517
inner_diagnosis,22540,original,6,5.375870191992939
inner_diagnosis,22540,location_repair,3,3.508039732071922
inner_diagnosis,22540,location_repair,6,5.105968202554568
inner_diagnosis,22600,original,3,1.4741420951170119
inner_diagnosis,22600,original,6,1.8195241021297208
inner_diagnosis,22600,location_repair,3,1.4111775590450661
inner_diagnosis,22600,location_repair,6,1.7193270997233399
inner_diagnosis,22660,original,3,4.7664874566216495
inner_diagnosis,22660,original,6,6.506270478487307
inner_diagnosis,22660,location_repair,3,3.9113967155272853
inner_diagnosis,22660,location_repair,6,5.468118119992845
inner_diagnosis,22720,original,3,1.3006766708408595
inner_diagnosis,22720,original,6,1.3919164608273502
inner_diagnosis,22720,location_repair,3,1.3053366613896196
inner_diagnosis,22720,location_repair,6,1.3916007911371624
inner_diagnosis,22780,original,3,1.1202279032116125
inner_diagnosis,22780,original,6,1.25018023008759
inner_diagnosis,22780,location_repair,3,1.104995456338836
inner_diagnosis,22780,location_repair,6,1.1978211725752428
inner_diagnosis,22840,original,3,5.693878357660007
inner_diagnosis,22840,original,6,8.464680280828121
inner_diagnosis,22840,location_repair,3,4.6281936878615575
inner_diagnosis,22840,location_repair,6,7.0663721535224875
inner_diagnosis,22900,original,3,1.7227393678907923
inner_diagnosis,22900,original,6,2.0682492778469603
inner_diagnosis,22900,location_repair,3,1.6653669274671925
inner_diagnosis,22900,location_repair,6,2.007005509331615
inner_diagnosis,22960,original,3,3.5999086790909427
inner_diagnosis,22960,original,6,4.757289955472739
inner_diagnosis,22960,location_repair,3,3.474429061231561
inner_diagnosis,22960,location_repair,6,4.734994721702656
inner_diagnosis,23020,original,3,0.9929899471268075
inner_diagnosis,23020,original,6,0.976676264470394
inner_diagnosis,23020,location_repair,3,0.9746328986304598
inner_diagnosis,23020,location_repair,6,0.9579017381847531
inner_diagnosis,23080,original,3,1.3824271298028539
inner_diagnosis,23080,original,6,2.091014909040119
inner_diagnosis,23080,location_repair,3,1.36206506894852
inner_diagnosis,23080,location_repair,6,2.0243591818183515
inner_diagnosis,23140,original,3,4.607654403333415
inner_diagnosis,23140,original,6,6.181643256448496
inner_diagnosis,23140,location_repair,3,4.065724050896732
inner_diagnosis,23140,location_repair,6,5.753431379268874
inner_diagnosis,23200,original,3,2.078508540126665
inner_diagnosis,23200,original,6,3.8859189581427716
inner_diagnosis,23200,location_repair,3,2.0120493309389196
inner_diagnosis,23200,location_repair,6,3.8353631120760308
inner_diagnosis,23260,original,3,1.4473678120139821
inner_diagnosis,23260,original,6,1.533377707086773
inner_diagnosis,23260,location_repair,3,1.3891769199020239
inner_diagnosis,23260,location_repair,6,1.5091184191889258
inner_diagnosis,23320,original,3,0.8696210257844301
inner_diagnosis,23320,original,6,0.9415025466884716
inner_diagnosis,23320,location_repair,3,0.8700518348561282
inner_diagnosis,23320,location_repair,6,0.9223559163734948
inner_diagnosis,23380,original,3,1.5727455516560074
inner_diagnosis,23380,original,6,1.7188297499232088
inner_diagnosis,23380,location_repair,3,1.5693622089025983
inner_diagnosis,23380,location_repair,6,1.7223322337889626
inner_diagnosis,23440,original,3,2.137315963880713
inner_diagnosis,23440,original,6,3.1882541104022004
inner_diagnosis,23440,location_repair,3,2.0523928680256054
inner_diagnosis,23440,location_repair,6,3.0818431246762676
inner_diagnosis,23500,original,3,3.1105507386871145
inner_diagnosis,23500,original,6,4.514505405921399
inner_diagnosis,23500,location_repair,3,2.7905124470681817
inner_diagnosis,23500,location_repair,6,4.080934974399398
inner_diagnosis,23572,original,3,1.4318442841997099
inner_diagnosis,23572,original,6,1.7691426364815184
inner_diagnosis,23572,location_repair,3,1.4156423708741463
inner_diagnosis,23572,location_repair,6,1.7354268941582793
validation,31409,location_repair,3,1.2535732201671401
validation,31409,location_repair,6,1.0976606668394844
validation,31490,location_repair,3,3.2251558392030066
validation,31490,location_repair,6,3.905904511793843
validation,31571,location_repair,3,2.0447764357147347
validation,31571,location_repair,6,3.388208496104873
validation,31652,location_repair,3,1.0410171992240767
validation,31652,location_repair,6,1.0417728994778952
validation,31733,location_repair,3,1.6142924171887072
validation,31733,location_repair,6,1.5006966004110835
validation,31815,location_repair,3,2.1809617792773097
validation,31815,location_repair,6,2.6969718130526497
validation,31896,location_repair,3,2.08569434434904
validation,31896,location_repair,6,2.719573533921363
validation,31977,location_repair,3,0.8390122977622289
validation,31977,location_repair,6,0.8179818052229682
validation,32058,location_repair,3,1.07948639184214
validation,32058,location_repair,6,1.4206721811628915
validation,32139,location_repair,3,1.802871522033894
validation,32139,location_repair,6,2.1259770868663668
validation,32221,location_repair,3,0.9750324364140373
validation,32221,location_repair,6,1.2136371979729084
validation,32302,location_repair,3,0.9331403403780517
validation,32302,location_repair,6,0.9103590548099961
validation,32383,location_repair,3,1.0443515526197629
validation,32383,location_repair,6,1.2509413712857707
validation,32464,location_repair,3,1.2562507100982314
validation,32464,location_repair,6,1.6828307011482817
validation,32545,location_repair,3,1.081191387443799
validation,32545,location_repair,6,0.9394299808201577
validation,32627,location_repair,3,3.5215478283234525
validation,32627,location_repair,6,4.3637483866563915
validation,32708,location_repair,3,3.3973910066437214
validation,32708,location_repair,6,3.8332828580532126
validation,32789,location_repair,3,1.3104926321462544
validation,32789,location_repair,6,1.5226705288860791
validation,32870,location_repair,3,1.5292906925422918
validation,32870,location_repair,6,2.060588028257322
validation,32952,location_repair,3,1.9285097388987669
validation,32952,location_repair,6,1.9455032688842522
validation,33033,location_repair,3,3.4290509787677688
validation,33033,location_repair,6,4.5915257439378285
validation,33114,location_repair,3,1.0462099940551899
validation,33114,location_repair,6,1.077362158067762
validation,33195,location_repair,3,3.739369913600156
validation,33195,location_repair,6,6.025920524617524
validation,33276,location_repair,3,1.2259063114902493
validation,33276,location_repair,6,1.9456685863364744
validation,33358,location_repair,3,1.1937618269874648
validation,33358,location_repair,6,1.2731213689308463
validation,33439,location_repair,3,1.3960263963655875
validation,33439,location_repair,6,1.5748951521258039
validation,33520,location_repair,3,2.7879619347666513
validation,33520,location_repair,6,3.4737576630546463
validation,33601,location_repair,3,3.9752036215852424
validation,33601,location_repair,6,6.564540183931534
validation,33682,location_repair,3,0.9745004330487466
validation,33682,location_repair,6,0.9222057980099007
validation,33764,location_repair,3,3.000961498944617
validation,33764,location_repair,6,3.8903931621560837
validation,33845,location_repair,3,1.6894524770545734
validation,33845,location_repair,6,1.9605817887107475
validation,33926,location_repair,3,1.3220081900726528
validation,33926,location_repair,6,1.4300148688994414
validation,34007,location_repair,3,0.9082710814799839
validation,34007,location_repair,6,0.9407378266260152
validation,34089,location_repair,3,1.3280060111338792
validation,34089,location_repair,6,1.8730276038990235
validation,34170,location_repair,3,1.8151373724505426
validation,34170,location_repair,6,2.489996411862257
validation,34251,location_repair,3,0.956897800021368
validation,34251,location_repair,6,0.945545221120033
validation,34332,location_repair,3,0.9813447357428827
validation,34332,location_repair,6,1.0938432357196892
validation,34413,location_repair,3,1.2645572361990371
validation,34413,location_repair,6,1.574265761792854
validation,34495,location_repair,3,1.169975146260653
validation,34495,location_repair,6,1.825029028157474
validation,34576,location_repair,3,1.0256797220216471
validation,34576,location_repair,6,1.1396640155838536
validation,34657,location_repair,3,3.993144451728564
validation,34657,location_repair,6,5.308856576260815
validation,34738,location_repair,3,2.8383047986738412
validation,34738,location_repair,6,3.8621617058908746
validation,34819,location_repair,3,0.9660826942246171
validation,34819,location_repair,6,0.9353270095700016
validation,34901,location_repair,3,1.8411268131461453
validation,34901,location_repair,6,2.050634586673988
validation,34982,location_repair,3,1.4186311999665333
validation,34982,location_repair,6,2.03830215617897
validation,35063,location_repair,3,4.1351120780306685
validation,35063,location_repair,6,4.669766038530482
validation,35144,location_repair,3,1.0139568346355172
validation,35144,location_repair,6,1.2267890346187842
validation,35225,location_repair,3,4.63467202971197
validation,35225,location_repair,6,6.713090212115419
validation,35307,location_repair,3,2.688410762382999
validation,35307,location_repair,6,3.42565878194691
validation,35388,location_repair,3,0.9223782632416369
validation,35388,location_repair,6,1.1086618886156283
validation,35469,location_repair,3,1.9618539110290987
validation,35469,location_repair,6,2.288436673620568
validation,35550,location_repair,3,1.5148062973278158
validation,35550,location_repair,6,1.8963181231031956
validation,35632,location_repair,3,3.238784806675113
validation,35632,location_repair,6,4.757200812330627
validation,35713,location_repair,3,0.8344255413253294
validation,35713,location_repair,6,0.9353494026775785
validation,35794,location_repair,3,2.9993257009601315
validation,35794,location_repair,6,3.2025728719755477
validation,35875,location_repair,3,4.024075216085506
validation,35875,location_repair,6,5.315820228411685
validation,35956,location_repair,3,1.1535923701436839
validation,35956,location_repair,6,1.3032707645076387
validation,36038,location_repair,3,1.0599258439016253
validation,36038,location_repair,6,1.136608797361484
validation,36119,location_repair,3,1.6064533824797413
validation,36119,location_repair,6,1.5967966050599829
validation,36200,location_repair,3,1.497335342959942
validation,36200,location_repair,6,2.0058191938491
validation,36281,location_repair,3,0.8909039017557713
validation,36281,location_repair,6,0.898856418259582
validation,36362,location_repair,3,0.9380410107403708
validation,36362,location_repair,6,1.2592687679402683
validation,36444,location_repair,3,1.3456447548332937
validation,36444,location_repair,6,1.8030024308253632
validation,36525,location_repair,3,1.3739308284231038
validation,36525,location_repair,6,1.7370952364454304
validation,36606,location_repair,3,1.2678362528686657
validation,36606,location_repair,6,1.4370463419361235
validation,36687,location_repair,3,2.6817211167772133
validation,36687,location_repair,6,3.0923493883199096
validation,36769,location_repair,3,3.7057300798548707
validation,36769,location_repair,6,5.7144677526810295
validation,36850,location_repair,3,1.2166913428905208
validation,36850,location_repair,6,1.0809693803403828
validation,36931,location_repair,3,3.2677277324651866
validation,36931,location_repair,6,5.055382180130084
validation,37012,location_repair,3,1.4026199116311084
validation,37012,location_repair,6,2.0951164585873507
validation,37093,location_repair,3,1.2061363376636063
validation,37093,location_repair,6,1.3682262811453851
validation,37175,location_repair,3,1.3006915956525824
validation,37175,location_repair,6,1.3365651399707086
validation,37256,location_repair,3,3.342867220018021
validation,37256,location_repair,6,4.7321691834155235
validation,37337,location_repair,3,3.1281197816098496
validation,37337,location_repair,6,4.633938601025934
validation,37418,location_repair,3,0.9887127368101504
validation,37418,location_repair,6,1.1238664933466624
validation,37499,location_repair,3,2.444531061730907
validation,37499,location_repair,6,3.4414495200870245
validation,37581,location_repair,3,1.4451478394244812
validation,37581,location_repair,6,1.7700595628035263
validation,37662,location_repair,3,2.5237413966525586
validation,37662,location_repair,6,3.3753052357022826
validation,37743,location_repair,3,1.2566946056725867
validation,37743,location_repair,6,1.2921828545834306
validation,37824,location_repair,3,2.7662712519414647
validation,37824,location_repair,6,3.656532108060023
validation,37906,location_repair,3,3.096249383277228
validation,37906,location_repair,6,4.182019807348201
validation,37987,location_repair,3,1.2504359415260318
validation,37987,location_repair,6,1.0479720105445645
validation,38068,location_repair,3,1.222778821594857
validation,38068,location_repair,6,1.4544830045849715
validation,38149,location_repair,3,1.614772438037626
validation,38149,location_repair,6,1.8575114674893383
validation,38230,location_repair,3,2.067013346371067
validation,38230,location_repair,6,2.0122105050411894
validation,38312,location_repair,3,0.9150220440633984
validation,38312,location_repair,6,0.8637928788366113
validation,38393,location_repair,3,1.0529294175717123
validation,38393,location_repair,6,1.3631772894504466
validation,38474,location_repair,3,1.6303242951527017
validation,38474,location_repair,6,2.2272672711579657
validation,38555,location_repair,3,0.9561196127599505
validation,38555,location_repair,6,0.9610775457465874
validation,38636,location_repair,3,1.4631590193783457
validation,38636,location_repair,6,2.0934014433196526
validation,38718,location_repair,3,1.105221636808756
validation,38718,location_repair,6,1.6746527350646403
validation,38799,location_repair,3,3.4008704755134667
validation,38799,location_repair,6,4.565227804066964
validation,38880,location_repair,3,1.1678280106489956
validation,38880,location_repair,6,1.121075466311578
validation,38961,location_repair,3,3.950466321362268
validation,38961,location_repair,6,4.555558574462959
validation,39042,location_repair,3,2.3231488023842557
validation,39042,location_repair,6,3.4805011928250007
validation,39124,location_repair,3,1.3384681990053457
validation,39124,location_repair,6,1.5158660181729282
validation,39205,location_repair,3,1.537148799964854
validation,39205,location_repair,6,1.9581019038670422
validation,39286,location_repair,3,2.48182289621577
validation,39286,location_repair,6,3.035345862434137
validation,39367,location_repair,3,3.7522301262289464
validation,39367,location_repair,6,5.348373146287894
validation,39449,location_repair,3,1.0343290880887122
validation,39449,location_repair,6,1.0216687962384343
validation,39530,location_repair,3,4.527325048044836
validation,39530,location_repair,6,6.799645723031075
validation,39611,location_repair,3,1.824435573245387
validation,39611,location_repair,6,2.848349725044823
validation,39692,location_repair,3,1.3832288846841032
validation,39692,location_repair,6,1.5506252539089207
validation,39773,location_repair,3,1.4189292949925816
validation,39773,location_repair,6,1.688584311100444
validation,39855,location_repair,3,2.6723895149189674
validation,39855,location_repair,6,3.168946462329319
validation,39936,location_repair,3,4.007371587740638
validation,39936,location_repair,6,5.288091912743519
validation,40017,location_repair,3,0.9420335849387972
validation,40017,location_repair,6,1.0145112769701932
validation,40098,location_repair,3,1.3630963311763453
validation,40098,location_repair,6,1.5759880630350465
validation,40179,location_repair,3,1.6204860004340824
validation,40179,location_repair,6,1.9487529343299943
validation,40261,location_repair,3,1.1389444514179101
validation,40261,location_repair,6,1.4277967299612093
validation,40342,location_repair,3,1.0208548520290803
validation,40342,location_repair,6,1.0211872634667287
validation,40423,location_repair,3,1.3203989133596097
validation,40423,location_repair,6,1.6905540020301957
validation,40504,location_repair,3,1.91382250632762
validation,40504,location_repair,6,2.9833949763086482
validation,40586,location_repair,3,0.9891727560797984
validation,40586,location_repair,6,1.0649687054515753
validation,40667,location_repair,3,2.3507077997461043
validation,40667,location_repair,6,3.324906912301925
validation,40748,location_repair,3,1.9589180689523982
validation,40748,location_repair,6,2.522098929138012
validation,40829,location_repair,3,2.0052631989420107
validation,40829,location_repair,6,2.356070698864936
validation,40910,location_repair,3,1.3513404435167042
validation,40910,location_repair,6,1.2461066523593023
validation,40992,location_repair,3,4.394597776543658
validation,40992,location_repair,6,5.586561606001012
validation,41073,location_repair,3,2.7363475309345664
validation,41073,location_repair,6,3.53870131273289
validation,41154,location_repair,3,1.0156234522808638
validation,41154,location_repair,6,1.0399290102737393
validation,41235,location_repair,3,1.672602661562549
validation,41235,location_repair,6,2.5855366547170315
validation,41316,location_repair,3,1.7666743884827603
validation,41316,location_repair,6,2.5313012307722924
validation,41398,location_repair,3,4.155632768250121
validation,41398,location_repair,6,5.347754515837463
validation,41479,location_repair,3,1.0208093088374997
validation,41479,location_repair,6,1.1124655719934897
validation,41560,location_repair,3,4.033559512554458
validation,41560,location_repair,6,6.155205605809356
validation,41641,location_repair,3,3.169913237286566
validation,41641,location_repair,6,4.241101808043864
validation,41723,location_repair,3,1.1391864113202308
validation,41723,location_repair,6,1.2507869145901944
