dataset,relation,source_type,target_type,count
synthetic,DEPENDS_ON,observation,observation,0
synthetic,DEPENDS_ON,observation,feature,0
synthetic,DEPENDS_ON,observation,claim,0
synthetic,DEPENDS_ON,feature,observation,32600
synthetic,DEPENDS_ON,feature,feature,0
synthetic,DEPENDS_ON,feature,claim,0
synthetic,DEPENDS_ON,claim,observation,0
synthetic,DEPENDS_ON,claim,feature,467
synthetic,DEPENDS_ON,claim,claim,25
synthetic,DERIVED_FROM,observation,observation,0
synthetic,DERIVED_FROM,observation,feature,0
synthetic,DERIVED_FROM,observation,claim,0
synthetic,DERIVED_FROM,feature,observation,32600
synthetic,DERIVED_FROM,feature,feature,0
synthetic,DERIVED_FROM,feature,claim,0
synthetic,DERIVED_FROM,claim,observation,0
synthetic,DERIVED_FROM,claim,feature,0
synthetic,DERIVED_FROM,claim,claim,0
synthetic,CURRENT_CITATION_PATH,observation,observation,0
synthetic,CURRENT_CITATION_PATH,observation,feature,0
synthetic,CURRENT_CITATION_PATH,observation,claim,0
synthetic,CURRENT_CITATION_PATH,feature,observation,0
synthetic,CURRENT_CITATION_PATH,feature,feature,0
synthetic,CURRENT_CITATION_PATH,feature,claim,0
synthetic,CURRENT_CITATION_PATH,claim,observation,0
synthetic,CURRENT_CITATION_PATH,claim,feature,141
synthetic,CURRENT_CITATION_PATH,claim,claim,0
wesad,DEPENDS_ON,observation,observation,0
wesad,DEPENDS_ON,observation,feature,0
wesad,DEPENDS_ON,observation,claim,0
wesad,DEPENDS_ON,feature,observation,32600
wesad,DEPENDS_ON,feature,feature,0
wesad,DEPENDS_ON,feature,claim,0
wesad,DEPENDS_ON,claim,observation,0
wesad,DEPENDS_ON,claim,feature,879
wesad,DEPENDS_ON,claim,claim,7
wesad,DERIVED_FROM,observation,observation,0
wesad,DERIVED_FROM,observation,feature,0
wesad,DERIVED_FROM,observation,claim,0
wesad,DERIVED_FROM,feature,observation,32600
wesad,DERIVED_FROM,feature,feature,0
wesad,DERIVED_FROM,feature,claim,0
wesad,DERIVED_FROM,claim,observation,0
wesad,DERIVED_FROM,claim,feature,0
wesad,DERIVED_FROM,claim,claim,0
wesad,CURRENT_CITATION_PATH,observation,observation,0
wesad,CURRENT_CITATION_PATH,observation,feature,0
wesad,CURRENT_CITATION_PATH,observation,claim,0
wesad,CURRENT_CITATION_PATH,feature,observation,0
wesad,CURRENT_CITATION_PATH,feature,feature,0
wesad,CURRENT_CITATION_PATH,feature,claim,0
wesad,CURRENT_CITATION_PATH,claim,observation,0
wesad,CURRENT_CITATION_PATH,claim,feature,130
wesad,CURRENT_CITATION_PATH,claim,claim,0
ppg_dalia,DEPENDS_ON,observation,observation,0
ppg_dalia,DEPENDS_ON,observation,feature,0
ppg_dalia,DEPENDS_ON,observation,claim,0
ppg_dalia,DEPENDS_ON,feature,observation,32600
ppg_dalia,DEPENDS_ON,feature,feature,0
ppg_dalia,DEPENDS_ON,feature,claim,0
ppg_dalia,DEPENDS_ON,claim,observation,0
ppg_dalia,DEPENDS_ON,claim,feature,845
ppg_dalia,DEPENDS_ON,claim,claim,4
ppg_dalia,DERIVED_FROM,observation,observation,0
ppg_dalia,DERIVED_FROM,observation,feature,0
ppg_dalia,DERIVED_FROM,observation,claim,0
ppg_dalia,DERIVED_FROM,feature,observation,32600
ppg_dalia,DERIVED_FROM,feature,feature,0
ppg_dalia,DERIVED_FROM,feature,claim,0
ppg_dalia,DERIVED_FROM,claim,observation,0
ppg_dalia,DERIVED_FROM,claim,feature,0
ppg_dalia,DERIVED_FROM,claim,claim,0
ppg_dalia,CURRENT_CITATION_PATH,observation,observation,0
ppg_dalia,CURRENT_CITATION_PATH,observation,feature,0
ppg_dalia,CURRENT_CITATION_PATH,observation,claim,0
ppg_dalia,CURRENT_CITATION_PATH,feature,observation,0
ppg_dalia,CURRENT_CITATION_PATH,feature,feature,0
ppg_dalia,CURRENT_CITATION_PATH,feature,claim,0
ppg_dalia,CURRENT_CITATION_PATH,claim,observation,0
ppg_dalia,CURRENT_CITATION_PATH,claim,feature,119
ppg_dalia,CURRENT_CITATION_PATH,claim,claim,0
