dataset,subject,episode_id,variant,scope,knowledge_time,roots,potential_records,potential_claims,actual_support_changes,required_changes,direct_claims,excluded_required,xi,locality_holds
ppg_dalia,S1,ppg_dalia-S1-e0,channel_fault,minimum_v1/ppg_dalia-S1-e0/channel_fault/M1,2331.0,5,6,1,1,1,1,0,0.0,True
ppg_dalia,S1,ppg_dalia-S1-e0,channel_fault,minimum_v1/ppg_dalia-S1-e0/channel_fault/M1,2391.0,10,12,2,2,1,2,0,0.0,True
ppg_dalia,S1,ppg_dalia-S1-e0,clean,minimum_v1/ppg_dalia-S1-e0/clean/M1,2331.0,1,2,1,0,0,1,0,,True
ppg_dalia,S1,ppg_dalia-S1-e0,clean,minimum_v1/ppg_dalia-S1-e0/clean/M1,2391.0,2,4,2,0,0,2,0,,True
ppg_dalia,S1,ppg_dalia-S1-e0,correction,minimum_v1/ppg_dalia-S1-e0/correction/M1,2331.0,1,2,1,1,1,1,0,0.0,True
ppg_dalia,S1,ppg_dalia-S1-e0,correction,minimum_v1/ppg_dalia-S1-e0/correction/M1,2391.0,2,4,2,2,1,2,0,0.0,True
ppg_dalia,S1,ppg_dalia-S1-e1,channel_fault,minimum_v1/ppg_dalia-S1-e1/channel_fault/M1,6936.0,5,6,1,1,1,1,0,0.0,True
ppg_dalia,S1,ppg_dalia-S1-e1,channel_fault,minimum_v1/ppg_dalia-S1-e1/channel_fault/M1,6996.0,10,12,2,2,1,2,0,0.0,True
ppg_dalia,S1,ppg_dalia-S1-e1,clean,minimum_v1/ppg_dalia-S1-e1/clean/M1,6936.0,1,2,1,0,0,1,0,,True
ppg_dalia,S1,ppg_dalia-S1-e1,clean,minimum_v1/ppg_dalia-S1-e1/clean/M1,6996.0,2,4,2,0,0,2,0,,True
ppg_dalia,S1,ppg_dalia-S1-e1,correction,minimum_v1/ppg_dalia-S1-e1/correction/M1,6936.0,1,2,1,1,1,1,0,0.0,True
ppg_dalia,S1,ppg_dalia-S1-e1,correction,minimum_v1/ppg_dalia-S1-e1/correction/M1,6996.0,2,4,2,2,1,2,0,0.0,True
ppg_dalia,S10,ppg_dalia-S10-e0,channel_fault,minimum_v1/ppg_dalia-S10-e0/channel_fault/M1,2691.0,5,6,1,1,1,1,0,0.0,True
ppg_dalia,S10,ppg_dalia-S10-e0,channel_fault,minimum_v1/ppg_dalia-S10-e0/channel_fault/M1,2751.0,10,12,2,2,1,2,0,0.0,True
ppg_dalia,S10,ppg_dalia-S10-e0,clean,minimum_v1/ppg_dalia-S10-e0/clean/M1,2691.0,1,2,1,0,0,1,0,,True
ppg_dalia,S10,ppg_dalia-S10-e0,clean,minimum_v1/ppg_dalia-S10-e0/clean/M1,2751.0,2,4,2,0,0,2,0,,True
ppg_dalia,S10,ppg_dalia-S10-e0,correction,minimum_v1/ppg_dalia-S10-e0/correction/M1,2691.0,1,2,1,1,1,1,0,0.0,True
ppg_dalia,S10,ppg_dalia-S10-e0,correction,minimum_v1/ppg_dalia-S10-e0/correction/M1,2751.0,2,4,2,2,1,2,0,0.0,True
ppg_dalia,S10,ppg_dalia-S10-e1,channel_fault,minimum_v1/ppg_dalia-S10-e1/channel_fault/M1,8016.0,5,6,1,0,0,1,0,,True
ppg_dalia,S10,ppg_dalia-S10-e1,channel_fault,minimum_v1/ppg_dalia-S10-e1/channel_fault/M1,8076.0,10,12,2,0,0,2,0,,True
ppg_dalia,S10,ppg_dalia-S10-e1,clean,minimum_v1/ppg_dalia-S10-e1/clean/M1,8016.0,1,2,1,0,0,1,0,,True
ppg_dalia,S10,ppg_dalia-S10-e1,clean,minimum_v1/ppg_dalia-S10-e1/clean/M1,8076.0,2,4,2,0,0,2,0,,True
ppg_dalia,S10,ppg_dalia-S10-e1,correction,minimum_v1/ppg_dalia-S10-e1/correction/M1,8016.0,1,2,1,1,1,1,0,0.0,True
ppg_dalia,S10,ppg_dalia-S10-e1,correction,minimum_v1/ppg_dalia-S10-e1/correction/M1,8076.0,2,4,2,2,1,2,0,0.0,True
ppg_dalia,S11,ppg_dalia-S11-e0,channel_fault,minimum_v1/ppg_dalia-S11-e0/channel_fault/M1,2291.0,5,6,1,1,1,1,0,0.0,True
ppg_dalia,S11,ppg_dalia-S11-e0,channel_fault,minimum_v1/ppg_dalia-S11-e0/channel_fault/M1,2351.0,10,12,2,2,1,2,0,0.0,True
ppg_dalia,S11,ppg_dalia-S11-e0,clean,minimum_v1/ppg_dalia-S11-e0/clean/M1,2291.0,1,2,1,0,0,1,0,,True
ppg_dalia,S11,ppg_dalia-S11-e0,clean,minimum_v1/ppg_dalia-S11-e0/clean/M1,2351.0,2,4,2,0,0,2,0,,True
ppg_dalia,S11,ppg_dalia-S11-e0,correction,minimum_v1/ppg_dalia-S11-e0/correction/M1,2291.0,1,2,1,1,1,1,0,0.0,True
ppg_dalia,S11,ppg_dalia-S11-e0,correction,minimum_v1/ppg_dalia-S11-e0/correction/M1,2351.0,2,4,2,2,1,2,0,0.0,True
ppg_dalia,S11,ppg_dalia-S11-e1,channel_fault,minimum_v1/ppg_dalia-S11-e1/channel_fault/M1,6816.0,5,6,1,1,1,1,0,0.0,True
ppg_dalia,S11,ppg_dalia-S11-e1,channel_fault,minimum_v1/ppg_dalia-S11-e1/channel_fault/M1,6876.0,10,12,2,2,1,2,0,0.0,True
ppg_dalia,S11,ppg_dalia-S11-e1,clean,minimum_v1/ppg_dalia-S11-e1/clean/M1,6816.0,1,2,1,0,0,1,0,,True
ppg_dalia,S11,ppg_dalia-S11-e1,clean,minimum_v1/ppg_dalia-S11-e1/clean/M1,6876.0,2,4,2,0,0,2,0,,True
ppg_dalia,S11,ppg_dalia-S11-e1,correction,minimum_v1/ppg_dalia-S11-e1/correction/M1,6816.0,1,2,1,1,1,1,0,0.0,True
ppg_dalia,S11,ppg_dalia-S11-e1,correction,minimum_v1/ppg_dalia-S11-e1/correction/M1,6876.0,2,4,2,2,1,2,0,0.0,True
ppg_dalia,S12,ppg_dalia-S12-e0,channel_fault,minimum_v1/ppg_dalia-S12-e0/channel_fault/M1,2006.0,5,7,2,1,1,2,0,0.0,True
ppg_dalia,S12,ppg_dalia-S12-e0,channel_fault,minimum_v1/ppg_dalia-S12-e0/channel_fault/M1,2066.0,10,15,4,2,1,4,0,0.0,True
ppg_dalia,S12,ppg_dalia-S12-e0,clean,minimum_v1/ppg_dalia-S12-e0/clean/M1,2006.0,1,2,1,0,0,1,0,,True
ppg_dalia,S12,ppg_dalia-S12-e0,clean,minimum_v1/ppg_dalia-S12-e0/clean/M1,2066.0,2,4,2,0,0,2,0,,True
ppg_dalia,S12,ppg_dalia-S12-e0,correction,minimum_v1/ppg_dalia-S12-e0/correction/M1,2006.0,1,2,1,1,1,1,0,0.0,True
ppg_dalia,S12,ppg_dalia-S12-e0,correction,minimum_v1/ppg_dalia-S12-e0/correction/M1,2066.0,2,4,2,2,1,2,0,0.0,True
ppg_dalia,S12,ppg_dalia-S12-e1,channel_fault,minimum_v1/ppg_dalia-S12-e1/channel_fault/M1,5966.0,5,7,2,1,1,2,0,0.0,True
ppg_dalia,S12,ppg_dalia-S12-e1,channel_fault,minimum_v1/ppg_dalia-S12-e1/channel_fault/M1,6026.0,10,15,4,2,1,4,0,0.0,True
ppg_dalia,S12,ppg_dalia-S12-e1,clean,minimum_v1/ppg_dalia-S12-e1/clean/M1,5966.0,1,2,1,0,0,1,0,,True
ppg_dalia,S12,ppg_dalia-S12-e1,clean,minimum_v1/ppg_dalia-S12-e1/clean/M1,6026.0,2,4,2,0,0,2,0,,True
ppg_dalia,S12,ppg_dalia-S12-e1,correction,minimum_v1/ppg_dalia-S12-e1/correction/M1,5966.0,1,2,1,1,1,1,0,0.0,True
ppg_dalia,S12,ppg_dalia-S12-e1,correction,minimum_v1/ppg_dalia-S12-e1/correction/M1,6026.0,2,4,2,2,1,2,0,0.0,True
ppg_dalia,S13,ppg_dalia-S13-e0,channel_fault,minimum_v1/ppg_dalia-S13-e0/channel_fault/M1,2311.0,5,6,1,1,1,1,0,0.0,True
ppg_dalia,S13,ppg_dalia-S13-e0,channel_fault,minimum_v1/ppg_dalia-S13-e0/channel_fault/M1,2371.0,10,12,2,2,1,2,0,0.0,True
ppg_dalia,S13,ppg_dalia-S13-e0,clean,minimum_v1/ppg_dalia-S13-e0/clean/M1,2311.0,1,2,1,0,0,1,0,,True
ppg_dalia,S13,ppg_dalia-S13-e0,clean,minimum_v1/ppg_dalia-S13-e0/clean/M1,2371.0,2,4,2,0,0,2,0,,True
ppg_dalia,S13,ppg_dalia-S13-e0,correction,minimum_v1/ppg_dalia-S13-e0/correction/M1,2311.0,1,2,1,1,1,1,0,0.0,True
ppg_dalia,S13,ppg_dalia-S13-e0,correction,minimum_v1/ppg_dalia-S13-e0/correction/M1,2371.0,2,4,2,2,1,2,0,0.0,True
ppg_dalia,S13,ppg_dalia-S13-e1,channel_fault,minimum_v1/ppg_dalia-S13-e1/channel_fault/M1,6881.0,5,7,2,1,1,2,0,0.0,True
ppg_dalia,S13,ppg_dalia-S13-e1,channel_fault,minimum_v1/ppg_dalia-S13-e1/channel_fault/M1,6941.0,10,15,4,2,1,4,0,0.0,True
ppg_dalia,S13,ppg_dalia-S13-e1,clean,minimum_v1/ppg_dalia-S13-e1/clean/M1,6881.0,1,2,1,0,0,1,0,,True
ppg_dalia,S13,ppg_dalia-S13-e1,clean,minimum_v1/ppg_dalia-S13-e1/clean/M1,6941.0,2,4,2,0,0,2,0,,True
ppg_dalia,S13,ppg_dalia-S13-e1,correction,minimum_v1/ppg_dalia-S13-e1/correction/M1,6881.0,1,2,1,1,1,1,0,0.0,True
ppg_dalia,S13,ppg_dalia-S13-e1,correction,minimum_v1/ppg_dalia-S13-e1/correction/M1,6941.0,2,4,2,2,1,2,0,0.0,True
ppg_dalia,S14,ppg_dalia-S14-e0,channel_fault,minimum_v1/ppg_dalia-S14-e0/channel_fault/M1,2266.0,5,6,1,1,1,1,0,0.0,True
ppg_dalia,S14,ppg_dalia-S14-e0,channel_fault,minimum_v1/ppg_dalia-S14-e0/channel_fault/M1,2326.0,10,12,2,2,1,2,0,0.0,True
ppg_dalia,S14,ppg_dalia-S14-e0,clean,minimum_v1/ppg_dalia-S14-e0/clean/M1,2266.0,1,2,1,0,0,1,0,,True
ppg_dalia,S14,ppg_dalia-S14-e0,clean,minimum_v1/ppg_dalia-S14-e0/clean/M1,2326.0,2,4,2,0,0,2,0,,True
ppg_dalia,S14,ppg_dalia-S14-e0,correction,minimum_v1/ppg_dalia-S14-e0/correction/M1,2266.0,1,2,1,1,1,1,0,0.0,True
ppg_dalia,S14,ppg_dalia-S14-e0,correction,minimum_v1/ppg_dalia-S14-e0/correction/M1,2326.0,2,4,2,2,1,2,0,0.0,True
ppg_dalia,S14,ppg_dalia-S14-e1,channel_fault,minimum_v1/ppg_dalia-S14-e1/channel_fault/M1,6746.0,5,7,2,2,2,2,0,0.0,True
ppg_dalia,S14,ppg_dalia-S14-e1,channel_fault,minimum_v1/ppg_dalia-S14-e1/channel_fault/M1,6806.0,10,13,3,3,1,3,0,0.0,True
ppg_dalia,S14,ppg_dalia-S14-e1,clean,minimum_v1/ppg_dalia-S14-e1/clean/M1,6746.0,1,2,1,0,0,1,0,,True
ppg_dalia,S14,ppg_dalia-S14-e1,clean,minimum_v1/ppg_dalia-S14-e1/clean/M1,6806.0,2,4,2,0,0,2,0,,True
ppg_dalia,S14,ppg_dalia-S14-e1,correction,minimum_v1/ppg_dalia-S14-e1/correction/M1,6746.0,1,3,2,2,2,2,0,0.0,True
ppg_dalia,S14,ppg_dalia-S14-e1,correction,minimum_v1/ppg_dalia-S14-e1/correction/M1,6806.0,2,5,3,3,1,3,0,0.0,True
ppg_dalia,S5,ppg_dalia-S5-e0,channel_fault,minimum_v1/ppg_dalia-S5-e0/channel_fault/M1,2356.0,5,6,1,1,1,1,0,0.0,True
ppg_dalia,S5,ppg_dalia-S5-e0,channel_fault,minimum_v1/ppg_dalia-S5-e0/channel_fault/M1,2416.0,10,12,2,2,1,2,0,0.0,True
ppg_dalia,S5,ppg_dalia-S5-e0,clean,minimum_v1/ppg_dalia-S5-e0/clean/M1,2356.0,1,2,1,0,0,1,0,,True
ppg_dalia,S5,ppg_dalia-S5-e0,clean,minimum_v1/ppg_dalia-S5-e0/clean/M1,2416.0,2,4,2,0,0,2,0,,True
ppg_dalia,S5,ppg_dalia-S5-e0,correction,minimum_v1/ppg_dalia-S5-e0/correction/M1,2356.0,1,2,1,1,1,1,0,0.0,True
ppg_dalia,S5,ppg_dalia-S5-e0,correction,minimum_v1/ppg_dalia-S5-e0/correction/M1,2416.0,2,4,2,2,1,2,0,0.0,True
ppg_dalia,S5,ppg_dalia-S5-e1,channel_fault,minimum_v1/ppg_dalia-S5-e1/channel_fault/M1,7006.0,5,6,1,0,0,1,0,,True
ppg_dalia,S5,ppg_dalia-S5-e1,channel_fault,minimum_v1/ppg_dalia-S5-e1/channel_fault/M1,7066.0,10,12,2,0,0,2,0,,True
ppg_dalia,S5,ppg_dalia-S5-e1,clean,minimum_v1/ppg_dalia-S5-e1/clean/M1,7006.0,1,2,1,0,0,1,0,,True
ppg_dalia,S5,ppg_dalia-S5-e1,clean,minimum_v1/ppg_dalia-S5-e1/clean/M1,7066.0,2,4,2,0,0,2,0,,True
ppg_dalia,S5,ppg_dalia-S5-e1,correction,minimum_v1/ppg_dalia-S5-e1/correction/M1,7006.0,1,2,1,1,1,1,0,0.0,True
ppg_dalia,S5,ppg_dalia-S5-e1,correction,minimum_v1/ppg_dalia-S5-e1/correction/M1,7066.0,2,4,2,2,1,2,0,0.0,True
ppg_dalia,S6,ppg_dalia-S6-e0,channel_fault,minimum_v1/ppg_dalia-S6-e0/channel_fault/M1,1341.0,5,6,1,1,1,1,0,0.0,True
ppg_dalia,S6,ppg_dalia-S6-e0,channel_fault,minimum_v1/ppg_dalia-S6-e0/channel_fault/M1,1401.0,10,12,2,2,1,2,0,0.0,True
ppg_dalia,S6,ppg_dalia-S6-e0,clean,minimum_v1/ppg_dalia-S6-e0/clean/M1,1341.0,1,2,1,0,0,1,0,,True
ppg_dalia,S6,ppg_dalia-S6-e0,clean,minimum_v1/ppg_dalia-S6-e0/clean/M1,1401.0,2,4,2,0,0,2,0,,True
ppg_dalia,S6,ppg_dalia-S6-e0,correction,minimum_v1/ppg_dalia-S6-e0/correction/M1,1341.0,1,2,1,1,1,1,0,0.0,True
ppg_dalia,S6,ppg_dalia-S6-e0,correction,minimum_v1/ppg_dalia-S6-e0/correction/M1,1401.0,2,4,2,2,1,2,0,0.0,True
ppg_dalia,S6,ppg_dalia-S6-e1,channel_fault,minimum_v1/ppg_dalia-S6-e1/channel_fault/M1,3966.0,5,7,2,1,1,2,0,0.0,True
ppg_dalia,S6,ppg_dalia-S6-e1,channel_fault,minimum_v1/ppg_dalia-S6-e1/channel_fault/M1,4026.0,10,15,4,2,1,4,0,0.0,True
ppg_dalia,S6,ppg_dalia-S6-e1,clean,minimum_v1/ppg_dalia-S6-e1/clean/M1,3966.0,1,2,1,0,0,1,0,,True
ppg_dalia,S6,ppg_dalia-S6-e1,clean,minimum_v1/ppg_dalia-S6-e1/clean/M1,4026.0,2,4,2,0,0,2,0,,True
ppg_dalia,S6,ppg_dalia-S6-e1,correction,minimum_v1/ppg_dalia-S6-e1/correction/M1,3966.0,1,2,1,1,1,1,0,0.0,True
ppg_dalia,S6,ppg_dalia-S6-e1,correction,minimum_v1/ppg_dalia-S6-e1/correction/M1,4026.0,2,4,2,2,1,2,0,0.0,True
ppg_dalia,S7,ppg_dalia-S7-e0,channel_fault,minimum_v1/ppg_dalia-S7-e0/channel_fault/M1,2366.0,5,7,2,2,2,2,0,0.0,True
ppg_dalia,S7,ppg_dalia-S7-e0,channel_fault,minimum_v1/ppg_dalia-S7-e0/channel_fault/M1,2426.0,10,14,4,4,2,4,0,0.0,True
ppg_dalia,S7,ppg_dalia-S7-e0,clean,minimum_v1/ppg_dalia-S7-e0/clean/M1,2366.0,1,2,1,0,0,1,0,,True
ppg_dalia,S7,ppg_dalia-S7-e0,clean,minimum_v1/ppg_dalia-S7-e0/clean/M1,2426.0,2,4,2,0,0,2,0,,True
ppg_dalia,S7,ppg_dalia-S7-e0,correction,minimum_v1/ppg_dalia-S7-e0/correction/M1,2366.0,1,2,1,1,1,1,0,0.0,True
ppg_dalia,S7,ppg_dalia-S7-e0,correction,minimum_v1/ppg_dalia-S7-e0/correction/M1,2426.0,2,4,2,2,1,2,0,0.0,True
ppg_dalia,S7,ppg_dalia-S7-e1,channel_fault,minimum_v1/ppg_dalia-S7-e1/channel_fault/M1,7036.0,5,6,1,1,1,1,0,0.0,True
ppg_dalia,S7,ppg_dalia-S7-e1,channel_fault,minimum_v1/ppg_dalia-S7-e1/channel_fault/M1,7096.0,10,12,2,2,1,2,0,0.0,True
ppg_dalia,S7,ppg_dalia-S7-e1,clean,minimum_v1/ppg_dalia-S7-e1/clean/M1,7036.0,1,2,1,0,0,1,0,,True
ppg_dalia,S7,ppg_dalia-S7-e1,clean,minimum_v1/ppg_dalia-S7-e1/clean/M1,7096.0,2,4,2,0,0,2,0,,True
ppg_dalia,S7,ppg_dalia-S7-e1,correction,minimum_v1/ppg_dalia-S7-e1/correction/M1,7036.0,1,2,1,1,1,1,0,0.0,True
ppg_dalia,S7,ppg_dalia-S7-e1,correction,minimum_v1/ppg_dalia-S7-e1/correction/M1,7096.0,2,4,2,2,1,2,0,0.0,True
ppg_dalia,S9,ppg_dalia-S9-e0,channel_fault,minimum_v1/ppg_dalia-S9-e0/channel_fault/M1,2171.0,5,6,1,1,1,1,0,0.0,True
ppg_dalia,S9,ppg_dalia-S9-e0,channel_fault,minimum_v1/ppg_dalia-S9-e0/channel_fault/M1,2231.0,10,12,2,2,1,2,0,0.0,True
ppg_dalia,S9,ppg_dalia-S9-e0,clean,minimum_v1/ppg_dalia-S9-e0/clean/M1,2171.0,1,2,1,0,0,1,0,,True
ppg_dalia,S9,ppg_dalia-S9-e0,clean,minimum_v1/ppg_dalia-S9-e0/clean/M1,2231.0,2,4,2,0,0,2,0,,True
ppg_dalia,S9,ppg_dalia-S9-e0,correction,minimum_v1/ppg_dalia-S9-e0/correction/M1,2171.0,1,2,1,1,1,1,0,0.0,True
ppg_dalia,S9,ppg_dalia-S9-e0,correction,minimum_v1/ppg_dalia-S9-e0/correction/M1,2231.0,2,4,2,2,1,2,0,0.0,True
ppg_dalia,S9,ppg_dalia-S9-e1,channel_fault,minimum_v1/ppg_dalia-S9-e1/channel_fault/M1,6451.0,5,6,1,1,1,1,0,0.0,True
ppg_dalia,S9,ppg_dalia-S9-e1,channel_fault,minimum_v1/ppg_dalia-S9-e1/channel_fault/M1,6511.0,10,12,2,2,1,2,0,0.0,True
ppg_dalia,S9,ppg_dalia-S9-e1,clean,minimum_v1/ppg_dalia-S9-e1/clean/M1,6451.0,1,2,1,0,0,1,0,,True
ppg_dalia,S9,ppg_dalia-S9-e1,clean,minimum_v1/ppg_dalia-S9-e1/clean/M1,6511.0,2,4,2,0,0,2,0,,True
ppg_dalia,S9,ppg_dalia-S9-e1,correction,minimum_v1/ppg_dalia-S9-e1/correction/M1,6451.0,1,2,1,1,1,1,0,0.0,True
ppg_dalia,S9,ppg_dalia-S9-e1,correction,minimum_v1/ppg_dalia-S9-e1/correction/M1,6511.0,2,4,2,2,1,2,0,0.0,True
synthetic,V1001,synthetic-V1001-e0,channel_fault,minimum_v1/synthetic-V1001-e0/channel_fault/M1,481.0,5,6,1,0,0,1,0,,True
synthetic,V1001,synthetic-V1001-e0,channel_fault,minimum_v1/synthetic-V1001-e0/channel_fault/M1,541.0,10,12,2,0,0,2,0,,True
synthetic,V1001,synthetic-V1001-e0,clean,minimum_v1/synthetic-V1001-e0/clean/M1,481.0,1,2,1,0,0,1,0,,True
synthetic,V1001,synthetic-V1001-e0,clean,minimum_v1/synthetic-V1001-e0/clean/M1,541.0,2,4,2,0,0,2,0,,True
synthetic,V1001,synthetic-V1001-e0,correction,minimum_v1/synthetic-V1001-e0/correction/M1,481.0,1,2,1,1,1,1,0,0.0,True
synthetic,V1001,synthetic-V1001-e0,correction,minimum_v1/synthetic-V1001-e0/correction/M1,541.0,2,4,2,2,1,2,0,0.0,True
synthetic,V1001,synthetic-V1001-e1,channel_fault,minimum_v1/synthetic-V1001-e1/channel_fault/M1,1381.0,5,6,1,1,1,1,0,0.0,True
synthetic,V1001,synthetic-V1001-e1,channel_fault,minimum_v1/synthetic-V1001-e1/channel_fault/M1,1441.0,10,13,3,3,2,3,0,0.0,True
synthetic,V1001,synthetic-V1001-e1,clean,minimum_v1/synthetic-V1001-e1/clean/M1,1381.0,1,2,1,0,0,1,0,,True
synthetic,V1001,synthetic-V1001-e1,clean,minimum_v1/synthetic-V1001-e1/clean/M1,1441.0,2,4,2,0,0,2,0,,True
synthetic,V1001,synthetic-V1001-e1,correction,minimum_v1/synthetic-V1001-e1/correction/M1,1381.0,1,2,1,1,1,1,0,0.0,True
synthetic,V1001,synthetic-V1001-e1,correction,minimum_v1/synthetic-V1001-e1/correction/M1,1441.0,2,4,2,2,1,2,0,0.0,True
synthetic,V1002,synthetic-V1002-e0,channel_fault,minimum_v1/synthetic-V1002-e0/channel_fault/M1,481.0,5,6,1,1,1,1,0,0.0,True
synthetic,V1002,synthetic-V1002-e0,channel_fault,minimum_v1/synthetic-V1002-e0/channel_fault/M1,541.0,10,12,2,2,1,2,0,0.0,True
synthetic,V1002,synthetic-V1002-e0,clean,minimum_v1/synthetic-V1002-e0/clean/M1,481.0,1,2,1,0,0,1,0,,True
synthetic,V1002,synthetic-V1002-e0,clean,minimum_v1/synthetic-V1002-e0/clean/M1,541.0,2,4,2,0,0,2,0,,True
synthetic,V1002,synthetic-V1002-e0,correction,minimum_v1/synthetic-V1002-e0/correction/M1,481.0,1,2,1,1,1,1,0,0.0,True
synthetic,V1002,synthetic-V1002-e0,correction,minimum_v1/synthetic-V1002-e0/correction/M1,541.0,2,4,2,2,1,2,0,0.0,True
synthetic,V1002,synthetic-V1002-e1,channel_fault,minimum_v1/synthetic-V1002-e1/channel_fault/M1,1381.0,5,7,2,1,1,2,0,0.0,True
synthetic,V1002,synthetic-V1002-e1,channel_fault,minimum_v1/synthetic-V1002-e1/channel_fault/M1,1441.0,10,15,4,2,1,4,0,0.0,True
synthetic,V1002,synthetic-V1002-e1,clean,minimum_v1/synthetic-V1002-e1/clean/M1,1381.0,1,2,1,0,0,1,0,,True
synthetic,V1002,synthetic-V1002-e1,clean,minimum_v1/synthetic-V1002-e1/clean/M1,1441.0,2,4,2,0,0,2,0,,True
synthetic,V1002,synthetic-V1002-e1,correction,minimum_v1/synthetic-V1002-e1/correction/M1,1381.0,1,2,1,1,1,1,0,0.0,True
synthetic,V1002,synthetic-V1002-e1,correction,minimum_v1/synthetic-V1002-e1/correction/M1,1441.0,2,4,2,2,1,2,0,0.0,True
synthetic,V1003,synthetic-V1003-e0,channel_fault,minimum_v1/synthetic-V1003-e0/channel_fault/M1,481.0,5,7,2,2,2,2,0,0.0,True
synthetic,V1003,synthetic-V1003-e0,channel_fault,minimum_v1/synthetic-V1003-e0/channel_fault/M1,541.0,10,13,3,3,1,3,0,0.0,True
synthetic,V1003,synthetic-V1003-e0,clean,minimum_v1/synthetic-V1003-e0/clean/M1,481.0,1,3,2,0,0,2,0,,True
synthetic,V1003,synthetic-V1003-e0,clean,minimum_v1/synthetic-V1003-e0/clean/M1,541.0,2,5,3,0,0,3,0,,True
synthetic,V1003,synthetic-V1003-e0,correction,minimum_v1/synthetic-V1003-e0/correction/M1,481.0,1,3,2,2,2,2,0,0.0,True
synthetic,V1003,synthetic-V1003-e0,correction,minimum_v1/synthetic-V1003-e0/correction/M1,541.0,2,5,3,3,1,3,0,0.0,True
synthetic,V1003,synthetic-V1003-e1,channel_fault,minimum_v1/synthetic-V1003-e1/channel_fault/M1,1381.0,5,7,2,1,1,2,0,0.0,True
synthetic,V1003,synthetic-V1003-e1,channel_fault,minimum_v1/synthetic-V1003-e1/channel_fault/M1,1441.0,10,15,4,2,1,4,0,0.0,True
synthetic,V1003,synthetic-V1003-e1,clean,minimum_v1/synthetic-V1003-e1/clean/M1,1381.0,1,2,1,0,0,1,0,,True
synthetic,V1003,synthetic-V1003-e1,clean,minimum_v1/synthetic-V1003-e1/clean/M1,1441.0,2,4,2,0,0,2,0,,True
synthetic,V1003,synthetic-V1003-e1,correction,minimum_v1/synthetic-V1003-e1/correction/M1,1381.0,1,2,1,1,1,1,0,0.0,True
synthetic,V1003,synthetic-V1003-e1,correction,minimum_v1/synthetic-V1003-e1/correction/M1,1441.0,2,4,2,2,1,2,0,0.0,True
synthetic,V1004,synthetic-V1004-e0,channel_fault,minimum_v1/synthetic-V1004-e0/channel_fault/M1,481.0,5,6,1,1,1,1,0,0.0,True
synthetic,V1004,synthetic-V1004-e0,channel_fault,minimum_v1/synthetic-V1004-e0/channel_fault/M1,541.0,10,12,2,2,1,2,0,0.0,True
synthetic,V1004,synthetic-V1004-e0,clean,minimum_v1/synthetic-V1004-e0/clean/M1,481.0,1,2,1,0,0,1,0,,True
synthetic,V1004,synthetic-V1004-e0,clean,minimum_v1/synthetic-V1004-e0/clean/M1,541.0,2,4,2,0,0,2,0,,True
synthetic,V1004,synthetic-V1004-e0,correction,minimum_v1/synthetic-V1004-e0/correction/M1,481.0,1,2,1,1,1,1,0,0.0,True
synthetic,V1004,synthetic-V1004-e0,correction,minimum_v1/synthetic-V1004-e0/correction/M1,541.0,2,4,2,2,1,2,0,0.0,True
synthetic,V1004,synthetic-V1004-e1,channel_fault,minimum_v1/synthetic-V1004-e1/channel_fault/M1,1381.0,5,7,2,1,1,2,0,0.0,True
synthetic,V1004,synthetic-V1004-e1,channel_fault,minimum_v1/synthetic-V1004-e1/channel_fault/M1,1441.0,10,15,4,2,1,4,0,0.0,True
synthetic,V1004,synthetic-V1004-e1,clean,minimum_v1/synthetic-V1004-e1/clean/M1,1381.0,1,2,1,0,0,1,0,,True
synthetic,V1004,synthetic-V1004-e1,clean,minimum_v1/synthetic-V1004-e1/clean/M1,1441.0,2,4,2,0,0,2,0,,True
synthetic,V1004,synthetic-V1004-e1,correction,minimum_v1/synthetic-V1004-e1/correction/M1,1381.0,1,2,1,1,1,1,0,0.0,True
synthetic,V1004,synthetic-V1004-e1,correction,minimum_v1/synthetic-V1004-e1/correction/M1,1441.0,2,4,2,2,1,2,0,0.0,True
synthetic,V1005,synthetic-V1005-e0,channel_fault,minimum_v1/synthetic-V1005-e0/channel_fault/M1,481.0,5,7,2,2,2,2,0,0.0,True
synthetic,V1005,synthetic-V1005-e0,channel_fault,minimum_v1/synthetic-V1005-e0/channel_fault/M1,541.0,10,13,3,3,1,3,0,0.0,True
synthetic,V1005,synthetic-V1005-e0,clean,minimum_v1/synthetic-V1005-e0/clean/M1,481.0,1,3,2,0,0,2,0,,True
synthetic,V1005,synthetic-V1005-e0,clean,minimum_v1/synthetic-V1005-e0/clean/M1,541.0,2,5,3,0,0,3,0,,True
synthetic,V1005,synthetic-V1005-e0,correction,minimum_v1/synthetic-V1005-e0/correction/M1,481.0,1,3,2,2,2,2,0,0.0,True
synthetic,V1005,synthetic-V1005-e0,correction,minimum_v1/synthetic-V1005-e0/correction/M1,541.0,2,5,3,3,1,3,0,0.0,True
synthetic,V1005,synthetic-V1005-e1,channel_fault,minimum_v1/synthetic-V1005-e1/channel_fault/M1,1381.0,5,6,1,1,1,1,0,0.0,True
synthetic,V1005,synthetic-V1005-e1,channel_fault,minimum_v1/synthetic-V1005-e1/channel_fault/M1,1441.0,10,12,2,2,1,2,0,0.0,True
synthetic,V1005,synthetic-V1005-e1,clean,minimum_v1/synthetic-V1005-e1/clean/M1,1381.0,1,2,1,0,0,1,0,,True
synthetic,V1005,synthetic-V1005-e1,clean,minimum_v1/synthetic-V1005-e1/clean/M1,1441.0,2,4,2,0,0,2,0,,True
synthetic,V1005,synthetic-V1005-e1,correction,minimum_v1/synthetic-V1005-e1/correction/M1,1381.0,1,2,1,1,1,1,0,0.0,True
synthetic,V1005,synthetic-V1005-e1,correction,minimum_v1/synthetic-V1005-e1/correction/M1,1441.0,2,4,2,2,1,2,0,0.0,True
synthetic,V1006,synthetic-V1006-e0,channel_fault,minimum_v1/synthetic-V1006-e0/channel_fault/M1,481.0,5,6,1,0,0,1,0,,True
synthetic,V1006,synthetic-V1006-e0,channel_fault,minimum_v1/synthetic-V1006-e0/channel_fault/M1,541.0,10,12,2,0,0,2,0,,True
synthetic,V1006,synthetic-V1006-e0,clean,minimum_v1/synthetic-V1006-e0/clean/M1,481.0,1,2,1,0,0,1,0,,True
synthetic,V1006,synthetic-V1006-e0,clean,minimum_v1/synthetic-V1006-e0/clean/M1,541.0,2,4,2,0,0,2,0,,True
synthetic,V1006,synthetic-V1006-e0,correction,minimum_v1/synthetic-V1006-e0/correction/M1,481.0,1,2,1,1,1,1,0,0.0,True
synthetic,V1006,synthetic-V1006-e0,correction,minimum_v1/synthetic-V1006-e0/correction/M1,541.0,2,4,2,2,1,2,0,0.0,True
synthetic,V1006,synthetic-V1006-e1,channel_fault,minimum_v1/synthetic-V1006-e1/channel_fault/M1,1381.0,5,6,1,0,0,1,0,,True
synthetic,V1006,synthetic-V1006-e1,channel_fault,minimum_v1/synthetic-V1006-e1/channel_fault/M1,1441.0,10,12,2,0,0,2,0,,True
synthetic,V1006,synthetic-V1006-e1,clean,minimum_v1/synthetic-V1006-e1/clean/M1,1381.0,1,2,1,0,0,1,0,,True
synthetic,V1006,synthetic-V1006-e1,clean,minimum_v1/synthetic-V1006-e1/clean/M1,1441.0,2,4,2,0,0,2,0,,True
synthetic,V1006,synthetic-V1006-e1,correction,minimum_v1/synthetic-V1006-e1/correction/M1,1381.0,1,2,1,1,1,1,0,0.0,True
synthetic,V1006,synthetic-V1006-e1,correction,minimum_v1/synthetic-V1006-e1/correction/M1,1441.0,2,4,2,2,1,2,0,0.0,True
synthetic,V1007,synthetic-V1007-e0,channel_fault,minimum_v1/synthetic-V1007-e0/channel_fault/M1,481.0,5,7,2,1,1,2,0,0.0,True
synthetic,V1007,synthetic-V1007-e0,channel_fault,minimum_v1/synthetic-V1007-e0/channel_fault/M1,541.0,10,15,4,2,1,4,0,0.0,True
synthetic,V1007,synthetic-V1007-e0,clean,minimum_v1/synthetic-V1007-e0/clean/M1,481.0,1,2,1,0,0,1,0,,True
synthetic,V1007,synthetic-V1007-e0,clean,minimum_v1/synthetic-V1007-e0/clean/M1,541.0,2,4,2,0,0,2,0,,True
synthetic,V1007,synthetic-V1007-e0,correction,minimum_v1/synthetic-V1007-e0/correction/M1,481.0,1,2,1,1,1,1,0,0.0,True
synthetic,V1007,synthetic-V1007-e0,correction,minimum_v1/synthetic-V1007-e0/correction/M1,541.0,2,4,2,2,1,2,0,0.0,True
synthetic,V1007,synthetic-V1007-e1,channel_fault,minimum_v1/synthetic-V1007-e1/channel_fault/M1,1381.0,5,6,1,0,0,1,0,,True
synthetic,V1007,synthetic-V1007-e1,channel_fault,minimum_v1/synthetic-V1007-e1/channel_fault/M1,1441.0,10,12,2,0,0,2,0,,True
synthetic,V1007,synthetic-V1007-e1,clean,minimum_v1/synthetic-V1007-e1/clean/M1,1381.0,1,2,1,0,0,1,0,,True
synthetic,V1007,synthetic-V1007-e1,clean,minimum_v1/synthetic-V1007-e1/clean/M1,1441.0,2,4,2,0,0,2,0,,True
synthetic,V1007,synthetic-V1007-e1,correction,minimum_v1/synthetic-V1007-e1/correction/M1,1381.0,1,2,1,1,1,1,0,0.0,True
synthetic,V1007,synthetic-V1007-e1,correction,minimum_v1/synthetic-V1007-e1/correction/M1,1441.0,2,4,2,2,1,2,0,0.0,True
synthetic,V1008,synthetic-V1008-e0,channel_fault,minimum_v1/synthetic-V1008-e0/channel_fault/M1,481.0,5,6,1,1,1,1,0,0.0,True
synthetic,V1008,synthetic-V1008-e0,channel_fault,minimum_v1/synthetic-V1008-e0/channel_fault/M1,541.0,10,12,2,2,1,2,0,0.0,True
synthetic,V1008,synthetic-V1008-e0,clean,minimum_v1/synthetic-V1008-e0/clean/M1,481.0,1,2,1,0,0,1,0,,True
synthetic,V1008,synthetic-V1008-e0,clean,minimum_v1/synthetic-V1008-e0/clean/M1,541.0,2,4,2,0,0,2,0,,True
synthetic,V1008,synthetic-V1008-e0,correction,minimum_v1/synthetic-V1008-e0/correction/M1,481.0,1,2,1,1,1,1,0,0.0,True
synthetic,V1008,synthetic-V1008-e0,correction,minimum_v1/synthetic-V1008-e0/correction/M1,541.0,2,4,2,2,1,2,0,0.0,True
synthetic,V1008,synthetic-V1008-e1,channel_fault,minimum_v1/synthetic-V1008-e1/channel_fault/M1,1381.0,5,7,2,1,1,2,0,0.0,True
synthetic,V1008,synthetic-V1008-e1,channel_fault,minimum_v1/synthetic-V1008-e1/channel_fault/M1,1441.0,10,15,4,2,1,4,0,0.0,True
synthetic,V1008,synthetic-V1008-e1,clean,minimum_v1/synthetic-V1008-e1/clean/M1,1381.0,1,2,1,0,0,1,0,,True
synthetic,V1008,synthetic-V1008-e1,clean,minimum_v1/synthetic-V1008-e1/clean/M1,1441.0,2,4,2,0,0,2,0,,True
synthetic,V1008,synthetic-V1008-e1,correction,minimum_v1/synthetic-V1008-e1/correction/M1,1381.0,1,2,1,1,1,1,0,0.0,True
synthetic,V1008,synthetic-V1008-e1,correction,minimum_v1/synthetic-V1008-e1/correction/M1,1441.0,2,4,2,2,1,2,0,0.0,True
synthetic,V1009,synthetic-V1009-e0,channel_fault,minimum_v1/synthetic-V1009-e0/channel_fault/M1,481.0,5,7,2,2,2,2,0,0.0,True
synthetic,V1009,synthetic-V1009-e0,channel_fault,minimum_v1/synthetic-V1009-e0/channel_fault/M1,541.0,10,13,3,3,1,3,0,0.0,True
synthetic,V1009,synthetic-V1009-e0,clean,minimum_v1/synthetic-V1009-e0/clean/M1,481.0,1,3,2,0,0,2,0,,True
synthetic,V1009,synthetic-V1009-e0,clean,minimum_v1/synthetic-V1009-e0/clean/M1,541.0,2,5,3,0,0,3,0,,True
synthetic,V1009,synthetic-V1009-e0,correction,minimum_v1/synthetic-V1009-e0/correction/M1,481.0,1,3,2,2,2,2,0,0.0,True
synthetic,V1009,synthetic-V1009-e0,correction,minimum_v1/synthetic-V1009-e0/correction/M1,541.0,2,5,3,3,1,3,0,0.0,True
synthetic,V1009,synthetic-V1009-e1,channel_fault,minimum_v1/synthetic-V1009-e1/channel_fault/M1,1381.0,5,6,1,0,0,1,0,,True
synthetic,V1009,synthetic-V1009-e1,channel_fault,minimum_v1/synthetic-V1009-e1/channel_fault/M1,1441.0,10,12,2,0,0,2,0,,True
synthetic,V1009,synthetic-V1009-e1,clean,minimum_v1/synthetic-V1009-e1/clean/M1,1381.0,1,2,1,0,0,1,0,,True
synthetic,V1009,synthetic-V1009-e1,clean,minimum_v1/synthetic-V1009-e1/clean/M1,1441.0,2,4,2,0,0,2,0,,True
synthetic,V1009,synthetic-V1009-e1,correction,minimum_v1/synthetic-V1009-e1/correction/M1,1381.0,1,2,1,1,1,1,0,0.0,True
synthetic,V1009,synthetic-V1009-e1,correction,minimum_v1/synthetic-V1009-e1/correction/M1,1441.0,2,4,2,2,1,2,0,0.0,True
synthetic,V1010,synthetic-V1010-e0,channel_fault,minimum_v1/synthetic-V1010-e0/channel_fault/M1,481.0,5,6,1,0,0,1,0,,True
synthetic,V1010,synthetic-V1010-e0,channel_fault,minimum_v1/synthetic-V1010-e0/channel_fault/M1,541.0,10,12,2,0,0,2,0,,True
synthetic,V1010,synthetic-V1010-e0,clean,minimum_v1/synthetic-V1010-e0/clean/M1,481.0,1,2,1,0,0,1,0,,True
synthetic,V1010,synthetic-V1010-e0,clean,minimum_v1/synthetic-V1010-e0/clean/M1,541.0,2,4,2,0,0,2,0,,True
synthetic,V1010,synthetic-V1010-e0,correction,minimum_v1/synthetic-V1010-e0/correction/M1,481.0,1,2,1,1,1,1,0,0.0,True
synthetic,V1010,synthetic-V1010-e0,correction,minimum_v1/synthetic-V1010-e0/correction/M1,541.0,2,4,2,2,1,2,0,0.0,True
synthetic,V1010,synthetic-V1010-e1,channel_fault,minimum_v1/synthetic-V1010-e1/channel_fault/M1,1381.0,5,6,1,0,0,1,0,,True
synthetic,V1010,synthetic-V1010-e1,channel_fault,minimum_v1/synthetic-V1010-e1/channel_fault/M1,1441.0,10,12,2,0,0,2,0,,True
synthetic,V1010,synthetic-V1010-e1,clean,minimum_v1/synthetic-V1010-e1/clean/M1,1381.0,1,2,1,0,0,1,0,,True
synthetic,V1010,synthetic-V1010-e1,clean,minimum_v1/synthetic-V1010-e1/clean/M1,1441.0,2,4,2,0,0,2,0,,True
synthetic,V1010,synthetic-V1010-e1,correction,minimum_v1/synthetic-V1010-e1/correction/M1,1381.0,1,2,1,1,1,1,0,0.0,True
synthetic,V1010,synthetic-V1010-e1,correction,minimum_v1/synthetic-V1010-e1/correction/M1,1441.0,2,4,2,2,1,2,0,0.0,True
wesad,S10,wesad-S10-e0,channel_fault,minimum_v1/wesad-S10-e0/channel_fault/M1,1401.0,5,6,1,1,1,1,0,0.0,True
wesad,S10,wesad-S10-e0,channel_fault,minimum_v1/wesad-S10-e0/channel_fault/M1,1461.0,10,12,2,2,1,2,0,0.0,True
wesad,S10,wesad-S10-e0,clean,minimum_v1/wesad-S10-e0/clean/M1,1401.0,1,2,1,0,0,1,0,,True
wesad,S10,wesad-S10-e0,clean,minimum_v1/wesad-S10-e0/clean/M1,1461.0,2,4,2,0,0,2,0,,True
wesad,S10,wesad-S10-e0,correction,minimum_v1/wesad-S10-e0/correction/M1,1401.0,1,2,1,1,1,1,0,0.0,True
wesad,S10,wesad-S10-e0,correction,minimum_v1/wesad-S10-e0/correction/M1,1461.0,2,4,2,2,1,2,0,0.0,True
wesad,S10,wesad-S10-e1,channel_fault,minimum_v1/wesad-S10-e1/channel_fault/M1,4151.0,5,6,1,1,1,1,0,0.0,True
wesad,S10,wesad-S10-e1,channel_fault,minimum_v1/wesad-S10-e1/channel_fault/M1,4211.0,10,12,2,2,1,2,0,0.0,True
wesad,S10,wesad-S10-e1,clean,minimum_v1/wesad-S10-e1/clean/M1,4151.0,1,2,1,0,0,1,0,,True
wesad,S10,wesad-S10-e1,clean,minimum_v1/wesad-S10-e1/clean/M1,4211.0,2,4,2,0,0,2,0,,True
wesad,S10,wesad-S10-e1,correction,minimum_v1/wesad-S10-e1/correction/M1,4151.0,1,2,1,1,1,1,0,0.0,True
wesad,S10,wesad-S10-e1,correction,minimum_v1/wesad-S10-e1/correction/M1,4211.0,2,4,2,2,1,2,0,0.0,True
wesad,S11,wesad-S11-e0,channel_fault,minimum_v1/wesad-S11-e0/channel_fault/M1,1336.0,5,7,2,2,2,2,0,0.0,True
wesad,S11,wesad-S11-e0,channel_fault,minimum_v1/wesad-S11-e0/channel_fault/M1,1396.0,10,13,3,3,1,3,0,0.0,True
wesad,S11,wesad-S11-e0,clean,minimum_v1/wesad-S11-e0/clean/M1,1336.0,1,3,2,0,0,2,0,,True
wesad,S11,wesad-S11-e0,clean,minimum_v1/wesad-S11-e0/clean/M1,1396.0,2,5,3,0,0,3,0,,True
wesad,S11,wesad-S11-e0,correction,minimum_v1/wesad-S11-e0/correction/M1,1336.0,1,3,2,2,2,2,0,0.0,True
wesad,S11,wesad-S11-e0,correction,minimum_v1/wesad-S11-e0/correction/M1,1396.0,2,5,3,3,1,3,0,0.0,True
wesad,S11,wesad-S11-e1,channel_fault,minimum_v1/wesad-S11-e1/channel_fault/M1,3951.0,5,6,1,0,0,1,0,,True
wesad,S11,wesad-S11-e1,channel_fault,minimum_v1/wesad-S11-e1/channel_fault/M1,4011.0,10,12,2,0,0,2,0,,True
wesad,S11,wesad-S11-e1,clean,minimum_v1/wesad-S11-e1/clean/M1,3951.0,1,2,1,0,0,1,0,,True
wesad,S11,wesad-S11-e1,clean,minimum_v1/wesad-S11-e1/clean/M1,4011.0,2,4,2,0,0,2,0,,True
wesad,S11,wesad-S11-e1,correction,minimum_v1/wesad-S11-e1/correction/M1,3951.0,1,2,1,1,1,1,0,0.0,True
wesad,S11,wesad-S11-e1,correction,minimum_v1/wesad-S11-e1/correction/M1,4011.0,2,4,2,2,1,2,0,0.0,True
wesad,S13,wesad-S13-e0,channel_fault,minimum_v1/wesad-S13-e0/channel_fault/M1,1411.0,5,6,1,0,0,1,0,,True
wesad,S13,wesad-S13-e0,channel_fault,minimum_v1/wesad-S13-e0/channel_fault/M1,1471.0,10,12,2,0,0,2,0,,True
wesad,S13,wesad-S13-e0,clean,minimum_v1/wesad-S13-e0/clean/M1,1411.0,1,2,1,0,0,1,0,,True
wesad,S13,wesad-S13-e0,clean,minimum_v1/wesad-S13-e0/clean/M1,1471.0,2,4,2,0,0,2,0,,True
wesad,S13,wesad-S13-e0,correction,minimum_v1/wesad-S13-e0/correction/M1,1411.0,1,2,1,1,1,1,0,0.0,True
wesad,S13,wesad-S13-e0,correction,minimum_v1/wesad-S13-e0/correction/M1,1471.0,2,4,2,2,1,2,0,0.0,True
wesad,S13,wesad-S13-e1,channel_fault,minimum_v1/wesad-S13-e1/channel_fault/M1,4181.0,5,6,1,1,1,1,0,0.0,True
wesad,S13,wesad-S13-e1,channel_fault,minimum_v1/wesad-S13-e1/channel_fault/M1,4241.0,10,12,2,2,1,2,0,0.0,True
wesad,S13,wesad-S13-e1,clean,minimum_v1/wesad-S13-e1/clean/M1,4181.0,1,2,1,0,0,1,0,,True
wesad,S13,wesad-S13-e1,clean,minimum_v1/wesad-S13-e1/clean/M1,4241.0,2,4,2,0,0,2,0,,True
wesad,S13,wesad-S13-e1,correction,minimum_v1/wesad-S13-e1/correction/M1,4181.0,1,2,1,1,1,1,0,0.0,True
wesad,S13,wesad-S13-e1,correction,minimum_v1/wesad-S13-e1/correction/M1,4241.0,2,4,2,2,1,2,0,0.0,True
wesad,S14,wesad-S14-e0,channel_fault,minimum_v1/wesad-S14-e0/channel_fault/M1,1416.0,5,6,1,0,0,1,0,,True
wesad,S14,wesad-S14-e0,channel_fault,minimum_v1/wesad-S14-e0/channel_fault/M1,1476.0,10,12,2,0,0,2,0,,True
wesad,S14,wesad-S14-e0,clean,minimum_v1/wesad-S14-e0/clean/M1,1416.0,1,2,1,0,0,1,0,,True
wesad,S14,wesad-S14-e0,clean,minimum_v1/wesad-S14-e0/clean/M1,1476.0,2,4,2,0,0,2,0,,True
wesad,S14,wesad-S14-e0,correction,minimum_v1/wesad-S14-e0/correction/M1,1416.0,1,2,1,1,1,1,0,0.0,True
wesad,S14,wesad-S14-e0,correction,minimum_v1/wesad-S14-e0/correction/M1,1476.0,2,4,2,2,1,2,0,0.0,True
wesad,S14,wesad-S14-e1,channel_fault,minimum_v1/wesad-S14-e1/channel_fault/M1,4191.0,5,7,2,1,1,2,0,0.0,True
wesad,S14,wesad-S14-e1,channel_fault,minimum_v1/wesad-S14-e1/channel_fault/M1,4251.0,10,15,4,2,1,4,0,0.0,True
wesad,S14,wesad-S14-e1,clean,minimum_v1/wesad-S14-e1/clean/M1,4191.0,1,2,1,0,0,1,0,,True
wesad,S14,wesad-S14-e1,clean,minimum_v1/wesad-S14-e1/clean/M1,4251.0,2,4,2,0,0,2,0,,True
wesad,S14,wesad-S14-e1,correction,minimum_v1/wesad-S14-e1/correction/M1,4191.0,1,2,1,1,1,1,0,0.0,True
wesad,S14,wesad-S14-e1,correction,minimum_v1/wesad-S14-e1/correction/M1,4251.0,2,4,2,2,1,2,0,0.0,True
wesad,S15,wesad-S15-e0,channel_fault,minimum_v1/wesad-S15-e0/channel_fault/M1,1341.0,5,6,1,1,1,1,0,0.0,True
wesad,S15,wesad-S15-e0,channel_fault,minimum_v1/wesad-S15-e0/channel_fault/M1,1401.0,10,12,2,2,1,2,0,0.0,True
wesad,S15,wesad-S15-e0,clean,minimum_v1/wesad-S15-e0/clean/M1,1341.0,1,2,1,0,0,1,0,,True
wesad,S15,wesad-S15-e0,clean,minimum_v1/wesad-S15-e0/clean/M1,1401.0,2,4,2,0,0,2,0,,True
wesad,S15,wesad-S15-e0,correction,minimum_v1/wesad-S15-e0/correction/M1,1341.0,1,2,1,1,1,1,0,0.0,True
wesad,S15,wesad-S15-e0,correction,minimum_v1/wesad-S15-e0/correction/M1,1401.0,2,4,2,2,1,2,0,0.0,True
wesad,S15,wesad-S15-e1,channel_fault,minimum_v1/wesad-S15-e1/channel_fault/M1,3966.0,5,6,1,0,0,1,0,,True
wesad,S15,wesad-S15-e1,channel_fault,minimum_v1/wesad-S15-e1/channel_fault/M1,4026.0,10,12,2,0,0,2,0,,True
wesad,S15,wesad-S15-e1,clean,minimum_v1/wesad-S15-e1/clean/M1,3966.0,1,2,1,0,0,1,0,,True
wesad,S15,wesad-S15-e1,clean,minimum_v1/wesad-S15-e1/clean/M1,4026.0,2,4,2,0,0,2,0,,True
wesad,S15,wesad-S15-e1,correction,minimum_v1/wesad-S15-e1/correction/M1,3966.0,1,2,1,1,1,1,0,0.0,True
wesad,S15,wesad-S15-e1,correction,minimum_v1/wesad-S15-e1/correction/M1,4026.0,2,4,2,2,1,2,0,0.0,True
wesad,S16,wesad-S16-e0,channel_fault,minimum_v1/wesad-S16-e0/channel_fault/M1,1436.0,5,7,2,2,2,2,0,0.0,True
wesad,S16,wesad-S16-e0,channel_fault,minimum_v1/wesad-S16-e0/channel_fault/M1,1496.0,10,14,4,4,2,4,0,0.0,True
wesad,S16,wesad-S16-e0,clean,minimum_v1/wesad-S16-e0/clean/M1,1436.0,1,2,1,0,0,1,0,,True
wesad,S16,wesad-S16-e0,clean,minimum_v1/wesad-S16-e0/clean/M1,1496.0,2,4,2,0,0,2,0,,True
wesad,S16,wesad-S16-e0,correction,minimum_v1/wesad-S16-e0/correction/M1,1436.0,1,2,1,1,1,1,0,0.0,True
wesad,S16,wesad-S16-e0,correction,minimum_v1/wesad-S16-e0/correction/M1,1496.0,2,4,2,2,1,2,0,0.0,True
wesad,S16,wesad-S16-e1,channel_fault,minimum_v1/wesad-S16-e1/channel_fault/M1,4251.0,5,7,2,1,1,2,0,0.0,True
wesad,S16,wesad-S16-e1,channel_fault,minimum_v1/wesad-S16-e1/channel_fault/M1,4311.0,10,15,4,2,1,4,0,0.0,True
wesad,S16,wesad-S16-e1,clean,minimum_v1/wesad-S16-e1/clean/M1,4251.0,1,2,1,0,0,1,0,,True
wesad,S16,wesad-S16-e1,clean,minimum_v1/wesad-S16-e1/clean/M1,4311.0,2,4,2,0,0,2,0,,True
wesad,S16,wesad-S16-e1,correction,minimum_v1/wesad-S16-e1/correction/M1,4251.0,1,2,1,1,1,1,0,0.0,True
wesad,S16,wesad-S16-e1,correction,minimum_v1/wesad-S16-e1/correction/M1,4311.0,2,4,2,2,1,2,0,0.0,True
wesad,S2,wesad-S2-e0,channel_fault,minimum_v1/wesad-S2-e0/channel_fault/M1,1546.0,5,6,1,0,0,1,0,,True
wesad,S2,wesad-S2-e0,channel_fault,minimum_v1/wesad-S2-e0/channel_fault/M1,1606.0,10,12,2,0,0,2,0,,True
wesad,S2,wesad-S2-e0,clean,minimum_v1/wesad-S2-e0/clean/M1,1546.0,1,2,1,0,0,1,0,,True
wesad,S2,wesad-S2-e0,clean,minimum_v1/wesad-S2-e0/clean/M1,1606.0,2,4,2,0,0,2,0,,True
wesad,S2,wesad-S2-e0,correction,minimum_v1/wesad-S2-e0/correction/M1,1546.0,1,2,1,1,1,1,0,0.0,True
wesad,S2,wesad-S2-e0,correction,minimum_v1/wesad-S2-e0/correction/M1,1606.0,2,4,2,2,1,2,0,0.0,True
wesad,S2,wesad-S2-e1,channel_fault,minimum_v1/wesad-S2-e1/channel_fault/M1,4586.0,5,6,1,1,1,1,0,0.0,True
wesad,S2,wesad-S2-e1,channel_fault,minimum_v1/wesad-S2-e1/channel_fault/M1,4646.0,10,12,2,2,1,2,0,0.0,True
wesad,S2,wesad-S2-e1,clean,minimum_v1/wesad-S2-e1/clean/M1,4586.0,1,2,1,0,0,1,0,,True
wesad,S2,wesad-S2-e1,clean,minimum_v1/wesad-S2-e1/clean/M1,4646.0,2,4,2,0,0,2,0,,True
wesad,S2,wesad-S2-e1,correction,minimum_v1/wesad-S2-e1/correction/M1,4586.0,1,2,1,1,1,1,0,0.0,True
wesad,S2,wesad-S2-e1,correction,minimum_v1/wesad-S2-e1/correction/M1,4646.0,2,4,2,2,1,2,0,0.0,True
wesad,S6,wesad-S6-e0,channel_fault,minimum_v1/wesad-S6-e0/channel_fault/M1,1796.0,5,7,2,1,1,2,0,0.0,True
wesad,S6,wesad-S6-e0,channel_fault,minimum_v1/wesad-S6-e0/channel_fault/M1,1856.0,10,15,4,2,1,4,0,0.0,True
wesad,S6,wesad-S6-e0,clean,minimum_v1/wesad-S6-e0/clean/M1,1796.0,1,2,1,0,0,1,0,,True
wesad,S6,wesad-S6-e0,clean,minimum_v1/wesad-S6-e0/clean/M1,1856.0,2,4,2,0,0,2,0,,True
wesad,S6,wesad-S6-e0,correction,minimum_v1/wesad-S6-e0/correction/M1,1796.0,1,2,1,1,1,1,0,0.0,True
wesad,S6,wesad-S6-e0,correction,minimum_v1/wesad-S6-e0/correction/M1,1856.0,2,4,2,2,1,2,0,0.0,True
wesad,S6,wesad-S6-e1,channel_fault,minimum_v1/wesad-S6-e1/channel_fault/M1,5331.0,5,7,2,2,2,2,0,0.0,True
wesad,S6,wesad-S6-e1,channel_fault,minimum_v1/wesad-S6-e1/channel_fault/M1,5391.0,10,14,4,4,2,4,0,0.0,True
wesad,S6,wesad-S6-e1,clean,minimum_v1/wesad-S6-e1/clean/M1,5331.0,1,2,1,0,0,1,0,,True
wesad,S6,wesad-S6-e1,clean,minimum_v1/wesad-S6-e1/clean/M1,5391.0,2,4,2,0,0,2,0,,True
wesad,S6,wesad-S6-e1,correction,minimum_v1/wesad-S6-e1/correction/M1,5331.0,1,2,1,1,1,1,0,0.0,True
wesad,S6,wesad-S6-e1,correction,minimum_v1/wesad-S6-e1/correction/M1,5391.0,2,4,2,2,1,2,0,0.0,True
wesad,S7,wesad-S7-e0,channel_fault,minimum_v1/wesad-S7-e0/channel_fault/M1,1336.0,5,7,2,1,1,2,0,0.0,True
wesad,S7,wesad-S7-e0,channel_fault,minimum_v1/wesad-S7-e0/channel_fault/M1,1396.0,10,15,4,2,1,4,0,0.0,True
wesad,S7,wesad-S7-e0,clean,minimum_v1/wesad-S7-e0/clean/M1,1336.0,1,2,1,0,0,1,0,,True
wesad,S7,wesad-S7-e0,clean,minimum_v1/wesad-S7-e0/clean/M1,1396.0,2,4,2,0,0,2,0,,True
wesad,S7,wesad-S7-e0,correction,minimum_v1/wesad-S7-e0/correction/M1,1336.0,1,2,1,1,1,1,0,0.0,True
wesad,S7,wesad-S7-e0,correction,minimum_v1/wesad-S7-e0/correction/M1,1396.0,2,4,2,2,1,2,0,0.0,True
wesad,S7,wesad-S7-e1,channel_fault,minimum_v1/wesad-S7-e1/channel_fault/M1,3956.0,5,6,1,0,0,1,0,,True
wesad,S7,wesad-S7-e1,channel_fault,minimum_v1/wesad-S7-e1/channel_fault/M1,4016.0,10,12,2,0,0,2,0,,True
wesad,S7,wesad-S7-e1,clean,minimum_v1/wesad-S7-e1/clean/M1,3956.0,1,2,1,0,0,1,0,,True
wesad,S7,wesad-S7-e1,clean,minimum_v1/wesad-S7-e1/clean/M1,4016.0,2,4,2,0,0,2,0,,True
wesad,S7,wesad-S7-e1,correction,minimum_v1/wesad-S7-e1/correction/M1,3956.0,1,2,1,1,1,1,0,0.0,True
wesad,S7,wesad-S7-e1,correction,minimum_v1/wesad-S7-e1/correction/M1,4016.0,2,4,2,2,1,2,0,0.0,True
wesad,S8,wesad-S8-e0,channel_fault,minimum_v1/wesad-S8-e0/channel_fault/M1,1396.0,5,6,1,1,1,1,0,0.0,True
wesad,S8,wesad-S8-e0,channel_fault,minimum_v1/wesad-S8-e0/channel_fault/M1,1456.0,10,12,2,2,1,2,0,0.0,True
wesad,S8,wesad-S8-e0,clean,minimum_v1/wesad-S8-e0/clean/M1,1396.0,1,2,1,0,0,1,0,,True
wesad,S8,wesad-S8-e0,clean,minimum_v1/wesad-S8-e0/clean/M1,1456.0,2,4,2,0,0,2,0,,True
wesad,S8,wesad-S8-e0,correction,minimum_v1/wesad-S8-e0/correction/M1,1396.0,1,2,1,1,1,1,0,0.0,True
wesad,S8,wesad-S8-e0,correction,minimum_v1/wesad-S8-e0/correction/M1,1456.0,2,4,2,2,1,2,0,0.0,True
wesad,S8,wesad-S8-e1,channel_fault,minimum_v1/wesad-S8-e1/channel_fault/M1,4126.0,5,6,1,1,1,1,0,0.0,True
wesad,S8,wesad-S8-e1,channel_fault,minimum_v1/wesad-S8-e1/channel_fault/M1,4186.0,10,12,2,2,1,2,0,0.0,True
wesad,S8,wesad-S8-e1,clean,minimum_v1/wesad-S8-e1/clean/M1,4126.0,1,2,1,0,0,1,0,,True
wesad,S8,wesad-S8-e1,clean,minimum_v1/wesad-S8-e1/clean/M1,4186.0,2,4,2,0,0,2,0,,True
wesad,S8,wesad-S8-e1,correction,minimum_v1/wesad-S8-e1/correction/M1,4126.0,1,2,1,1,1,1,0,0.0,True
wesad,S8,wesad-S8-e1,correction,minimum_v1/wesad-S8-e1/correction/M1,4186.0,2,4,2,2,1,2,0,0.0,True
