dataset,subject,episode_id,variant,method,scope,nodes,edges,nodes_subject,nodes_sensor,nodes_observation,nodes_feature,nodes_claim,nodes_explanation,nodes_review,nodes_assessment,nodes_placeholder,edges_DEPENDS_ON,edges_DERIVED_FROM,edges_SUPPORTS,edges_FOR_SUBJECT,edges_OBSERVED_BY,edges_SUPERSEDES,edges_CONTAINS,edges_REVIEWED_BY_EVENT,edges_CONTRADICTS,edges_ASSESSED_AS
ppg_dalia,S1,ppg_dalia-S1-e0,channel_fault,M1,minimum_v1/ppg_dalia-S1-e0/channel_fault/M1,216,567,1,4,34,144,3,6,0,24,0,151,144,3,191,34,13,4,0,3,24
ppg_dalia,S1,ppg_dalia-S1-e0,clean,M1,minimum_v1/ppg_dalia-S1-e0/clean/M1,187,508,1,4,32,138,3,3,0,6,0,144,138,3,180,32,2,3,0,0,6
ppg_dalia,S1,ppg_dalia-S1-e0,correction,M1,minimum_v1/ppg_dalia-S1-e0/correction/M1,190,518,1,4,32,138,3,6,0,6,0,145,138,3,183,32,5,4,0,2,6
ppg_dalia,S1,ppg_dalia-S1-e0,delayed,M1,minimum_v1/ppg_dalia-S1-e0/delayed/M1,177,484,1,4,32,136,1,3,0,0,0,138,136,1,176,32,0,1,0,0,0
ppg_dalia,S1,ppg_dalia-S1-e1,channel_fault,M1,minimum_v1/ppg_dalia-S1-e1/channel_fault/M1,216,567,1,4,34,144,3,6,0,24,0,151,144,3,191,34,13,4,0,3,24
ppg_dalia,S1,ppg_dalia-S1-e1,clean,M1,minimum_v1/ppg_dalia-S1-e1/clean/M1,187,508,1,4,32,138,3,3,0,6,0,144,138,3,180,32,2,3,0,0,6
ppg_dalia,S1,ppg_dalia-S1-e1,correction,M1,minimum_v1/ppg_dalia-S1-e1/correction/M1,190,518,1,4,32,138,3,6,0,6,0,145,138,3,183,32,5,4,0,2,6
ppg_dalia,S1,ppg_dalia-S1-e1,delayed,M1,minimum_v1/ppg_dalia-S1-e1/delayed/M1,177,484,1,4,32,136,1,3,0,0,0,138,136,1,176,32,0,1,0,0,0
ppg_dalia,S10,ppg_dalia-S10-e0,channel_fault,M1,minimum_v1/ppg_dalia-S10-e0/channel_fault/M1,216,567,1,4,34,144,3,6,0,24,0,151,144,3,191,34,13,4,0,3,24
ppg_dalia,S10,ppg_dalia-S10-e0,clean,M1,minimum_v1/ppg_dalia-S10-e0/clean/M1,187,508,1,4,32,138,3,3,0,6,0,144,138,3,180,32,2,3,0,0,6
ppg_dalia,S10,ppg_dalia-S10-e0,correction,M1,minimum_v1/ppg_dalia-S10-e0/correction/M1,190,518,1,4,32,138,3,6,0,6,0,145,138,3,183,32,5,4,0,2,6
ppg_dalia,S10,ppg_dalia-S10-e0,delayed,M1,minimum_v1/ppg_dalia-S10-e0/delayed/M1,177,484,1,4,32,136,1,3,0,0,0,138,136,1,176,32,0,1,0,0,0
ppg_dalia,S10,ppg_dalia-S10-e1,channel_fault,M1,minimum_v1/ppg_dalia-S10-e1/channel_fault/M1,213,556,1,4,34,144,3,3,0,24,0,150,144,3,188,34,10,3,0,0,24
ppg_dalia,S10,ppg_dalia-S10-e1,clean,M1,minimum_v1/ppg_dalia-S10-e1/clean/M1,187,508,1,4,32,138,3,3,0,6,0,144,138,3,180,32,2,3,0,0,6
ppg_dalia,S10,ppg_dalia-S10-e1,correction,M1,minimum_v1/ppg_dalia-S10-e1/correction/M1,190,518,1,4,32,138,3,6,0,6,0,145,138,3,183,32,5,4,0,2,6
ppg_dalia,S10,ppg_dalia-S10-e1,delayed,M1,minimum_v1/ppg_dalia-S10-e1/delayed/M1,177,484,1,4,32,136,1,3,0,0,0,138,136,1,176,32,0,1,0,0,0
ppg_dalia,S11,ppg_dalia-S11-e0,channel_fault,M1,minimum_v1/ppg_dalia-S11-e0/channel_fault/M1,216,567,1,4,34,144,3,6,0,24,0,151,144,3,191,34,13,4,0,3,24
ppg_dalia,S11,ppg_dalia-S11-e0,clean,M1,minimum_v1/ppg_dalia-S11-e0/clean/M1,187,508,1,4,32,138,3,3,0,6,0,144,138,3,180,32,2,3,0,0,6
ppg_dalia,S11,ppg_dalia-S11-e0,correction,M1,minimum_v1/ppg_dalia-S11-e0/correction/M1,190,518,1,4,32,138,3,6,0,6,0,145,138,3,183,32,5,4,0,2,6
ppg_dalia,S11,ppg_dalia-S11-e0,delayed,M1,minimum_v1/ppg_dalia-S11-e0/delayed/M1,177,484,1,4,32,136,1,3,0,0,0,138,136,1,176,32,0,1,0,0,0
ppg_dalia,S11,ppg_dalia-S11-e1,channel_fault,M1,minimum_v1/ppg_dalia-S11-e1/channel_fault/M1,223,616,1,4,34,145,9,6,0,24,0,172,144,12,198,34,13,16,0,3,24
ppg_dalia,S11,ppg_dalia-S11-e1,clean,M1,minimum_v1/ppg_dalia-S11-e1/clean/M1,194,545,1,4,32,139,9,3,0,6,0,159,138,12,187,32,2,9,0,0,6
ppg_dalia,S11,ppg_dalia-S11-e1,correction,M1,minimum_v1/ppg_dalia-S11-e1/correction/M1,197,567,1,4,32,139,9,6,0,6,0,166,138,12,190,32,5,16,0,2,6
ppg_dalia,S11,ppg_dalia-S11-e1,delayed,M1,minimum_v1/ppg_dalia-S11-e1/delayed/M1,183,514,1,4,32,137,6,3,0,0,0,150,136,8,182,32,0,6,0,0,0
ppg_dalia,S12,ppg_dalia-S12-e0,channel_fault,M1,minimum_v1/ppg_dalia-S12-e0/channel_fault/M1,234,627,1,4,34,145,9,6,0,35,0,172,144,12,198,34,13,16,0,3,35
ppg_dalia,S12,ppg_dalia-S12-e0,clean,M1,minimum_v1/ppg_dalia-S12-e0/clean/M1,192,531,1,4,32,139,7,3,0,6,0,153,138,8,185,32,2,7,0,0,6
ppg_dalia,S12,ppg_dalia-S12-e0,correction,M1,minimum_v1/ppg_dalia-S12-e0/correction/M1,195,551,1,4,32,139,7,6,0,6,0,159,138,8,188,32,5,13,0,2,6
ppg_dalia,S12,ppg_dalia-S12-e0,delayed,M1,minimum_v1/ppg_dalia-S12-e0/delayed/M1,184,521,1,4,32,137,7,3,0,0,0,153,136,10,183,32,0,7,0,0,0
ppg_dalia,S12,ppg_dalia-S12-e1,channel_fault,M1,minimum_v1/ppg_dalia-S12-e1/channel_fault/M1,234,627,1,4,34,145,9,6,0,35,0,172,144,12,198,34,13,16,0,3,35
ppg_dalia,S12,ppg_dalia-S12-e1,clean,M1,minimum_v1/ppg_dalia-S12-e1/clean/M1,194,545,1,4,32,139,9,3,0,6,0,159,138,12,187,32,2,9,0,0,6
ppg_dalia,S12,ppg_dalia-S12-e1,correction,M1,minimum_v1/ppg_dalia-S12-e1/correction/M1,197,567,1,4,32,139,9,6,0,6,0,166,138,12,190,32,5,16,0,2,6
ppg_dalia,S12,ppg_dalia-S12-e1,delayed,M1,minimum_v1/ppg_dalia-S12-e1/delayed/M1,184,521,1,4,32,137,7,3,0,0,0,153,136,10,183,32,0,7,0,0,0
ppg_dalia,S13,ppg_dalia-S13-e0,channel_fault,M1,minimum_v1/ppg_dalia-S13-e0/channel_fault/M1,223,616,1,4,34,145,9,6,0,24,0,172,144,12,198,34,13,16,0,3,24
ppg_dalia,S13,ppg_dalia-S13-e0,clean,M1,minimum_v1/ppg_dalia-S13-e0/clean/M1,194,545,1,4,32,139,9,3,0,6,0,159,138,12,187,32,2,9,0,0,6
ppg_dalia,S13,ppg_dalia-S13-e0,correction,M1,minimum_v1/ppg_dalia-S13-e0/correction/M1,197,567,1,4,32,139,9,6,0,6,0,166,138,12,190,32,5,16,0,2,6
ppg_dalia,S13,ppg_dalia-S13-e0,delayed,M1,minimum_v1/ppg_dalia-S13-e0/delayed/M1,184,521,1,4,32,137,7,3,0,0,0,153,136,10,183,32,0,7,0,0,0
ppg_dalia,S13,ppg_dalia-S13-e1,channel_fault,M1,minimum_v1/ppg_dalia-S13-e1/channel_fault/M1,234,627,1,4,34,145,9,6,0,35,0,172,144,12,198,34,13,16,0,3,35
ppg_dalia,S13,ppg_dalia-S13-e1,clean,M1,minimum_v1/ppg_dalia-S13-e1/clean/M1,194,545,1,4,32,139,9,3,0,6,0,159,138,12,187,32,2,9,0,0,6
ppg_dalia,S13,ppg_dalia-S13-e1,correction,M1,minimum_v1/ppg_dalia-S13-e1/correction/M1,197,567,1,4,32,139,9,6,0,6,0,166,138,12,190,32,5,16,0,2,6
ppg_dalia,S13,ppg_dalia-S13-e1,delayed,M1,minimum_v1/ppg_dalia-S13-e1/delayed/M1,184,521,1,4,32,137,7,3,0,0,0,153,136,10,183,32,0,7,0,0,0
ppg_dalia,S14,ppg_dalia-S14-e0,channel_fault,M1,minimum_v1/ppg_dalia-S14-e0/channel_fault/M1,216,567,1,4,34,144,3,6,0,24,0,151,144,3,191,34,13,4,0,3,24
ppg_dalia,S14,ppg_dalia-S14-e0,clean,M1,minimum_v1/ppg_dalia-S14-e0/clean/M1,187,508,1,4,32,138,3,3,0,6,0,144,138,3,180,32,2,3,0,0,6
ppg_dalia,S14,ppg_dalia-S14-e0,correction,M1,minimum_v1/ppg_dalia-S14-e0/correction/M1,190,518,1,4,32,138,3,6,0,6,0,145,138,3,183,32,5,4,0,2,6
ppg_dalia,S14,ppg_dalia-S14-e0,delayed,M1,minimum_v1/ppg_dalia-S14-e0/delayed/M1,177,484,1,4,32,136,1,3,0,0,0,138,136,1,176,32,0,1,0,0,0
ppg_dalia,S14,ppg_dalia-S14-e1,channel_fault,M1,minimum_v1/ppg_dalia-S14-e1/channel_fault/M1,221,582,1,4,34,144,4,6,0,28,0,156,144,6,192,34,13,6,0,3,28
ppg_dalia,S14,ppg_dalia-S14-e1,clean,M1,minimum_v1/ppg_dalia-S14-e1/clean/M1,187,508,1,4,32,138,3,3,0,6,0,144,138,3,180,32,2,3,0,0,6
ppg_dalia,S14,ppg_dalia-S14-e1,correction,M1,minimum_v1/ppg_dalia-S14-e1/correction/M1,193,531,1,4,32,138,4,6,0,8,0,150,138,6,184,32,5,6,0,2,8
ppg_dalia,S14,ppg_dalia-S14-e1,delayed,M1,minimum_v1/ppg_dalia-S14-e1/delayed/M1,177,484,1,4,32,136,1,3,0,0,0,138,136,1,176,32,0,1,0,0,0
ppg_dalia,S5,ppg_dalia-S5-e0,channel_fault,M1,minimum_v1/ppg_dalia-S5-e0/channel_fault/M1,223,616,1,4,34,145,9,6,0,24,0,172,144,12,198,34,13,16,0,3,24
ppg_dalia,S5,ppg_dalia-S5-e0,clean,M1,minimum_v1/ppg_dalia-S5-e0/clean/M1,194,545,1,4,32,139,9,3,0,6,0,159,138,12,187,32,2,9,0,0,6
ppg_dalia,S5,ppg_dalia-S5-e0,correction,M1,minimum_v1/ppg_dalia-S5-e0/correction/M1,197,567,1,4,32,139,9,6,0,6,0,166,138,12,190,32,5,16,0,2,6
ppg_dalia,S5,ppg_dalia-S5-e0,delayed,M1,minimum_v1/ppg_dalia-S5-e0/delayed/M1,184,521,1,4,32,137,7,3,0,0,0,153,136,10,183,32,0,7,0,0,0
ppg_dalia,S5,ppg_dalia-S5-e1,channel_fault,M1,minimum_v1/ppg_dalia-S5-e1/channel_fault/M1,220,593,1,4,34,145,9,3,0,24,0,165,144,12,195,34,10,9,0,0,24
ppg_dalia,S5,ppg_dalia-S5-e1,clean,M1,minimum_v1/ppg_dalia-S5-e1/clean/M1,194,545,1,4,32,139,9,3,0,6,0,159,138,12,187,32,2,9,0,0,6
ppg_dalia,S5,ppg_dalia-S5-e1,correction,M1,minimum_v1/ppg_dalia-S5-e1/correction/M1,197,567,1,4,32,139,9,6,0,6,0,166,138,12,190,32,5,16,0,2,6
ppg_dalia,S5,ppg_dalia-S5-e1,delayed,M1,minimum_v1/ppg_dalia-S5-e1/delayed/M1,184,521,1,4,32,137,7,3,0,0,0,153,136,10,183,32,0,7,0,0,0
ppg_dalia,S6,ppg_dalia-S6-e0,channel_fault,M1,minimum_v1/ppg_dalia-S6-e0/channel_fault/M1,216,567,1,4,34,144,3,6,0,24,0,151,144,3,191,34,13,4,0,3,24
ppg_dalia,S6,ppg_dalia-S6-e0,clean,M1,minimum_v1/ppg_dalia-S6-e0/clean/M1,187,508,1,4,32,138,3,3,0,6,0,144,138,3,180,32,2,3,0,0,6
ppg_dalia,S6,ppg_dalia-S6-e0,correction,M1,minimum_v1/ppg_dalia-S6-e0/correction/M1,190,518,1,4,32,138,3,6,0,6,0,145,138,3,183,32,5,4,0,2,6
ppg_dalia,S6,ppg_dalia-S6-e0,delayed,M1,minimum_v1/ppg_dalia-S6-e0/delayed/M1,177,484,1,4,32,136,1,3,0,0,0,138,136,1,176,32,0,1,0,0,0
ppg_dalia,S6,ppg_dalia-S6-e1,channel_fault,M1,minimum_v1/ppg_dalia-S6-e1/channel_fault/M1,234,627,1,4,34,145,9,6,0,35,0,172,144,12,198,34,13,16,0,3,35
ppg_dalia,S6,ppg_dalia-S6-e1,clean,M1,minimum_v1/ppg_dalia-S6-e1/clean/M1,194,545,1,4,32,139,9,3,0,6,0,159,138,12,187,32,2,9,0,0,6
ppg_dalia,S6,ppg_dalia-S6-e1,correction,M1,minimum_v1/ppg_dalia-S6-e1/correction/M1,197,567,1,4,32,139,9,6,0,6,0,166,138,12,190,32,5,16,0,2,6
ppg_dalia,S6,ppg_dalia-S6-e1,delayed,M1,minimum_v1/ppg_dalia-S6-e1/delayed/M1,184,521,1,4,32,137,7,3,0,0,0,153,136,10,183,32,0,7,0,0,0
ppg_dalia,S7,ppg_dalia-S7-e0,channel_fault,M1,minimum_v1/ppg_dalia-S7-e0/channel_fault/M1,228,596,1,4,34,144,6,6,0,33,0,158,144,6,194,34,13,8,0,6,33
ppg_dalia,S7,ppg_dalia-S7-e0,clean,M1,minimum_v1/ppg_dalia-S7-e0/clean/M1,190,523,1,4,32,138,6,3,0,6,0,150,138,6,183,32,2,6,0,0,6
ppg_dalia,S7,ppg_dalia-S7-e0,correction,M1,minimum_v1/ppg_dalia-S7-e0/correction/M1,193,539,1,4,32,138,6,6,0,6,0,154,138,6,186,32,5,10,0,2,6
ppg_dalia,S7,ppg_dalia-S7-e0,delayed,M1,minimum_v1/ppg_dalia-S7-e0/delayed/M1,180,499,1,4,32,136,4,3,0,0,0,144,136,4,179,32,0,4,0,0,0
ppg_dalia,S7,ppg_dalia-S7-e1,channel_fault,M1,minimum_v1/ppg_dalia-S7-e1/channel_fault/M1,216,567,1,4,34,144,3,6,0,24,0,151,144,3,191,34,13,4,0,3,24
ppg_dalia,S7,ppg_dalia-S7-e1,clean,M1,minimum_v1/ppg_dalia-S7-e1/clean/M1,187,508,1,4,32,138,3,3,0,6,0,144,138,3,180,32,2,3,0,0,6
ppg_dalia,S7,ppg_dalia-S7-e1,correction,M1,minimum_v1/ppg_dalia-S7-e1/correction/M1,190,518,1,4,32,138,3,6,0,6,0,145,138,3,183,32,5,4,0,2,6
ppg_dalia,S7,ppg_dalia-S7-e1,delayed,M1,minimum_v1/ppg_dalia-S7-e1/delayed/M1,177,484,1,4,32,136,1,3,0,0,0,138,136,1,176,32,0,1,0,0,0
ppg_dalia,S9,ppg_dalia-S9-e0,channel_fault,M1,minimum_v1/ppg_dalia-S9-e0/channel_fault/M1,223,616,1,4,34,145,9,6,0,24,0,172,144,12,198,34,13,16,0,3,24
ppg_dalia,S9,ppg_dalia-S9-e0,clean,M1,minimum_v1/ppg_dalia-S9-e0/clean/M1,194,545,1,4,32,139,9,3,0,6,0,159,138,12,187,32,2,9,0,0,6
ppg_dalia,S9,ppg_dalia-S9-e0,correction,M1,minimum_v1/ppg_dalia-S9-e0/correction/M1,197,567,1,4,32,139,9,6,0,6,0,166,138,12,190,32,5,16,0,2,6
ppg_dalia,S9,ppg_dalia-S9-e0,delayed,M1,minimum_v1/ppg_dalia-S9-e0/delayed/M1,184,521,1,4,32,137,7,3,0,0,0,153,136,10,183,32,0,7,0,0,0
ppg_dalia,S9,ppg_dalia-S9-e1,channel_fault,M1,minimum_v1/ppg_dalia-S9-e1/channel_fault/M1,216,567,1,4,34,144,3,6,0,24,0,151,144,3,191,34,13,4,0,3,24
ppg_dalia,S9,ppg_dalia-S9-e1,clean,M1,minimum_v1/ppg_dalia-S9-e1/clean/M1,187,508,1,4,32,138,3,3,0,6,0,144,138,3,180,32,2,3,0,0,6
ppg_dalia,S9,ppg_dalia-S9-e1,correction,M1,minimum_v1/ppg_dalia-S9-e1/correction/M1,190,518,1,4,32,138,3,6,0,6,0,145,138,3,183,32,5,4,0,2,6
ppg_dalia,S9,ppg_dalia-S9-e1,delayed,M1,minimum_v1/ppg_dalia-S9-e1/delayed/M1,177,484,1,4,32,136,1,3,0,0,0,138,136,1,176,32,0,1,0,0,0
synthetic,V1001,synthetic-V1001-e0,channel_fault,M1,minimum_v1/synthetic-V1001-e0/channel_fault/M1,213,556,1,4,34,144,3,3,0,24,0,150,144,3,188,34,10,3,0,0,24
synthetic,V1001,synthetic-V1001-e0,clean,M1,minimum_v1/synthetic-V1001-e0/clean/M1,187,508,1,4,32,138,3,3,0,6,0,144,138,3,180,32,2,3,0,0,6
synthetic,V1001,synthetic-V1001-e0,correction,M1,minimum_v1/synthetic-V1001-e0/correction/M1,190,518,1,4,32,138,3,6,0,6,0,145,138,3,183,32,5,4,0,2,6
synthetic,V1001,synthetic-V1001-e0,delayed,M1,minimum_v1/synthetic-V1001-e0/delayed/M1,177,484,1,4,32,136,1,3,0,0,0,138,136,1,176,32,0,1,0,0,0
synthetic,V1001,synthetic-V1001-e1,channel_fault,M1,minimum_v1/synthetic-V1001-e1/channel_fault/M1,219,578,1,4,34,144,4,6,0,26,0,155,144,6,192,34,13,5,0,3,26
synthetic,V1001,synthetic-V1001-e1,clean,M1,minimum_v1/synthetic-V1001-e1/clean/M1,187,508,1,4,32,138,3,3,0,6,0,144,138,3,180,32,2,3,0,0,6
synthetic,V1001,synthetic-V1001-e1,correction,M1,minimum_v1/synthetic-V1001-e1/correction/M1,190,518,1,4,32,138,3,6,0,6,0,145,138,3,183,32,5,4,0,2,6
synthetic,V1001,synthetic-V1001-e1,delayed,M1,minimum_v1/synthetic-V1001-e1/delayed/M1,177,484,1,4,32,136,1,3,0,0,0,138,136,1,176,32,0,1,0,0,0
synthetic,V1002,synthetic-V1002-e0,channel_fault,M1,minimum_v1/synthetic-V1002-e0/channel_fault/M1,219,588,1,4,34,144,6,6,0,24,0,160,144,6,194,34,13,10,0,3,24
synthetic,V1002,synthetic-V1002-e0,clean,M1,minimum_v1/synthetic-V1002-e0/clean/M1,190,523,1,4,32,138,6,3,0,6,0,150,138,6,183,32,2,6,0,0,6
synthetic,V1002,synthetic-V1002-e0,correction,M1,minimum_v1/synthetic-V1002-e0/correction/M1,193,539,1,4,32,138,6,6,0,6,0,154,138,6,186,32,5,10,0,2,6
synthetic,V1002,synthetic-V1002-e0,delayed,M1,minimum_v1/synthetic-V1002-e0/delayed/M1,180,499,1,4,32,136,4,3,0,0,0,144,136,4,179,32,0,4,0,0,0
synthetic,V1002,synthetic-V1002-e1,channel_fault,M1,minimum_v1/synthetic-V1002-e1/channel_fault/M1,230,599,1,4,34,144,6,6,0,35,0,160,144,6,194,34,13,10,0,3,35
synthetic,V1002,synthetic-V1002-e1,clean,M1,minimum_v1/synthetic-V1002-e1/clean/M1,190,523,1,4,32,138,6,3,0,6,0,150,138,6,183,32,2,6,0,0,6
synthetic,V1002,synthetic-V1002-e1,correction,M1,minimum_v1/synthetic-V1002-e1/correction/M1,193,539,1,4,32,138,6,6,0,6,0,154,138,6,186,32,5,10,0,2,6
synthetic,V1002,synthetic-V1002-e1,delayed,M1,minimum_v1/synthetic-V1002-e1/delayed/M1,180,499,1,4,32,136,4,3,0,0,0,144,136,4,179,32,0,4,0,0,0
synthetic,V1003,synthetic-V1003-e0,channel_fault,M1,minimum_v1/synthetic-V1003-e0/channel_fault/M1,221,582,1,4,34,144,4,6,0,28,0,156,144,6,192,34,13,6,0,3,28
synthetic,V1003,synthetic-V1003-e0,clean,M1,minimum_v1/synthetic-V1003-e0/clean/M1,190,519,1,4,32,138,4,3,0,8,0,148,138,6,181,32,2,4,0,0,8
synthetic,V1003,synthetic-V1003-e0,correction,M1,minimum_v1/synthetic-V1003-e0/correction/M1,193,531,1,4,32,138,4,6,0,8,0,150,138,6,184,32,5,6,0,2,8
synthetic,V1003,synthetic-V1003-e0,delayed,M1,minimum_v1/synthetic-V1003-e0/delayed/M1,178,493,1,4,32,136,2,3,0,0,0,142,136,4,177,32,0,2,0,0,0
synthetic,V1003,synthetic-V1003-e1,channel_fault,M1,minimum_v1/synthetic-V1003-e1/channel_fault/M1,230,599,1,4,34,144,6,6,0,35,0,160,144,6,194,34,13,10,0,3,35
synthetic,V1003,synthetic-V1003-e1,clean,M1,minimum_v1/synthetic-V1003-e1/clean/M1,190,523,1,4,32,138,6,3,0,6,0,150,138,6,183,32,2,6,0,0,6
synthetic,V1003,synthetic-V1003-e1,correction,M1,minimum_v1/synthetic-V1003-e1/correction/M1,193,539,1,4,32,138,6,6,0,6,0,154,138,6,186,32,5,10,0,2,6
synthetic,V1003,synthetic-V1003-e1,delayed,M1,minimum_v1/synthetic-V1003-e1/delayed/M1,180,499,1,4,32,136,4,3,0,0,0,144,136,4,179,32,0,4,0,0,0
synthetic,V1004,synthetic-V1004-e0,channel_fault,M1,minimum_v1/synthetic-V1004-e0/channel_fault/M1,219,588,1,4,34,144,6,6,0,24,0,160,144,6,194,34,13,10,0,3,24
synthetic,V1004,synthetic-V1004-e0,clean,M1,minimum_v1/synthetic-V1004-e0/clean/M1,190,523,1,4,32,138,6,3,0,6,0,150,138,6,183,32,2,6,0,0,6
synthetic,V1004,synthetic-V1004-e0,correction,M1,minimum_v1/synthetic-V1004-e0/correction/M1,193,539,1,4,32,138,6,6,0,6,0,154,138,6,186,32,5,10,0,2,6
synthetic,V1004,synthetic-V1004-e0,delayed,M1,minimum_v1/synthetic-V1004-e0/delayed/M1,180,499,1,4,32,136,4,3,0,0,0,144,136,4,179,32,0,4,0,0,0
synthetic,V1004,synthetic-V1004-e1,channel_fault,M1,minimum_v1/synthetic-V1004-e1/channel_fault/M1,230,599,1,4,34,144,6,6,0,35,0,160,144,6,194,34,13,10,0,3,35
synthetic,V1004,synthetic-V1004-e1,clean,M1,minimum_v1/synthetic-V1004-e1/clean/M1,190,523,1,4,32,138,6,3,0,6,0,150,138,6,183,32,2,6,0,0,6
synthetic,V1004,synthetic-V1004-e1,correction,M1,minimum_v1/synthetic-V1004-e1/correction/M1,193,539,1,4,32,138,6,6,0,6,0,154,138,6,186,32,5,10,0,2,6
synthetic,V1004,synthetic-V1004-e1,delayed,M1,minimum_v1/synthetic-V1004-e1/delayed/M1,180,499,1,4,32,136,4,3,0,0,0,144,136,4,179,32,0,4,0,0,0
synthetic,V1005,synthetic-V1005-e0,channel_fault,M1,minimum_v1/synthetic-V1005-e0/channel_fault/M1,221,582,1,4,34,144,4,6,0,28,0,156,144,6,192,34,13,6,0,3,28
synthetic,V1005,synthetic-V1005-e0,clean,M1,minimum_v1/synthetic-V1005-e0/clean/M1,190,519,1,4,32,138,4,3,0,8,0,148,138,6,181,32,2,4,0,0,8
synthetic,V1005,synthetic-V1005-e0,correction,M1,minimum_v1/synthetic-V1005-e0/correction/M1,193,531,1,4,32,138,4,6,0,8,0,150,138,6,184,32,5,6,0,2,8
synthetic,V1005,synthetic-V1005-e0,delayed,M1,minimum_v1/synthetic-V1005-e0/delayed/M1,178,493,1,4,32,136,2,3,0,0,0,142,136,4,177,32,0,2,0,0,0
synthetic,V1005,synthetic-V1005-e1,channel_fault,M1,minimum_v1/synthetic-V1005-e1/channel_fault/M1,219,588,1,4,34,144,6,6,0,24,0,160,144,6,194,34,13,10,0,3,24
synthetic,V1005,synthetic-V1005-e1,clean,M1,minimum_v1/synthetic-V1005-e1/clean/M1,190,523,1,4,32,138,6,3,0,6,0,150,138,6,183,32,2,6,0,0,6
synthetic,V1005,synthetic-V1005-e1,correction,M1,minimum_v1/synthetic-V1005-e1/correction/M1,193,539,1,4,32,138,6,6,0,6,0,154,138,6,186,32,5,10,0,2,6
synthetic,V1005,synthetic-V1005-e1,delayed,M1,minimum_v1/synthetic-V1005-e1/delayed/M1,180,499,1,4,32,136,4,3,0,0,0,144,136,4,179,32,0,4,0,0,0
synthetic,V1006,synthetic-V1006-e0,channel_fault,M1,minimum_v1/synthetic-V1006-e0/channel_fault/M1,213,556,1,4,34,144,3,3,0,24,0,150,144,3,188,34,10,3,0,0,24
synthetic,V1006,synthetic-V1006-e0,clean,M1,minimum_v1/synthetic-V1006-e0/clean/M1,187,508,1,4,32,138,3,3,0,6,0,144,138,3,180,32,2,3,0,0,6
synthetic,V1006,synthetic-V1006-e0,correction,M1,minimum_v1/synthetic-V1006-e0/correction/M1,190,518,1,4,32,138,3,6,0,6,0,145,138,3,183,32,5,4,0,2,6
synthetic,V1006,synthetic-V1006-e0,delayed,M1,minimum_v1/synthetic-V1006-e0/delayed/M1,177,484,1,4,32,136,1,3,0,0,0,138,136,1,176,32,0,1,0,0,0
synthetic,V1006,synthetic-V1006-e1,channel_fault,M1,minimum_v1/synthetic-V1006-e1/channel_fault/M1,213,556,1,4,34,144,3,3,0,24,0,150,144,3,188,34,10,3,0,0,24
synthetic,V1006,synthetic-V1006-e1,clean,M1,minimum_v1/synthetic-V1006-e1/clean/M1,187,508,1,4,32,138,3,3,0,6,0,144,138,3,180,32,2,3,0,0,6
synthetic,V1006,synthetic-V1006-e1,correction,M1,minimum_v1/synthetic-V1006-e1/correction/M1,190,518,1,4,32,138,3,6,0,6,0,145,138,3,183,32,5,4,0,2,6
synthetic,V1006,synthetic-V1006-e1,delayed,M1,minimum_v1/synthetic-V1006-e1/delayed/M1,177,484,1,4,32,136,1,3,0,0,0,138,136,1,176,32,0,1,0,0,0
synthetic,V1007,synthetic-V1007-e0,channel_fault,M1,minimum_v1/synthetic-V1007-e0/channel_fault/M1,230,599,1,4,34,144,6,6,0,35,0,160,144,6,194,34,13,10,0,3,35
synthetic,V1007,synthetic-V1007-e0,clean,M1,minimum_v1/synthetic-V1007-e0/clean/M1,190,523,1,4,32,138,6,3,0,6,0,150,138,6,183,32,2,6,0,0,6
synthetic,V1007,synthetic-V1007-e0,correction,M1,minimum_v1/synthetic-V1007-e0/correction/M1,193,539,1,4,32,138,6,6,0,6,0,154,138,6,186,32,5,10,0,2,6
synthetic,V1007,synthetic-V1007-e0,delayed,M1,minimum_v1/synthetic-V1007-e0/delayed/M1,180,499,1,4,32,136,4,3,0,0,0,144,136,4,179,32,0,4,0,0,0
synthetic,V1007,synthetic-V1007-e1,channel_fault,M1,minimum_v1/synthetic-V1007-e1/channel_fault/M1,216,571,1,4,34,144,6,3,0,24,0,156,144,6,191,34,10,6,0,0,24
synthetic,V1007,synthetic-V1007-e1,clean,M1,minimum_v1/synthetic-V1007-e1/clean/M1,190,523,1,4,32,138,6,3,0,6,0,150,138,6,183,32,2,6,0,0,6
synthetic,V1007,synthetic-V1007-e1,correction,M1,minimum_v1/synthetic-V1007-e1/correction/M1,193,539,1,4,32,138,6,6,0,6,0,154,138,6,186,32,5,10,0,2,6
synthetic,V1007,synthetic-V1007-e1,delayed,M1,minimum_v1/synthetic-V1007-e1/delayed/M1,180,499,1,4,32,136,4,3,0,0,0,144,136,4,179,32,0,4,0,0,0
synthetic,V1008,synthetic-V1008-e0,channel_fault,M1,minimum_v1/synthetic-V1008-e0/channel_fault/M1,216,567,1,4,34,144,3,6,0,24,0,151,144,3,191,34,13,4,0,3,24
synthetic,V1008,synthetic-V1008-e0,clean,M1,minimum_v1/synthetic-V1008-e0/clean/M1,187,508,1,4,32,138,3,3,0,6,0,144,138,3,180,32,2,3,0,0,6
synthetic,V1008,synthetic-V1008-e0,correction,M1,minimum_v1/synthetic-V1008-e0/correction/M1,190,518,1,4,32,138,3,6,0,6,0,145,138,3,183,32,5,4,0,2,6
synthetic,V1008,synthetic-V1008-e0,delayed,M1,minimum_v1/synthetic-V1008-e0/delayed/M1,177,484,1,4,32,136,1,3,0,0,0,138,136,1,176,32,0,1,0,0,0
synthetic,V1008,synthetic-V1008-e1,channel_fault,M1,minimum_v1/synthetic-V1008-e1/channel_fault/M1,230,599,1,4,34,144,6,6,0,35,0,160,144,6,194,34,13,10,0,3,35
synthetic,V1008,synthetic-V1008-e1,clean,M1,minimum_v1/synthetic-V1008-e1/clean/M1,190,523,1,4,32,138,6,3,0,6,0,150,138,6,183,32,2,6,0,0,6
synthetic,V1008,synthetic-V1008-e1,correction,M1,minimum_v1/synthetic-V1008-e1/correction/M1,193,539,1,4,32,138,6,6,0,6,0,154,138,6,186,32,5,10,0,2,6
synthetic,V1008,synthetic-V1008-e1,delayed,M1,minimum_v1/synthetic-V1008-e1/delayed/M1,180,499,1,4,32,136,4,3,0,0,0,144,136,4,179,32,0,4,0,0,0
synthetic,V1009,synthetic-V1009-e0,channel_fault,M1,minimum_v1/synthetic-V1009-e0/channel_fault/M1,221,582,1,4,34,144,4,6,0,28,0,156,144,6,192,34,13,6,0,3,28
synthetic,V1009,synthetic-V1009-e0,clean,M1,minimum_v1/synthetic-V1009-e0/clean/M1,190,519,1,4,32,138,4,3,0,8,0,148,138,6,181,32,2,4,0,0,8
synthetic,V1009,synthetic-V1009-e0,correction,M1,minimum_v1/synthetic-V1009-e0/correction/M1,193,531,1,4,32,138,4,6,0,8,0,150,138,6,184,32,5,6,0,2,8
synthetic,V1009,synthetic-V1009-e0,delayed,M1,minimum_v1/synthetic-V1009-e0/delayed/M1,178,493,1,4,32,136,2,3,0,0,0,142,136,4,177,32,0,2,0,0,0
synthetic,V1009,synthetic-V1009-e1,channel_fault,M1,minimum_v1/synthetic-V1009-e1/channel_fault/M1,216,571,1,4,34,144,6,3,0,24,0,156,144,6,191,34,10,6,0,0,24
synthetic,V1009,synthetic-V1009-e1,clean,M1,minimum_v1/synthetic-V1009-e1/clean/M1,191,528,1,4,32,138,7,3,0,6,0,152,138,7,184,32,2,7,0,0,6
synthetic,V1009,synthetic-V1009-e1,correction,M1,minimum_v1/synthetic-V1009-e1/correction/M1,195,551,1,4,32,138,8,6,0,6,0,159,138,8,188,32,5,13,0,2,6
synthetic,V1009,synthetic-V1009-e1,delayed,M1,minimum_v1/synthetic-V1009-e1/delayed/M1,180,499,1,4,32,136,4,3,0,0,0,144,136,4,179,32,0,4,0,0,0
synthetic,V1010,synthetic-V1010-e0,channel_fault,M1,minimum_v1/synthetic-V1010-e0/channel_fault/M1,213,556,1,4,34,144,3,3,0,24,0,150,144,3,188,34,10,3,0,0,24
synthetic,V1010,synthetic-V1010-e0,clean,M1,minimum_v1/synthetic-V1010-e0/clean/M1,187,508,1,4,32,138,3,3,0,6,0,144,138,3,180,32,2,3,0,0,6
synthetic,V1010,synthetic-V1010-e0,correction,M1,minimum_v1/synthetic-V1010-e0/correction/M1,190,518,1,4,32,138,3,6,0,6,0,145,138,3,183,32,5,4,0,2,6
synthetic,V1010,synthetic-V1010-e0,delayed,M1,minimum_v1/synthetic-V1010-e0/delayed/M1,177,484,1,4,32,136,1,3,0,0,0,138,136,1,176,32,0,1,0,0,0
synthetic,V1010,synthetic-V1010-e1,channel_fault,M1,minimum_v1/synthetic-V1010-e1/channel_fault/M1,213,556,1,4,34,144,3,3,0,24,0,150,144,3,188,34,10,3,0,0,24
synthetic,V1010,synthetic-V1010-e1,clean,M1,minimum_v1/synthetic-V1010-e1/clean/M1,187,508,1,4,32,138,3,3,0,6,0,144,138,3,180,32,2,3,0,0,6
synthetic,V1010,synthetic-V1010-e1,correction,M1,minimum_v1/synthetic-V1010-e1/correction/M1,190,518,1,4,32,138,3,6,0,6,0,145,138,3,183,32,5,4,0,2,6
synthetic,V1010,synthetic-V1010-e1,delayed,M1,minimum_v1/synthetic-V1010-e1/delayed/M1,177,484,1,4,32,136,1,3,0,0,0,138,136,1,176,32,0,1,0,0,0
wesad,S10,wesad-S10-e0,channel_fault,M1,minimum_v1/wesad-S10-e0/channel_fault/M1,216,567,1,4,34,144,3,6,0,24,0,151,144,3,191,34,13,4,0,3,24
wesad,S10,wesad-S10-e0,clean,M1,minimum_v1/wesad-S10-e0/clean/M1,187,508,1,4,32,138,3,3,0,6,0,144,138,3,180,32,2,3,0,0,6
wesad,S10,wesad-S10-e0,correction,M1,minimum_v1/wesad-S10-e0/correction/M1,190,518,1,4,32,138,3,6,0,6,0,145,138,3,183,32,5,4,0,2,6
wesad,S10,wesad-S10-e0,delayed,M1,minimum_v1/wesad-S10-e0/delayed/M1,177,484,1,4,32,136,1,3,0,0,0,138,136,1,176,32,0,1,0,0,0
wesad,S10,wesad-S10-e1,channel_fault,M1,minimum_v1/wesad-S10-e1/channel_fault/M1,216,567,1,4,34,144,3,6,0,24,0,151,144,3,191,34,13,4,0,3,24
wesad,S10,wesad-S10-e1,clean,M1,minimum_v1/wesad-S10-e1/clean/M1,187,508,1,4,32,138,3,3,0,6,0,144,138,3,180,32,2,3,0,0,6
wesad,S10,wesad-S10-e1,correction,M1,minimum_v1/wesad-S10-e1/correction/M1,190,518,1,4,32,138,3,6,0,6,0,145,138,3,183,32,5,4,0,2,6
wesad,S10,wesad-S10-e1,delayed,M1,minimum_v1/wesad-S10-e1/delayed/M1,177,484,1,4,32,136,1,3,0,0,0,138,136,1,176,32,0,1,0,0,0
wesad,S11,wesad-S11-e0,channel_fault,M1,minimum_v1/wesad-S11-e0/channel_fault/M1,221,582,1,4,34,144,4,6,0,28,0,156,144,6,192,34,13,6,0,3,28
wesad,S11,wesad-S11-e0,clean,M1,minimum_v1/wesad-S11-e0/clean/M1,190,519,1,4,32,138,4,3,0,8,0,148,138,6,181,32,2,4,0,0,8
wesad,S11,wesad-S11-e0,correction,M1,minimum_v1/wesad-S11-e0/correction/M1,193,531,1,4,32,138,4,6,0,8,0,150,138,6,184,32,5,6,0,2,8
wesad,S11,wesad-S11-e0,delayed,M1,minimum_v1/wesad-S11-e0/delayed/M1,177,484,1,4,32,136,1,3,0,0,0,138,136,1,176,32,0,1,0,0,0
wesad,S11,wesad-S11-e1,channel_fault,M1,minimum_v1/wesad-S11-e1/channel_fault/M1,213,556,1,4,34,144,3,3,0,24,0,150,144,3,188,34,10,3,0,0,24
wesad,S11,wesad-S11-e1,clean,M1,minimum_v1/wesad-S11-e1/clean/M1,187,508,1,4,32,138,3,3,0,6,0,144,138,3,180,32,2,3,0,0,6
wesad,S11,wesad-S11-e1,correction,M1,minimum_v1/wesad-S11-e1/correction/M1,190,518,1,4,32,138,3,6,0,6,0,145,138,3,183,32,5,4,0,2,6
wesad,S11,wesad-S11-e1,delayed,M1,minimum_v1/wesad-S11-e1/delayed/M1,177,484,1,4,32,136,1,3,0,0,0,138,136,1,176,32,0,1,0,0,0
wesad,S13,wesad-S13-e0,channel_fault,M1,minimum_v1/wesad-S13-e0/channel_fault/M1,213,556,1,4,34,144,3,3,0,24,0,150,144,3,188,34,10,3,0,0,24
wesad,S13,wesad-S13-e0,clean,M1,minimum_v1/wesad-S13-e0/clean/M1,187,508,1,4,32,138,3,3,0,6,0,144,138,3,180,32,2,3,0,0,6
wesad,S13,wesad-S13-e0,correction,M1,minimum_v1/wesad-S13-e0/correction/M1,190,518,1,4,32,138,3,6,0,6,0,145,138,3,183,32,5,4,0,2,6
wesad,S13,wesad-S13-e0,delayed,M1,minimum_v1/wesad-S13-e0/delayed/M1,177,484,1,4,32,136,1,3,0,0,0,138,136,1,176,32,0,1,0,0,0
wesad,S13,wesad-S13-e1,channel_fault,M1,minimum_v1/wesad-S13-e1/channel_fault/M1,216,567,1,4,34,144,3,6,0,24,0,151,144,3,191,34,13,4,0,3,24
wesad,S13,wesad-S13-e1,clean,M1,minimum_v1/wesad-S13-e1/clean/M1,187,508,1,4,32,138,3,3,0,6,0,144,138,3,180,32,2,3,0,0,6
wesad,S13,wesad-S13-e1,correction,M1,minimum_v1/wesad-S13-e1/correction/M1,190,518,1,4,32,138,3,6,0,6,0,145,138,3,183,32,5,4,0,2,6
wesad,S13,wesad-S13-e1,delayed,M1,minimum_v1/wesad-S13-e1/delayed/M1,177,484,1,4,32,136,1,3,0,0,0,138,136,1,176,32,0,1,0,0,0
wesad,S14,wesad-S14-e0,channel_fault,M1,minimum_v1/wesad-S14-e0/channel_fault/M1,213,556,1,4,34,144,3,3,0,24,0,150,144,3,188,34,10,3,0,0,24
wesad,S14,wesad-S14-e0,clean,M1,minimum_v1/wesad-S14-e0/clean/M1,187,508,1,4,32,138,3,3,0,6,0,144,138,3,180,32,2,3,0,0,6
wesad,S14,wesad-S14-e0,correction,M1,minimum_v1/wesad-S14-e0/correction/M1,190,518,1,4,32,138,3,6,0,6,0,145,138,3,183,32,5,4,0,2,6
wesad,S14,wesad-S14-e0,delayed,M1,minimum_v1/wesad-S14-e0/delayed/M1,177,484,1,4,32,136,1,3,0,0,0,138,136,1,176,32,0,1,0,0,0
wesad,S14,wesad-S14-e1,channel_fault,M1,minimum_v1/wesad-S14-e1/channel_fault/M1,234,627,1,4,34,145,9,6,0,35,0,172,144,12,198,34,13,16,0,3,35
wesad,S14,wesad-S14-e1,clean,M1,minimum_v1/wesad-S14-e1/clean/M1,194,545,1,4,32,139,9,3,0,6,0,159,138,12,187,32,2,9,0,0,6
wesad,S14,wesad-S14-e1,correction,M1,minimum_v1/wesad-S14-e1/correction/M1,197,567,1,4,32,139,9,6,0,6,0,166,138,12,190,32,5,16,0,2,6
wesad,S14,wesad-S14-e1,delayed,M1,minimum_v1/wesad-S14-e1/delayed/M1,184,521,1,4,32,137,7,3,0,0,0,153,136,10,183,32,0,7,0,0,0
wesad,S15,wesad-S15-e0,channel_fault,M1,minimum_v1/wesad-S15-e0/channel_fault/M1,223,616,1,4,34,145,9,6,0,24,0,172,144,12,198,34,13,16,0,3,24
wesad,S15,wesad-S15-e0,clean,M1,minimum_v1/wesad-S15-e0/clean/M1,194,545,1,4,32,139,9,3,0,6,0,159,138,12,187,32,2,9,0,0,6
wesad,S15,wesad-S15-e0,correction,M1,minimum_v1/wesad-S15-e0/correction/M1,197,567,1,4,32,139,9,6,0,6,0,166,138,12,190,32,5,16,0,2,6
wesad,S15,wesad-S15-e0,delayed,M1,minimum_v1/wesad-S15-e0/delayed/M1,184,521,1,4,32,137,7,3,0,0,0,153,136,10,183,32,0,7,0,0,0
wesad,S15,wesad-S15-e1,channel_fault,M1,minimum_v1/wesad-S15-e1/channel_fault/M1,220,593,1,4,34,145,9,3,0,24,0,165,144,12,195,34,10,9,0,0,24
wesad,S15,wesad-S15-e1,clean,M1,minimum_v1/wesad-S15-e1/clean/M1,194,545,1,4,32,139,9,3,0,6,0,159,138,12,187,32,2,9,0,0,6
wesad,S15,wesad-S15-e1,correction,M1,minimum_v1/wesad-S15-e1/correction/M1,197,567,1,4,32,139,9,6,0,6,0,166,138,12,190,32,5,16,0,2,6
wesad,S15,wesad-S15-e1,delayed,M1,minimum_v1/wesad-S15-e1/delayed/M1,184,521,1,4,32,137,7,3,0,0,0,153,136,10,183,32,0,7,0,0,0
wesad,S16,wesad-S16-e0,channel_fault,M1,minimum_v1/wesad-S16-e0/channel_fault/M1,232,624,1,4,34,145,9,6,0,33,0,170,144,12,198,34,13,14,0,6,33
wesad,S16,wesad-S16-e0,clean,M1,minimum_v1/wesad-S16-e0/clean/M1,194,545,1,4,32,139,9,3,0,6,0,159,138,12,187,32,2,9,0,0,6
wesad,S16,wesad-S16-e0,correction,M1,minimum_v1/wesad-S16-e0/correction/M1,197,567,1,4,32,139,9,6,0,6,0,166,138,12,190,32,5,16,0,2,6
wesad,S16,wesad-S16-e0,delayed,M1,minimum_v1/wesad-S16-e0/delayed/M1,184,521,1,4,32,137,7,3,0,0,0,153,136,10,183,32,0,7,0,0,0
wesad,S16,wesad-S16-e1,channel_fault,M1,minimum_v1/wesad-S16-e1/channel_fault/M1,234,627,1,4,34,145,9,6,0,35,0,172,144,12,198,34,13,16,0,3,35
wesad,S16,wesad-S16-e1,clean,M1,minimum_v1/wesad-S16-e1/clean/M1,194,545,1,4,32,139,9,3,0,6,0,159,138,12,187,32,2,9,0,0,6
wesad,S16,wesad-S16-e1,correction,M1,minimum_v1/wesad-S16-e1/correction/M1,197,567,1,4,32,139,9,6,0,6,0,166,138,12,190,32,5,16,0,2,6
wesad,S16,wesad-S16-e1,delayed,M1,minimum_v1/wesad-S16-e1/delayed/M1,184,521,1,4,32,137,7,3,0,0,0,153,136,10,183,32,0,7,0,0,0
wesad,S2,wesad-S2-e0,channel_fault,M1,minimum_v1/wesad-S2-e0/channel_fault/M1,220,593,1,4,34,145,9,3,0,24,0,165,144,12,195,34,10,9,0,0,24
wesad,S2,wesad-S2-e0,clean,M1,minimum_v1/wesad-S2-e0/clean/M1,194,543,1,4,32,139,9,3,0,6,0,158,138,11,187,32,2,9,0,0,6
wesad,S2,wesad-S2-e0,correction,M1,minimum_v1/wesad-S2-e0/correction/M1,197,567,1,4,32,139,9,6,0,6,0,166,138,12,190,32,5,16,0,2,6
wesad,S2,wesad-S2-e0,delayed,M1,minimum_v1/wesad-S2-e0/delayed/M1,184,519,1,4,32,137,7,3,0,0,0,152,136,9,183,32,0,7,0,0,0
wesad,S2,wesad-S2-e1,channel_fault,M1,minimum_v1/wesad-S2-e1/channel_fault/M1,216,567,1,4,34,144,3,6,0,24,0,151,144,3,191,34,13,4,0,3,24
wesad,S2,wesad-S2-e1,clean,M1,minimum_v1/wesad-S2-e1/clean/M1,187,508,1,4,32,138,3,3,0,6,0,144,138,3,180,32,2,3,0,0,6
wesad,S2,wesad-S2-e1,correction,M1,minimum_v1/wesad-S2-e1/correction/M1,190,518,1,4,32,138,3,6,0,6,0,145,138,3,183,32,5,4,0,2,6
wesad,S2,wesad-S2-e1,delayed,M1,minimum_v1/wesad-S2-e1/delayed/M1,177,484,1,4,32,136,1,3,0,0,0,138,136,1,176,32,0,1,0,0,0
wesad,S6,wesad-S6-e0,channel_fault,M1,minimum_v1/wesad-S6-e0/channel_fault/M1,233,620,1,4,34,144,9,6,0,35,0,169,144,9,197,34,13,16,0,3,35
wesad,S6,wesad-S6-e0,clean,M1,minimum_v1/wesad-S6-e0/clean/M1,193,538,1,4,32,138,9,3,0,6,0,156,138,9,186,32,2,9,0,0,6
wesad,S6,wesad-S6-e0,correction,M1,minimum_v1/wesad-S6-e0/correction/M1,196,560,1,4,32,138,9,6,0,6,0,163,138,9,189,32,5,16,0,2,6
wesad,S6,wesad-S6-e0,delayed,M1,minimum_v1/wesad-S6-e0/delayed/M1,180,499,1,4,32,136,4,3,0,0,0,144,136,4,179,32,0,4,0,0,0
wesad,S6,wesad-S6-e1,channel_fault,M1,minimum_v1/wesad-S6-e1/channel_fault/M1,232,624,1,4,34,145,9,6,0,33,0,170,144,12,198,34,13,14,0,6,33
wesad,S6,wesad-S6-e1,clean,M1,minimum_v1/wesad-S6-e1/clean/M1,194,545,1,4,32,139,9,3,0,6,0,159,138,12,187,32,2,9,0,0,6
wesad,S6,wesad-S6-e1,correction,M1,minimum_v1/wesad-S6-e1/correction/M1,197,567,1,4,32,139,9,6,0,6,0,166,138,12,190,32,5,16,0,2,6
wesad,S6,wesad-S6-e1,delayed,M1,minimum_v1/wesad-S6-e1/delayed/M1,184,521,1,4,32,137,7,3,0,0,0,153,136,10,183,32,0,7,0,0,0
wesad,S7,wesad-S7-e0,channel_fault,M1,minimum_v1/wesad-S7-e0/channel_fault/M1,234,627,1,4,34,145,9,6,0,35,0,172,144,12,198,34,13,16,0,3,35
wesad,S7,wesad-S7-e0,clean,M1,minimum_v1/wesad-S7-e0/clean/M1,194,545,1,4,32,139,9,3,0,6,0,159,138,12,187,32,2,9,0,0,6
wesad,S7,wesad-S7-e0,correction,M1,minimum_v1/wesad-S7-e0/correction/M1,197,567,1,4,32,139,9,6,0,6,0,166,138,12,190,32,5,16,0,2,6
wesad,S7,wesad-S7-e0,delayed,M1,minimum_v1/wesad-S7-e0/delayed/M1,184,521,1,4,32,137,7,3,0,0,0,153,136,10,183,32,0,7,0,0,0
wesad,S7,wesad-S7-e1,channel_fault,M1,minimum_v1/wesad-S7-e1/channel_fault/M1,213,556,1,4,34,144,3,3,0,24,0,150,144,3,188,34,10,3,0,0,24
wesad,S7,wesad-S7-e1,clean,M1,minimum_v1/wesad-S7-e1/clean/M1,187,508,1,4,32,138,3,3,0,6,0,144,138,3,180,32,2,3,0,0,6
wesad,S7,wesad-S7-e1,correction,M1,minimum_v1/wesad-S7-e1/correction/M1,190,518,1,4,32,138,3,6,0,6,0,145,138,3,183,32,5,4,0,2,6
wesad,S7,wesad-S7-e1,delayed,M1,minimum_v1/wesad-S7-e1/delayed/M1,177,484,1,4,32,136,1,3,0,0,0,138,136,1,176,32,0,1,0,0,0
wesad,S8,wesad-S8-e0,channel_fault,M1,minimum_v1/wesad-S8-e0/channel_fault/M1,216,567,1,4,34,144,3,6,0,24,0,151,144,3,191,34,13,4,0,3,24
wesad,S8,wesad-S8-e0,clean,M1,minimum_v1/wesad-S8-e0/clean/M1,187,508,1,4,32,138,3,3,0,6,0,144,138,3,180,32,2,3,0,0,6
wesad,S8,wesad-S8-e0,correction,M1,minimum_v1/wesad-S8-e0/correction/M1,190,518,1,4,32,138,3,6,0,6,0,145,138,3,183,32,5,4,0,2,6
wesad,S8,wesad-S8-e0,delayed,M1,minimum_v1/wesad-S8-e0/delayed/M1,177,484,1,4,32,136,1,3,0,0,0,138,136,1,176,32,0,1,0,0,0
wesad,S8,wesad-S8-e1,channel_fault,M1,minimum_v1/wesad-S8-e1/channel_fault/M1,223,616,1,4,34,145,9,6,0,24,0,172,144,12,198,34,13,16,0,3,24
wesad,S8,wesad-S8-e1,clean,M1,minimum_v1/wesad-S8-e1/clean/M1,194,545,1,4,32,139,9,3,0,6,0,159,138,12,187,32,2,9,0,0,6
wesad,S8,wesad-S8-e1,correction,M1,minimum_v1/wesad-S8-e1/correction/M1,197,567,1,4,32,139,9,6,0,6,0,166,138,12,190,32,5,16,0,2,6
wesad,S8,wesad-S8-e1,delayed,M1,minimum_v1/wesad-S8-e1/delayed/M1,184,521,1,4,32,137,7,3,0,0,0,153,136,10,183,32,0,7,0,0,0
