case_id,dataset,subject,episode_id,intended_depth,regime,stage,claims,grounded,witnesses,sound_witnesses,complete_families,required,root_grounded,root_with_admissible_witness,prose_flagged
synthetic-V1001-e0-d1-single,synthetic,V1001,synthetic-V1001-e0,1,single,proposal,1,1,1,1,1,1,1,1,0
synthetic-V1001-e0-d1-single,synthetic,V1001,synthetic-V1001-e0,1,single,final_proposal,1,1,1,1,1,1,1,1,0
synthetic-V1001-e0-d1-single,synthetic,V1001,synthetic-V1001-e0,1,single,accepted_displayed,1,1,1,1,1,1,1,1,0
synthetic-V1001-e0-d1-alternative,synthetic,V1001,synthetic-V1001-e0,1,alternative,proposal,9,9,10,10,9,1,1,1,0
synthetic-V1001-e0-d1-alternative,synthetic,V1001,synthetic-V1001-e0,1,alternative,final_proposal,9,9,10,10,9,1,1,1,0
synthetic-V1001-e0-d1-alternative,synthetic,V1001,synthetic-V1001-e0,1,alternative,accepted_displayed,0,0,0,0,0,1,0,0,0
synthetic-V1001-e0-d2-single,synthetic,V1001,synthetic-V1001-e0,2,single,proposal,2,2,2,2,2,1,1,1,0
synthetic-V1001-e0-d2-single,synthetic,V1001,synthetic-V1001-e0,2,single,final_proposal,2,2,2,2,2,1,1,1,0
synthetic-V1001-e0-d2-single,synthetic,V1001,synthetic-V1001-e0,2,single,accepted_displayed,2,2,2,2,2,1,1,1,0
synthetic-V1001-e0-d2-alternative,synthetic,V1001,synthetic-V1001-e0,2,alternative,proposal,3,3,4,4,3,1,1,1,0
synthetic-V1001-e0-d2-alternative,synthetic,V1001,synthetic-V1001-e0,2,alternative,final_proposal,3,3,4,4,3,1,1,1,0
synthetic-V1001-e0-d2-alternative,synthetic,V1001,synthetic-V1001-e0,2,alternative,accepted_displayed,3,3,4,4,3,1,1,1,0
synthetic-V1001-e0-d3-single,synthetic,V1001,synthetic-V1001-e0,3,single,proposal,3,3,3,3,3,1,1,1,0
synthetic-V1001-e0-d3-single,synthetic,V1001,synthetic-V1001-e0,3,single,final_proposal,3,3,3,3,3,1,1,1,0
synthetic-V1001-e0-d3-single,synthetic,V1001,synthetic-V1001-e0,3,single,accepted_displayed,3,3,3,3,3,1,1,1,0
synthetic-V1001-e0-d3-alternative,synthetic,V1001,synthetic-V1001-e0,3,alternative,proposal,5,5,6,6,5,1,1,1,0
synthetic-V1001-e0-d3-alternative,synthetic,V1001,synthetic-V1001-e0,3,alternative,final_proposal,5,5,6,6,5,1,1,1,0
synthetic-V1001-e0-d3-alternative,synthetic,V1001,synthetic-V1001-e0,3,alternative,accepted_displayed,5,5,6,6,5,1,1,1,0
synthetic-V1001-e0-d4-single,synthetic,V1001,synthetic-V1001-e0,4,single,proposal,4,4,4,4,4,1,1,1,0
synthetic-V1001-e0-d4-single,synthetic,V1001,synthetic-V1001-e0,4,single,final_proposal,4,4,4,4,4,1,1,1,0
synthetic-V1001-e0-d4-single,synthetic,V1001,synthetic-V1001-e0,4,single,accepted_displayed,4,4,4,4,4,1,1,1,0
synthetic-V1001-e0-d4-alternative,synthetic,V1001,synthetic-V1001-e0,4,alternative,proposal,7,7,8,8,7,1,1,1,0
synthetic-V1001-e0-d4-alternative,synthetic,V1001,synthetic-V1001-e0,4,alternative,final_proposal,7,7,8,8,7,1,1,1,0
synthetic-V1001-e0-d4-alternative,synthetic,V1001,synthetic-V1001-e0,4,alternative,accepted_displayed,7,7,8,8,7,1,1,1,0
synthetic-V1001-e1-d1-single,synthetic,V1001,synthetic-V1001-e1,1,single,proposal,5,5,5,5,5,1,1,1,0
synthetic-V1001-e1-d1-single,synthetic,V1001,synthetic-V1001-e1,1,single,final_proposal,5,5,5,5,5,1,1,1,0
synthetic-V1001-e1-d1-single,synthetic,V1001,synthetic-V1001-e1,1,single,accepted_displayed,0,0,0,0,0,1,0,0,0
synthetic-V1001-e1-d1-alternative,synthetic,V1001,synthetic-V1001-e1,1,alternative,proposal,9,9,10,10,9,1,1,1,0
synthetic-V1001-e1-d1-alternative,synthetic,V1001,synthetic-V1001-e1,1,alternative,final_proposal,9,9,10,10,9,1,1,1,0
synthetic-V1001-e1-d1-alternative,synthetic,V1001,synthetic-V1001-e1,1,alternative,accepted_displayed,0,0,0,0,0,1,0,0,0
synthetic-V1001-e1-d2-single,synthetic,V1001,synthetic-V1001-e1,2,single,proposal,2,2,2,2,2,1,1,1,0
synthetic-V1001-e1-d2-single,synthetic,V1001,synthetic-V1001-e1,2,single,final_proposal,2,2,2,2,2,1,1,1,0
synthetic-V1001-e1-d2-single,synthetic,V1001,synthetic-V1001-e1,2,single,accepted_displayed,2,2,2,2,2,1,1,1,0
synthetic-V1001-e1-d2-alternative,synthetic,V1001,synthetic-V1001-e1,2,alternative,proposal,3,3,4,4,3,1,1,1,0
synthetic-V1001-e1-d2-alternative,synthetic,V1001,synthetic-V1001-e1,2,alternative,final_proposal,3,3,4,4,3,1,1,1,0
synthetic-V1001-e1-d2-alternative,synthetic,V1001,synthetic-V1001-e1,2,alternative,accepted_displayed,3,3,4,4,3,1,1,1,0
synthetic-V1001-e1-d3-single,synthetic,V1001,synthetic-V1001-e1,3,single,proposal,3,3,3,3,3,1,1,1,0
synthetic-V1001-e1-d3-single,synthetic,V1001,synthetic-V1001-e1,3,single,final_proposal,3,3,3,3,3,1,1,1,0
synthetic-V1001-e1-d3-single,synthetic,V1001,synthetic-V1001-e1,3,single,accepted_displayed,3,3,3,3,3,1,1,1,0
synthetic-V1001-e1-d3-alternative,synthetic,V1001,synthetic-V1001-e1,3,alternative,proposal,5,5,6,6,5,1,1,1,0
synthetic-V1001-e1-d3-alternative,synthetic,V1001,synthetic-V1001-e1,3,alternative,final_proposal,5,5,6,6,5,1,1,1,0
synthetic-V1001-e1-d3-alternative,synthetic,V1001,synthetic-V1001-e1,3,alternative,accepted_displayed,5,5,6,6,5,1,1,1,0
synthetic-V1001-e1-d4-single,synthetic,V1001,synthetic-V1001-e1,4,single,proposal,4,4,4,4,4,1,1,1,0
synthetic-V1001-e1-d4-single,synthetic,V1001,synthetic-V1001-e1,4,single,final_proposal,4,4,4,4,4,1,1,1,0
synthetic-V1001-e1-d4-single,synthetic,V1001,synthetic-V1001-e1,4,single,accepted_displayed,4,4,4,4,4,1,1,1,0
synthetic-V1001-e1-d4-alternative,synthetic,V1001,synthetic-V1001-e1,4,alternative,proposal,7,7,8,8,7,1,1,1,0
synthetic-V1001-e1-d4-alternative,synthetic,V1001,synthetic-V1001-e1,4,alternative,final_proposal,7,7,8,8,7,1,1,1,0
synthetic-V1001-e1-d4-alternative,synthetic,V1001,synthetic-V1001-e1,4,alternative,accepted_displayed,7,7,8,8,7,1,1,1,0
synthetic-V1002-e0-d1-single,synthetic,V1002,synthetic-V1002-e0,1,single,proposal,1,1,1,1,1,1,1,1,0
synthetic-V1002-e0-d1-single,synthetic,V1002,synthetic-V1002-e0,1,single,final_proposal,1,1,1,1,1,1,1,1,0
synthetic-V1002-e0-d1-single,synthetic,V1002,synthetic-V1002-e0,1,single,accepted_displayed,1,1,1,1,1,1,1,1,0
synthetic-V1002-e0-d1-alternative,synthetic,V1002,synthetic-V1002-e0,1,alternative,proposal,1,1,2,2,1,1,1,1,0
synthetic-V1002-e0-d1-alternative,synthetic,V1002,synthetic-V1002-e0,1,alternative,final_proposal,1,1,2,2,1,1,1,1,0
synthetic-V1002-e0-d1-alternative,synthetic,V1002,synthetic-V1002-e0,1,alternative,accepted_displayed,1,1,2,2,1,1,1,1,0
synthetic-V1002-e0-d2-single,synthetic,V1002,synthetic-V1002-e0,2,single,proposal,2,2,2,2,2,1,1,1,0
synthetic-V1002-e0-d2-single,synthetic,V1002,synthetic-V1002-e0,2,single,final_proposal,2,2,2,2,2,1,1,1,0
synthetic-V1002-e0-d2-single,synthetic,V1002,synthetic-V1002-e0,2,single,accepted_displayed,2,2,2,2,2,1,1,1,0
synthetic-V1002-e0-d2-alternative,synthetic,V1002,synthetic-V1002-e0,2,alternative,proposal,3,3,4,4,3,1,1,1,0
synthetic-V1002-e0-d2-alternative,synthetic,V1002,synthetic-V1002-e0,2,alternative,final_proposal,3,3,4,4,3,1,1,1,0
synthetic-V1002-e0-d2-alternative,synthetic,V1002,synthetic-V1002-e0,2,alternative,accepted_displayed,3,3,4,4,3,1,1,1,0
synthetic-V1002-e0-d3-single,synthetic,V1002,synthetic-V1002-e0,3,single,proposal,3,3,3,3,3,1,1,1,0
synthetic-V1002-e0-d3-single,synthetic,V1002,synthetic-V1002-e0,3,single,final_proposal,3,3,3,3,3,1,1,1,0
synthetic-V1002-e0-d3-single,synthetic,V1002,synthetic-V1002-e0,3,single,accepted_displayed,3,3,3,3,3,1,1,1,0
synthetic-V1002-e0-d3-alternative,synthetic,V1002,synthetic-V1002-e0,3,alternative,proposal,5,5,6,6,5,1,1,1,0
synthetic-V1002-e0-d3-alternative,synthetic,V1002,synthetic-V1002-e0,3,alternative,final_proposal,5,5,6,6,5,1,1,1,0
synthetic-V1002-e0-d3-alternative,synthetic,V1002,synthetic-V1002-e0,3,alternative,accepted_displayed,5,5,6,6,5,1,1,1,0
synthetic-V1002-e0-d4-single,synthetic,V1002,synthetic-V1002-e0,4,single,proposal,4,4,4,4,4,1,1,1,0
synthetic-V1002-e0-d4-single,synthetic,V1002,synthetic-V1002-e0,4,single,final_proposal,4,4,4,4,4,1,1,1,0
synthetic-V1002-e0-d4-single,synthetic,V1002,synthetic-V1002-e0,4,single,accepted_displayed,4,4,4,4,4,1,1,1,0
synthetic-V1002-e0-d4-alternative,synthetic,V1002,synthetic-V1002-e0,4,alternative,proposal,7,7,8,8,7,1,1,1,0
synthetic-V1002-e0-d4-alternative,synthetic,V1002,synthetic-V1002-e0,4,alternative,final_proposal,7,7,8,8,7,1,1,1,0
synthetic-V1002-e0-d4-alternative,synthetic,V1002,synthetic-V1002-e0,4,alternative,accepted_displayed,7,7,8,8,7,1,1,1,0
synthetic-V1002-e1-d1-single,synthetic,V1002,synthetic-V1002-e1,1,single,proposal,1,1,1,1,1,1,1,1,0
synthetic-V1002-e1-d1-single,synthetic,V1002,synthetic-V1002-e1,1,single,final_proposal,1,1,1,1,1,1,1,1,0
synthetic-V1002-e1-d1-single,synthetic,V1002,synthetic-V1002-e1,1,single,accepted_displayed,1,1,1,1,1,1,1,1,0
synthetic-V1002-e1-d1-alternative,synthetic,V1002,synthetic-V1002-e1,1,alternative,proposal,9,9,10,0,0,1,1,0,0
synthetic-V1002-e1-d1-alternative,synthetic,V1002,synthetic-V1002-e1,1,alternative,final_proposal,9,9,10,0,0,1,1,0,0
synthetic-V1002-e1-d1-alternative,synthetic,V1002,synthetic-V1002-e1,1,alternative,accepted_displayed,0,0,0,0,0,1,0,0,0
synthetic-V1002-e1-d2-single,synthetic,V1002,synthetic-V1002-e1,2,single,proposal,6,6,6,0,0,1,1,0,0
synthetic-V1002-e1-d2-single,synthetic,V1002,synthetic-V1002-e1,2,single,final_proposal,6,6,6,0,0,1,1,0,0
synthetic-V1002-e1-d2-single,synthetic,V1002,synthetic-V1002-e1,2,single,accepted_displayed,2,2,2,2,2,1,1,1,0
synthetic-V1002-e1-d2-alternative,synthetic,V1002,synthetic-V1002-e1,2,alternative,proposal,3,3,4,4,3,1,1,1,0
synthetic-V1002-e1-d2-alternative,synthetic,V1002,synthetic-V1002-e1,2,alternative,final_proposal,3,3,4,4,3,1,1,1,0
synthetic-V1002-e1-d2-alternative,synthetic,V1002,synthetic-V1002-e1,2,alternative,accepted_displayed,3,3,4,4,3,1,1,1,0
synthetic-V1002-e1-d3-single,synthetic,V1002,synthetic-V1002-e1,3,single,proposal,3,3,3,3,3,1,1,1,0
synthetic-V1002-e1-d3-single,synthetic,V1002,synthetic-V1002-e1,3,single,final_proposal,3,3,3,3,3,1,1,1,0
synthetic-V1002-e1-d3-single,synthetic,V1002,synthetic-V1002-e1,3,single,accepted_displayed,3,3,3,3,3,1,1,1,0
synthetic-V1002-e1-d3-alternative,synthetic,V1002,synthetic-V1002-e1,3,alternative,proposal,5,5,6,6,5,1,1,1,0
synthetic-V1002-e1-d3-alternative,synthetic,V1002,synthetic-V1002-e1,3,alternative,final_proposal,5,5,6,6,5,1,1,1,0
synthetic-V1002-e1-d3-alternative,synthetic,V1002,synthetic-V1002-e1,3,alternative,accepted_displayed,5,5,6,6,5,1,1,1,0
synthetic-V1002-e1-d4-single,synthetic,V1002,synthetic-V1002-e1,4,single,proposal,4,4,4,4,4,1,1,1,0
synthetic-V1002-e1-d4-single,synthetic,V1002,synthetic-V1002-e1,4,single,final_proposal,4,4,4,4,4,1,1,1,0
synthetic-V1002-e1-d4-single,synthetic,V1002,synthetic-V1002-e1,4,single,accepted_displayed,4,4,4,4,4,1,1,1,0
synthetic-V1002-e1-d4-alternative,synthetic,V1002,synthetic-V1002-e1,4,alternative,proposal,7,7,8,8,7,1,1,1,0
synthetic-V1002-e1-d4-alternative,synthetic,V1002,synthetic-V1002-e1,4,alternative,final_proposal,7,7,8,8,7,1,1,1,0
synthetic-V1002-e1-d4-alternative,synthetic,V1002,synthetic-V1002-e1,4,alternative,accepted_displayed,7,7,8,8,7,1,1,1,0
synthetic-V1003-e0-d1-single,synthetic,V1003,synthetic-V1003-e0,1,single,proposal,5,5,5,5,5,1,1,1,0
synthetic-V1003-e0-d1-single,synthetic,V1003,synthetic-V1003-e0,1,single,final_proposal,5,5,5,5,5,1,1,1,0
synthetic-V1003-e0-d1-single,synthetic,V1003,synthetic-V1003-e0,1,single,accepted_displayed,1,1,1,1,1,1,1,1,0
synthetic-V1003-e0-d1-alternative,synthetic,V1003,synthetic-V1003-e0,1,alternative,proposal,9,9,10,10,9,1,1,1,0
synthetic-V1003-e0-d1-alternative,synthetic,V1003,synthetic-V1003-e0,1,alternative,final_proposal,9,9,10,10,9,1,1,1,0
synthetic-V1003-e0-d1-alternative,synthetic,V1003,synthetic-V1003-e0,1,alternative,accepted_displayed,0,0,0,0,0,1,0,0,0
synthetic-V1003-e0-d2-single,synthetic,V1003,synthetic-V1003-e0,2,single,proposal,2,2,2,2,2,1,1,1,0
synthetic-V1003-e0-d2-single,synthetic,V1003,synthetic-V1003-e0,2,single,final_proposal,2,2,2,2,2,1,1,1,0
synthetic-V1003-e0-d2-single,synthetic,V1003,synthetic-V1003-e0,2,single,accepted_displayed,2,2,2,2,2,1,1,1,0
synthetic-V1003-e0-d2-alternative,synthetic,V1003,synthetic-V1003-e0,2,alternative,proposal,3,3,4,4,3,1,1,1,0
synthetic-V1003-e0-d2-alternative,synthetic,V1003,synthetic-V1003-e0,2,alternative,final_proposal,3,3,4,4,3,1,1,1,0
synthetic-V1003-e0-d2-alternative,synthetic,V1003,synthetic-V1003-e0,2,alternative,accepted_displayed,3,3,4,4,3,1,1,1,0
synthetic-V1003-e0-d3-single,synthetic,V1003,synthetic-V1003-e0,3,single,proposal,3,3,3,3,3,1,1,1,0
synthetic-V1003-e0-d3-single,synthetic,V1003,synthetic-V1003-e0,3,single,final_proposal,3,3,3,3,3,1,1,1,0
synthetic-V1003-e0-d3-single,synthetic,V1003,synthetic-V1003-e0,3,single,accepted_displayed,3,3,3,3,3,1,1,1,0
synthetic-V1003-e0-d3-alternative,synthetic,V1003,synthetic-V1003-e0,3,alternative,proposal,5,5,6,0,0,1,1,0,0
synthetic-V1003-e0-d3-alternative,synthetic,V1003,synthetic-V1003-e0,3,alternative,final_proposal,5,5,6,0,0,1,1,0,0
synthetic-V1003-e0-d3-alternative,synthetic,V1003,synthetic-V1003-e0,3,alternative,accepted_displayed,1,1,2,2,1,1,1,1,0
synthetic-V1003-e0-d4-single,synthetic,V1003,synthetic-V1003-e0,4,single,proposal,4,4,4,4,4,1,1,1,0
synthetic-V1003-e0-d4-single,synthetic,V1003,synthetic-V1003-e0,4,single,final_proposal,4,4,4,4,4,1,1,1,0
synthetic-V1003-e0-d4-single,synthetic,V1003,synthetic-V1003-e0,4,single,accepted_displayed,4,4,4,4,4,1,1,1,0
synthetic-V1003-e0-d4-alternative,synthetic,V1003,synthetic-V1003-e0,4,alternative,proposal,7,7,8,8,7,1,1,1,0
synthetic-V1003-e0-d4-alternative,synthetic,V1003,synthetic-V1003-e0,4,alternative,final_proposal,7,7,8,8,7,1,1,1,0
synthetic-V1003-e0-d4-alternative,synthetic,V1003,synthetic-V1003-e0,4,alternative,accepted_displayed,7,7,8,8,7,1,1,1,0
synthetic-V1003-e1-d1-single,synthetic,V1003,synthetic-V1003-e1,1,single,proposal,1,1,1,1,1,1,1,1,0
synthetic-V1003-e1-d1-single,synthetic,V1003,synthetic-V1003-e1,1,single,final_proposal,1,1,1,1,1,1,1,1,0
synthetic-V1003-e1-d1-single,synthetic,V1003,synthetic-V1003-e1,1,single,accepted_displayed,1,1,1,1,1,1,1,1,0
synthetic-V1003-e1-d1-alternative,synthetic,V1003,synthetic-V1003-e1,1,alternative,proposal,9,9,10,0,0,1,1,0,0
synthetic-V1003-e1-d1-alternative,synthetic,V1003,synthetic-V1003-e1,1,alternative,final_proposal,9,9,10,0,0,1,1,0,0
synthetic-V1003-e1-d1-alternative,synthetic,V1003,synthetic-V1003-e1,1,alternative,accepted_displayed,0,0,0,0,0,1,0,0,0
synthetic-V1003-e1-d2-single,synthetic,V1003,synthetic-V1003-e1,2,single,proposal,2,2,2,2,2,1,1,1,0
synthetic-V1003-e1-d2-single,synthetic,V1003,synthetic-V1003-e1,2,single,final_proposal,2,2,2,2,2,1,1,1,0
synthetic-V1003-e1-d2-single,synthetic,V1003,synthetic-V1003-e1,2,single,accepted_displayed,2,2,2,2,2,1,1,1,0
synthetic-V1003-e1-d2-alternative,synthetic,V1003,synthetic-V1003-e1,2,alternative,proposal,3,3,4,4,3,1,1,1,0
synthetic-V1003-e1-d2-alternative,synthetic,V1003,synthetic-V1003-e1,2,alternative,final_proposal,3,3,4,4,3,1,1,1,0
synthetic-V1003-e1-d2-alternative,synthetic,V1003,synthetic-V1003-e1,2,alternative,accepted_displayed,3,3,4,4,3,1,1,1,0
synthetic-V1003-e1-d3-single,synthetic,V1003,synthetic-V1003-e1,3,single,proposal,3,3,3,3,3,1,1,1,0
synthetic-V1003-e1-d3-single,synthetic,V1003,synthetic-V1003-e1,3,single,final_proposal,3,3,3,3,3,1,1,1,0
synthetic-V1003-e1-d3-single,synthetic,V1003,synthetic-V1003-e1,3,single,accepted_displayed,3,3,3,3,3,1,1,1,0
synthetic-V1003-e1-d3-alternative,synthetic,V1003,synthetic-V1003-e1,3,alternative,proposal,5,5,6,6,5,1,1,1,0
synthetic-V1003-e1-d3-alternative,synthetic,V1003,synthetic-V1003-e1,3,alternative,final_proposal,5,5,6,6,5,1,1,1,0
synthetic-V1003-e1-d3-alternative,synthetic,V1003,synthetic-V1003-e1,3,alternative,accepted_displayed,5,5,6,6,5,1,1,1,0
synthetic-V1003-e1-d4-single,synthetic,V1003,synthetic-V1003-e1,4,single,proposal,4,4,4,4,4,1,1,1,0
synthetic-V1003-e1-d4-single,synthetic,V1003,synthetic-V1003-e1,4,single,final_proposal,4,4,4,4,4,1,1,1,0
synthetic-V1003-e1-d4-single,synthetic,V1003,synthetic-V1003-e1,4,single,accepted_displayed,4,4,4,4,4,1,1,1,0
synthetic-V1003-e1-d4-alternative,synthetic,V1003,synthetic-V1003-e1,4,alternative,proposal,7,7,8,8,7,1,1,1,0
synthetic-V1003-e1-d4-alternative,synthetic,V1003,synthetic-V1003-e1,4,alternative,final_proposal,7,7,8,8,7,1,1,1,0
synthetic-V1003-e1-d4-alternative,synthetic,V1003,synthetic-V1003-e1,4,alternative,accepted_displayed,7,7,8,8,7,1,1,1,0
synthetic-V1004-e0-d1-single,synthetic,V1004,synthetic-V1004-e0,1,single,proposal,1,1,1,1,1,1,1,1,0
synthetic-V1004-e0-d1-single,synthetic,V1004,synthetic-V1004-e0,1,single,final_proposal,1,1,1,1,1,1,1,1,0
synthetic-V1004-e0-d1-single,synthetic,V1004,synthetic-V1004-e0,1,single,accepted_displayed,1,1,1,1,1,1,1,1,0
synthetic-V1004-e0-d1-alternative,synthetic,V1004,synthetic-V1004-e0,1,alternative,proposal,9,9,10,10,9,1,1,1,0
synthetic-V1004-e0-d1-alternative,synthetic,V1004,synthetic-V1004-e0,1,alternative,final_proposal,9,9,10,10,9,1,1,1,0
synthetic-V1004-e0-d1-alternative,synthetic,V1004,synthetic-V1004-e0,1,alternative,accepted_displayed,0,0,0,0,0,1,0,0,0
synthetic-V1004-e0-d2-single,synthetic,V1004,synthetic-V1004-e0,2,single,proposal,2,2,2,2,2,1,1,1,0
synthetic-V1004-e0-d2-single,synthetic,V1004,synthetic-V1004-e0,2,single,final_proposal,2,2,2,2,2,1,1,1,0
synthetic-V1004-e0-d2-single,synthetic,V1004,synthetic-V1004-e0,2,single,accepted_displayed,2,2,2,2,2,1,1,1,0
synthetic-V1004-e0-d2-alternative,synthetic,V1004,synthetic-V1004-e0,2,alternative,proposal,3,3,4,4,3,1,1,1,0
synthetic-V1004-e0-d2-alternative,synthetic,V1004,synthetic-V1004-e0,2,alternative,final_proposal,3,3,4,4,3,1,1,1,0
synthetic-V1004-e0-d2-alternative,synthetic,V1004,synthetic-V1004-e0,2,alternative,accepted_displayed,3,3,4,4,3,1,1,1,0
synthetic-V1004-e0-d3-single,synthetic,V1004,synthetic-V1004-e0,3,single,proposal,3,3,3,3,3,1,1,1,0
synthetic-V1004-e0-d3-single,synthetic,V1004,synthetic-V1004-e0,3,single,final_proposal,3,3,3,3,3,1,1,1,0
synthetic-V1004-e0-d3-single,synthetic,V1004,synthetic-V1004-e0,3,single,accepted_displayed,3,3,3,3,3,1,1,1,0
synthetic-V1004-e0-d3-alternative,synthetic,V1004,synthetic-V1004-e0,3,alternative,proposal,5,5,6,6,5,1,1,1,0
synthetic-V1004-e0-d3-alternative,synthetic,V1004,synthetic-V1004-e0,3,alternative,final_proposal,5,5,6,6,5,1,1,1,0
synthetic-V1004-e0-d3-alternative,synthetic,V1004,synthetic-V1004-e0,3,alternative,accepted_displayed,5,5,6,6,5,1,1,1,0
synthetic-V1004-e0-d4-single,synthetic,V1004,synthetic-V1004-e0,4,single,proposal,4,4,4,4,4,1,1,1,0
synthetic-V1004-e0-d4-single,synthetic,V1004,synthetic-V1004-e0,4,single,final_proposal,4,4,4,4,4,1,1,1,0
synthetic-V1004-e0-d4-single,synthetic,V1004,synthetic-V1004-e0,4,single,accepted_displayed,4,4,4,4,4,1,1,1,0
synthetic-V1004-e0-d4-alternative,synthetic,V1004,synthetic-V1004-e0,4,alternative,proposal,7,7,8,8,7,1,1,1,0
synthetic-V1004-e0-d4-alternative,synthetic,V1004,synthetic-V1004-e0,4,alternative,final_proposal,7,7,8,8,7,1,1,1,0
synthetic-V1004-e0-d4-alternative,synthetic,V1004,synthetic-V1004-e0,4,alternative,accepted_displayed,7,7,8,8,7,1,1,1,0
synthetic-V1004-e1-d1-single,synthetic,V1004,synthetic-V1004-e1,1,single,proposal,1,1,1,1,1,1,1,1,0
synthetic-V1004-e1-d1-single,synthetic,V1004,synthetic-V1004-e1,1,single,final_proposal,1,1,1,1,1,1,1,1,0
synthetic-V1004-e1-d1-single,synthetic,V1004,synthetic-V1004-e1,1,single,accepted_displayed,1,1,1,1,1,1,1,1,0
synthetic-V1004-e1-d1-alternative,synthetic,V1004,synthetic-V1004-e1,1,alternative,proposal,9,9,10,10,9,1,1,1,0
synthetic-V1004-e1-d1-alternative,synthetic,V1004,synthetic-V1004-e1,1,alternative,final_proposal,9,9,10,10,9,1,1,1,0
synthetic-V1004-e1-d1-alternative,synthetic,V1004,synthetic-V1004-e1,1,alternative,accepted_displayed,0,0,0,0,0,1,0,0,0
synthetic-V1004-e1-d2-single,synthetic,V1004,synthetic-V1004-e1,2,single,proposal,2,2,2,2,2,1,1,1,0
synthetic-V1004-e1-d2-single,synthetic,V1004,synthetic-V1004-e1,2,single,final_proposal,2,2,2,2,2,1,1,1,0
synthetic-V1004-e1-d2-single,synthetic,V1004,synthetic-V1004-e1,2,single,accepted_displayed,2,2,2,2,2,1,1,1,0
synthetic-V1004-e1-d2-alternative,synthetic,V1004,synthetic-V1004-e1,2,alternative,proposal,3,3,4,4,3,1,1,1,0
synthetic-V1004-e1-d2-alternative,synthetic,V1004,synthetic-V1004-e1,2,alternative,final_proposal,3,3,4,4,3,1,1,1,0
synthetic-V1004-e1-d2-alternative,synthetic,V1004,synthetic-V1004-e1,2,alternative,accepted_displayed,3,3,4,4,3,1,1,1,0
synthetic-V1004-e1-d3-single,synthetic,V1004,synthetic-V1004-e1,3,single,proposal,3,3,3,3,3,1,1,1,0
synthetic-V1004-e1-d3-single,synthetic,V1004,synthetic-V1004-e1,3,single,final_proposal,3,3,3,3,3,1,1,1,0
synthetic-V1004-e1-d3-single,synthetic,V1004,synthetic-V1004-e1,3,single,accepted_displayed,3,3,3,3,3,1,1,1,0
synthetic-V1004-e1-d3-alternative,synthetic,V1004,synthetic-V1004-e1,3,alternative,proposal,5,5,6,6,5,1,1,1,0
synthetic-V1004-e1-d3-alternative,synthetic,V1004,synthetic-V1004-e1,3,alternative,final_proposal,5,5,6,6,5,1,1,1,0
synthetic-V1004-e1-d3-alternative,synthetic,V1004,synthetic-V1004-e1,3,alternative,accepted_displayed,5,5,6,6,5,1,1,1,0
synthetic-V1004-e1-d4-single,synthetic,V1004,synthetic-V1004-e1,4,single,proposal,4,4,4,4,4,1,1,1,0
synthetic-V1004-e1-d4-single,synthetic,V1004,synthetic-V1004-e1,4,single,final_proposal,4,4,4,4,4,1,1,1,0
synthetic-V1004-e1-d4-single,synthetic,V1004,synthetic-V1004-e1,4,single,accepted_displayed,4,4,4,4,4,1,1,1,0
synthetic-V1004-e1-d4-alternative,synthetic,V1004,synthetic-V1004-e1,4,alternative,proposal,7,7,8,8,7,1,1,1,0
synthetic-V1004-e1-d4-alternative,synthetic,V1004,synthetic-V1004-e1,4,alternative,final_proposal,7,7,8,8,7,1,1,1,0
synthetic-V1004-e1-d4-alternative,synthetic,V1004,synthetic-V1004-e1,4,alternative,accepted_displayed,7,7,8,8,7,1,1,1,0
synthetic-V1005-e0-d1-single,synthetic,V1005,synthetic-V1005-e0,1,single,proposal,1,1,1,1,1,1,1,1,0
synthetic-V1005-e0-d1-single,synthetic,V1005,synthetic-V1005-e0,1,single,final_proposal,1,1,1,1,1,1,1,1,0
synthetic-V1005-e0-d1-single,synthetic,V1005,synthetic-V1005-e0,1,single,accepted_displayed,1,1,1,1,1,1,1,1,0
synthetic-V1005-e0-d1-alternative,synthetic,V1005,synthetic-V1005-e0,1,alternative,proposal,9,9,10,10,9,1,1,1,0
synthetic-V1005-e0-d1-alternative,synthetic,V1005,synthetic-V1005-e0,1,alternative,final_proposal,9,9,10,10,9,1,1,1,0
synthetic-V1005-e0-d1-alternative,synthetic,V1005,synthetic-V1005-e0,1,alternative,accepted_displayed,0,0,0,0,0,1,0,0,0
synthetic-V1005-e0-d2-single,synthetic,V1005,synthetic-V1005-e0,2,single,proposal,2,2,2,2,2,1,1,1,0
synthetic-V1005-e0-d2-single,synthetic,V1005,synthetic-V1005-e0,2,single,final_proposal,2,2,2,2,2,1,1,1,0
synthetic-V1005-e0-d2-single,synthetic,V1005,synthetic-V1005-e0,2,single,accepted_displayed,2,2,2,2,2,1,1,1,0
synthetic-V1005-e0-d2-alternative,synthetic,V1005,synthetic-V1005-e0,2,alternative,proposal,3,3,4,4,3,1,1,1,0
synthetic-V1005-e0-d2-alternative,synthetic,V1005,synthetic-V1005-e0,2,alternative,final_proposal,3,3,4,4,3,1,1,1,0
synthetic-V1005-e0-d2-alternative,synthetic,V1005,synthetic-V1005-e0,2,alternative,accepted_displayed,3,3,4,4,3,1,1,1,0
synthetic-V1005-e0-d3-single,synthetic,V1005,synthetic-V1005-e0,3,single,proposal,3,3,3,3,3,1,1,1,0
synthetic-V1005-e0-d3-single,synthetic,V1005,synthetic-V1005-e0,3,single,final_proposal,3,3,3,3,3,1,1,1,0
synthetic-V1005-e0-d3-single,synthetic,V1005,synthetic-V1005-e0,3,single,accepted_displayed,3,3,3,3,3,1,1,1,0
synthetic-V1005-e0-d3-alternative,synthetic,V1005,synthetic-V1005-e0,3,alternative,proposal,5,5,6,6,5,1,1,1,0
synthetic-V1005-e0-d3-alternative,synthetic,V1005,synthetic-V1005-e0,3,alternative,final_proposal,5,5,6,6,5,1,1,1,0
synthetic-V1005-e0-d3-alternative,synthetic,V1005,synthetic-V1005-e0,3,alternative,accepted_displayed,5,5,6,6,5,1,1,1,0
synthetic-V1005-e0-d4-single,synthetic,V1005,synthetic-V1005-e0,4,single,proposal,4,4,4,4,4,1,1,1,0
synthetic-V1005-e0-d4-single,synthetic,V1005,synthetic-V1005-e0,4,single,final_proposal,4,4,4,4,4,1,1,1,0
synthetic-V1005-e0-d4-single,synthetic,V1005,synthetic-V1005-e0,4,single,accepted_displayed,4,4,4,4,4,1,1,1,0
synthetic-V1005-e0-d4-alternative,synthetic,V1005,synthetic-V1005-e0,4,alternative,proposal,7,7,8,8,7,1,1,1,0
synthetic-V1005-e0-d4-alternative,synthetic,V1005,synthetic-V1005-e0,4,alternative,final_proposal,7,7,8,8,7,1,1,1,0
synthetic-V1005-e0-d4-alternative,synthetic,V1005,synthetic-V1005-e0,4,alternative,accepted_displayed,7,7,8,8,7,1,1,1,0
synthetic-V1005-e1-d1-single,synthetic,V1005,synthetic-V1005-e1,1,single,proposal,1,1,1,1,1,1,1,1,0
synthetic-V1005-e1-d1-single,synthetic,V1005,synthetic-V1005-e1,1,single,final_proposal,1,1,1,1,1,1,1,1,0
synthetic-V1005-e1-d1-single,synthetic,V1005,synthetic-V1005-e1,1,single,accepted_displayed,1,1,1,1,1,1,1,1,0
synthetic-V1005-e1-d1-alternative,synthetic,V1005,synthetic-V1005-e1,1,alternative,proposal,9,9,10,10,9,1,1,1,0
synthetic-V1005-e1-d1-alternative,synthetic,V1005,synthetic-V1005-e1,1,alternative,final_proposal,9,9,10,10,9,1,1,1,0
synthetic-V1005-e1-d1-alternative,synthetic,V1005,synthetic-V1005-e1,1,alternative,accepted_displayed,0,0,0,0,0,1,0,0,0
synthetic-V1005-e1-d2-single,synthetic,V1005,synthetic-V1005-e1,2,single,proposal,2,2,2,2,2,1,1,1,0
synthetic-V1005-e1-d2-single,synthetic,V1005,synthetic-V1005-e1,2,single,final_proposal,2,2,2,2,2,1,1,1,0
synthetic-V1005-e1-d2-single,synthetic,V1005,synthetic-V1005-e1,2,single,accepted_displayed,2,2,2,2,2,1,1,1,0
synthetic-V1005-e1-d2-alternative,synthetic,V1005,synthetic-V1005-e1,2,alternative,proposal,3,3,4,4,3,1,1,1,0
synthetic-V1005-e1-d2-alternative,synthetic,V1005,synthetic-V1005-e1,2,alternative,final_proposal,3,3,4,4,3,1,1,1,0
synthetic-V1005-e1-d2-alternative,synthetic,V1005,synthetic-V1005-e1,2,alternative,accepted_displayed,3,3,4,4,3,1,1,1,0
synthetic-V1005-e1-d3-single,synthetic,V1005,synthetic-V1005-e1,3,single,proposal,3,3,3,3,3,1,1,1,0
synthetic-V1005-e1-d3-single,synthetic,V1005,synthetic-V1005-e1,3,single,final_proposal,3,3,3,3,3,1,1,1,0
synthetic-V1005-e1-d3-single,synthetic,V1005,synthetic-V1005-e1,3,single,accepted_displayed,3,3,3,3,3,1,1,1,0
synthetic-V1005-e1-d3-alternative,synthetic,V1005,synthetic-V1005-e1,3,alternative,proposal,5,5,6,6,5,1,1,1,0
synthetic-V1005-e1-d3-alternative,synthetic,V1005,synthetic-V1005-e1,3,alternative,final_proposal,5,5,6,6,5,1,1,1,0
synthetic-V1005-e1-d3-alternative,synthetic,V1005,synthetic-V1005-e1,3,alternative,accepted_displayed,5,5,6,6,5,1,1,1,0
synthetic-V1005-e1-d4-single,synthetic,V1005,synthetic-V1005-e1,4,single,proposal,4,4,4,4,4,1,1,1,0
synthetic-V1005-e1-d4-single,synthetic,V1005,synthetic-V1005-e1,4,single,final_proposal,4,4,4,4,4,1,1,1,0
synthetic-V1005-e1-d4-single,synthetic,V1005,synthetic-V1005-e1,4,single,accepted_displayed,4,4,4,4,4,1,1,1,0
synthetic-V1005-e1-d4-alternative,synthetic,V1005,synthetic-V1005-e1,4,alternative,proposal,7,7,8,8,7,1,1,1,0
synthetic-V1005-e1-d4-alternative,synthetic,V1005,synthetic-V1005-e1,4,alternative,final_proposal,7,7,8,8,7,1,1,1,0
synthetic-V1005-e1-d4-alternative,synthetic,V1005,synthetic-V1005-e1,4,alternative,accepted_displayed,7,7,8,8,7,1,1,1,0
wesad-S2-e0-d1-single,wesad,S2,wesad-S2-e0,1,single,proposal,5,5,5,5,5,1,1,1,0
wesad-S2-e0-d1-single,wesad,S2,wesad-S2-e0,1,single,final_proposal,5,5,5,5,5,1,1,1,0
wesad-S2-e0-d1-single,wesad,S2,wesad-S2-e0,1,single,accepted_displayed,0,0,0,0,0,1,0,0,0
wesad-S2-e0-d1-alternative,wesad,S2,wesad-S2-e0,1,alternative,proposal,9,9,10,0,0,1,1,0,0
wesad-S2-e0-d1-alternative,wesad,S2,wesad-S2-e0,1,alternative,final_proposal,9,9,10,0,0,1,1,0,0
wesad-S2-e0-d1-alternative,wesad,S2,wesad-S2-e0,1,alternative,accepted_displayed,0,0,0,0,0,1,0,0,0
wesad-S2-e0-d2-single,wesad,S2,wesad-S2-e0,2,single,proposal,2,2,2,2,2,1,1,1,0
wesad-S2-e0-d2-single,wesad,S2,wesad-S2-e0,2,single,final_proposal,2,2,2,2,2,1,1,1,0
wesad-S2-e0-d2-single,wesad,S2,wesad-S2-e0,2,single,accepted_displayed,2,2,2,2,2,1,1,1,0
wesad-S2-e0-d2-alternative,wesad,S2,wesad-S2-e0,2,alternative,proposal,3,3,4,4,3,1,1,1,0
wesad-S2-e0-d2-alternative,wesad,S2,wesad-S2-e0,2,alternative,final_proposal,3,3,4,4,3,1,1,1,0
wesad-S2-e0-d2-alternative,wesad,S2,wesad-S2-e0,2,alternative,accepted_displayed,3,3,4,4,3,1,1,1,0
wesad-S2-e0-d3-single,wesad,S2,wesad-S2-e0,3,single,proposal,3,3,3,3,3,1,1,1,0
wesad-S2-e0-d3-single,wesad,S2,wesad-S2-e0,3,single,final_proposal,3,3,3,3,3,1,1,1,0
wesad-S2-e0-d3-single,wesad,S2,wesad-S2-e0,3,single,accepted_displayed,3,3,3,3,3,1,1,1,0
wesad-S2-e0-d3-alternative,wesad,S2,wesad-S2-e0,3,alternative,proposal,5,5,6,0,0,1,1,0,0
wesad-S2-e0-d3-alternative,wesad,S2,wesad-S2-e0,3,alternative,final_proposal,5,5,6,0,0,1,1,0,0
wesad-S2-e0-d3-alternative,wesad,S2,wesad-S2-e0,3,alternative,accepted_displayed,1,1,2,2,1,1,1,1,0
wesad-S2-e0-d4-single,wesad,S2,wesad-S2-e0,4,single,proposal,4,4,4,4,4,1,1,1,0
wesad-S2-e0-d4-single,wesad,S2,wesad-S2-e0,4,single,final_proposal,4,4,4,4,4,1,1,1,0
wesad-S2-e0-d4-single,wesad,S2,wesad-S2-e0,4,single,accepted_displayed,4,4,4,4,4,1,1,1,0
wesad-S2-e0-d4-alternative,wesad,S2,wesad-S2-e0,4,alternative,proposal,7,7,8,8,7,1,1,1,0
wesad-S2-e0-d4-alternative,wesad,S2,wesad-S2-e0,4,alternative,final_proposal,7,7,8,8,7,1,1,1,0
wesad-S2-e0-d4-alternative,wesad,S2,wesad-S2-e0,4,alternative,accepted_displayed,7,7,8,8,7,1,1,1,0
wesad-S2-e1-d1-single,wesad,S2,wesad-S2-e1,1,single,proposal,1,1,1,1,1,1,1,1,0
wesad-S2-e1-d1-single,wesad,S2,wesad-S2-e1,1,single,final_proposal,1,1,1,1,1,1,1,1,0
wesad-S2-e1-d1-single,wesad,S2,wesad-S2-e1,1,single,accepted_displayed,1,1,1,1,1,1,1,1,0
wesad-S2-e1-d1-alternative,wesad,S2,wesad-S2-e1,1,alternative,proposal,1,1,2,2,1,1,1,1,0
wesad-S2-e1-d1-alternative,wesad,S2,wesad-S2-e1,1,alternative,final_proposal,1,1,2,2,1,1,1,1,0
wesad-S2-e1-d1-alternative,wesad,S2,wesad-S2-e1,1,alternative,accepted_displayed,1,1,2,2,1,1,1,1,0
wesad-S2-e1-d2-single,wesad,S2,wesad-S2-e1,2,single,proposal,2,2,2,2,2,1,1,1,0
wesad-S2-e1-d2-single,wesad,S2,wesad-S2-e1,2,single,final_proposal,2,2,2,2,2,1,1,1,0
wesad-S2-e1-d2-single,wesad,S2,wesad-S2-e1,2,single,accepted_displayed,2,2,2,2,2,1,1,1,0
wesad-S2-e1-d2-alternative,wesad,S2,wesad-S2-e1,2,alternative,proposal,3,3,4,4,3,1,1,1,0
wesad-S2-e1-d2-alternative,wesad,S2,wesad-S2-e1,2,alternative,final_proposal,3,3,4,4,3,1,1,1,0
wesad-S2-e1-d2-alternative,wesad,S2,wesad-S2-e1,2,alternative,accepted_displayed,3,3,4,4,3,1,1,1,0
wesad-S2-e1-d3-single,wesad,S2,wesad-S2-e1,3,single,proposal,3,3,3,3,3,1,1,1,0
wesad-S2-e1-d3-single,wesad,S2,wesad-S2-e1,3,single,final_proposal,3,3,3,3,3,1,1,1,0
wesad-S2-e1-d3-single,wesad,S2,wesad-S2-e1,3,single,accepted_displayed,3,3,3,3,3,1,1,1,0
wesad-S2-e1-d3-alternative,wesad,S2,wesad-S2-e1,3,alternative,proposal,5,5,6,6,5,1,1,1,0
wesad-S2-e1-d3-alternative,wesad,S2,wesad-S2-e1,3,alternative,final_proposal,5,5,6,6,5,1,1,1,0
wesad-S2-e1-d3-alternative,wesad,S2,wesad-S2-e1,3,alternative,accepted_displayed,5,5,6,6,5,1,1,1,0
wesad-S2-e1-d4-single,wesad,S2,wesad-S2-e1,4,single,proposal,4,4,4,4,4,1,1,1,0
wesad-S2-e1-d4-single,wesad,S2,wesad-S2-e1,4,single,final_proposal,4,4,4,4,4,1,1,1,0
wesad-S2-e1-d4-single,wesad,S2,wesad-S2-e1,4,single,accepted_displayed,4,4,4,4,4,1,1,1,0
wesad-S2-e1-d4-alternative,wesad,S2,wesad-S2-e1,4,alternative,proposal,7,7,8,8,7,1,1,1,0
wesad-S2-e1-d4-alternative,wesad,S2,wesad-S2-e1,4,alternative,final_proposal,7,7,8,8,7,1,1,1,0
wesad-S2-e1-d4-alternative,wesad,S2,wesad-S2-e1,4,alternative,accepted_displayed,7,7,8,8,7,1,1,1,0
wesad-S6-e0-d1-single,wesad,S6,wesad-S6-e0,1,single,proposal,1,1,1,1,1,1,1,1,0
wesad-S6-e0-d1-single,wesad,S6,wesad-S6-e0,1,single,final_proposal,1,1,1,1,1,1,1,1,0
wesad-S6-e0-d1-single,wesad,S6,wesad-S6-e0,1,single,accepted_displayed,1,1,1,1,1,1,1,1,0
wesad-S6-e0-d1-alternative,wesad,S6,wesad-S6-e0,1,alternative,proposal,9,9,10,0,0,1,1,0,0
wesad-S6-e0-d1-alternative,wesad,S6,wesad-S6-e0,1,alternative,final_proposal,9,9,10,0,0,1,1,0,0
wesad-S6-e0-d1-alternative,wesad,S6,wesad-S6-e0,1,alternative,accepted_displayed,0,0,0,0,0,1,0,0,0
wesad-S6-e0-d2-single,wesad,S6,wesad-S6-e0,2,single,proposal,2,2,2,2,2,1,1,1,0
wesad-S6-e0-d2-single,wesad,S6,wesad-S6-e0,2,single,final_proposal,2,2,2,2,2,1,1,1,0
wesad-S6-e0-d2-single,wesad,S6,wesad-S6-e0,2,single,accepted_displayed,2,2,2,2,2,1,1,1,0
wesad-S6-e0-d2-alternative,wesad,S6,wesad-S6-e0,2,alternative,proposal,3,3,4,4,3,1,1,1,0
wesad-S6-e0-d2-alternative,wesad,S6,wesad-S6-e0,2,alternative,final_proposal,3,3,4,4,3,1,1,1,0
wesad-S6-e0-d2-alternative,wesad,S6,wesad-S6-e0,2,alternative,accepted_displayed,3,3,4,4,3,1,1,1,0
wesad-S6-e0-d3-single,wesad,S6,wesad-S6-e0,3,single,proposal,3,3,3,3,3,1,1,1,0
wesad-S6-e0-d3-single,wesad,S6,wesad-S6-e0,3,single,final_proposal,3,3,3,3,3,1,1,1,0
wesad-S6-e0-d3-single,wesad,S6,wesad-S6-e0,3,single,accepted_displayed,3,3,3,3,3,1,1,1,0
wesad-S6-e0-d3-alternative,wesad,S6,wesad-S6-e0,3,alternative,proposal,5,5,6,6,5,1,1,1,0
wesad-S6-e0-d3-alternative,wesad,S6,wesad-S6-e0,3,alternative,final_proposal,5,5,6,6,5,1,1,1,0
wesad-S6-e0-d3-alternative,wesad,S6,wesad-S6-e0,3,alternative,accepted_displayed,5,5,6,6,5,1,1,1,0
wesad-S6-e0-d4-single,wesad,S6,wesad-S6-e0,4,single,proposal,4,4,4,4,4,1,1,1,0
wesad-S6-e0-d4-single,wesad,S6,wesad-S6-e0,4,single,final_proposal,4,4,4,4,4,1,1,1,0
wesad-S6-e0-d4-single,wesad,S6,wesad-S6-e0,4,single,accepted_displayed,4,4,4,4,4,1,1,1,0
wesad-S6-e0-d4-alternative,wesad,S6,wesad-S6-e0,4,alternative,proposal,7,7,8,8,7,1,1,1,0
wesad-S6-e0-d4-alternative,wesad,S6,wesad-S6-e0,4,alternative,final_proposal,7,7,8,8,7,1,1,1,0
wesad-S6-e0-d4-alternative,wesad,S6,wesad-S6-e0,4,alternative,accepted_displayed,7,7,8,8,7,1,1,1,0
wesad-S6-e1-d1-single,wesad,S6,wesad-S6-e1,1,single,proposal,5,5,5,0,0,1,1,0,0
wesad-S6-e1-d1-single,wesad,S6,wesad-S6-e1,1,single,final_proposal,5,5,5,0,0,1,1,0,0
wesad-S6-e1-d1-single,wesad,S6,wesad-S6-e1,1,single,accepted_displayed,0,0,0,0,0,1,0,0,0
wesad-S6-e1-d1-alternative,wesad,S6,wesad-S6-e1,1,alternative,proposal,9,9,10,0,0,1,1,0,0
wesad-S6-e1-d1-alternative,wesad,S6,wesad-S6-e1,1,alternative,final_proposal,9,9,10,0,0,1,1,0,0
wesad-S6-e1-d1-alternative,wesad,S6,wesad-S6-e1,1,alternative,accepted_displayed,0,0,0,0,0,1,0,0,0
wesad-S6-e1-d2-single,wesad,S6,wesad-S6-e1,2,single,proposal,2,2,2,2,2,1,1,1,0
wesad-S6-e1-d2-single,wesad,S6,wesad-S6-e1,2,single,final_proposal,2,2,2,2,2,1,1,1,0
wesad-S6-e1-d2-single,wesad,S6,wesad-S6-e1,2,single,accepted_displayed,2,2,2,2,2,1,1,1,0
wesad-S6-e1-d2-alternative,wesad,S6,wesad-S6-e1,2,alternative,proposal,3,3,4,4,3,1,1,1,0
wesad-S6-e1-d2-alternative,wesad,S6,wesad-S6-e1,2,alternative,final_proposal,3,3,4,4,3,1,1,1,0
wesad-S6-e1-d2-alternative,wesad,S6,wesad-S6-e1,2,alternative,accepted_displayed,3,3,4,4,3,1,1,1,0
wesad-S6-e1-d3-single,wesad,S6,wesad-S6-e1,3,single,proposal,7,7,7,0,0,1,1,0,0
wesad-S6-e1-d3-single,wesad,S6,wesad-S6-e1,3,single,final_proposal,7,7,7,0,0,1,1,0,0
wesad-S6-e1-d3-single,wesad,S6,wesad-S6-e1,3,single,accepted_displayed,3,3,3,3,3,1,1,1,0
wesad-S6-e1-d3-alternative,wesad,S6,wesad-S6-e1,3,alternative,proposal,5,5,6,6,5,1,1,1,0
wesad-S6-e1-d3-alternative,wesad,S6,wesad-S6-e1,3,alternative,final_proposal,5,5,6,6,5,1,1,1,0
wesad-S6-e1-d3-alternative,wesad,S6,wesad-S6-e1,3,alternative,accepted_displayed,5,5,6,6,5,1,1,1,0
wesad-S6-e1-d4-single,wesad,S6,wesad-S6-e1,4,single,proposal,4,4,4,4,4,1,1,1,0
wesad-S6-e1-d4-single,wesad,S6,wesad-S6-e1,4,single,final_proposal,4,4,4,4,4,1,1,1,0
wesad-S6-e1-d4-single,wesad,S6,wesad-S6-e1,4,single,accepted_displayed,4,4,4,4,4,1,1,1,0
wesad-S6-e1-d4-alternative,wesad,S6,wesad-S6-e1,4,alternative,proposal,7,7,8,8,7,1,1,1,0
wesad-S6-e1-d4-alternative,wesad,S6,wesad-S6-e1,4,alternative,final_proposal,7,7,8,8,7,1,1,1,0
wesad-S6-e1-d4-alternative,wesad,S6,wesad-S6-e1,4,alternative,accepted_displayed,7,7,8,8,7,1,1,1,0
wesad-S7-e0-d1-single,wesad,S7,wesad-S7-e0,1,single,proposal,1,1,1,1,1,1,1,1,0
wesad-S7-e0-d1-single,wesad,S7,wesad-S7-e0,1,single,final_proposal,1,1,1,1,1,1,1,1,0
wesad-S7-e0-d1-single,wesad,S7,wesad-S7-e0,1,single,accepted_displayed,1,1,1,1,1,1,1,1,0
wesad-S7-e0-d1-alternative,wesad,S7,wesad-S7-e0,1,alternative,proposal,9,9,10,0,0,1,1,0,0
wesad-S7-e0-d1-alternative,wesad,S7,wesad-S7-e0,1,alternative,final_proposal,9,9,10,0,0,1,1,0,0
wesad-S7-e0-d1-alternative,wesad,S7,wesad-S7-e0,1,alternative,accepted_displayed,0,0,0,0,0,1,0,0,0
wesad-S7-e0-d2-single,wesad,S7,wesad-S7-e0,2,single,proposal,2,2,2,2,2,1,1,1,0
wesad-S7-e0-d2-single,wesad,S7,wesad-S7-e0,2,single,final_proposal,2,2,2,2,2,1,1,1,0
wesad-S7-e0-d2-single,wesad,S7,wesad-S7-e0,2,single,accepted_displayed,2,2,2,2,2,1,1,1,0
wesad-S7-e0-d2-alternative,wesad,S7,wesad-S7-e0,2,alternative,proposal,3,3,4,4,3,1,1,1,0
wesad-S7-e0-d2-alternative,wesad,S7,wesad-S7-e0,2,alternative,final_proposal,3,3,4,4,3,1,1,1,0
wesad-S7-e0-d2-alternative,wesad,S7,wesad-S7-e0,2,alternative,accepted_displayed,3,3,4,4,3,1,1,1,0
wesad-S7-e0-d3-single,wesad,S7,wesad-S7-e0,3,single,proposal,3,3,3,3,3,1,1,1,0
wesad-S7-e0-d3-single,wesad,S7,wesad-S7-e0,3,single,final_proposal,3,3,3,3,3,1,1,1,0
wesad-S7-e0-d3-single,wesad,S7,wesad-S7-e0,3,single,accepted_displayed,3,3,3,3,3,1,1,1,0
wesad-S7-e0-d3-alternative,wesad,S7,wesad-S7-e0,3,alternative,proposal,5,5,6,6,5,1,1,1,0
wesad-S7-e0-d3-alternative,wesad,S7,wesad-S7-e0,3,alternative,final_proposal,5,5,6,6,5,1,1,1,0
wesad-S7-e0-d3-alternative,wesad,S7,wesad-S7-e0,3,alternative,accepted_displayed,5,5,6,6,5,1,1,1,0
wesad-S7-e0-d4-single,wesad,S7,wesad-S7-e0,4,single,proposal,4,4,4,4,4,1,1,1,0
wesad-S7-e0-d4-single,wesad,S7,wesad-S7-e0,4,single,final_proposal,4,4,4,4,4,1,1,1,0
wesad-S7-e0-d4-single,wesad,S7,wesad-S7-e0,4,single,accepted_displayed,4,4,4,4,4,1,1,1,0
wesad-S7-e0-d4-alternative,wesad,S7,wesad-S7-e0,4,alternative,proposal,7,7,8,8,7,1,1,1,0
wesad-S7-e0-d4-alternative,wesad,S7,wesad-S7-e0,4,alternative,final_proposal,7,7,8,8,7,1,1,1,0
wesad-S7-e0-d4-alternative,wesad,S7,wesad-S7-e0,4,alternative,accepted_displayed,7,7,8,8,7,1,1,1,0
wesad-S7-e1-d1-single,wesad,S7,wesad-S7-e1,1,single,proposal,1,1,1,1,1,1,1,1,0
wesad-S7-e1-d1-single,wesad,S7,wesad-S7-e1,1,single,final_proposal,1,1,1,1,1,1,1,1,0
wesad-S7-e1-d1-single,wesad,S7,wesad-S7-e1,1,single,accepted_displayed,1,1,1,1,1,1,1,1,0
wesad-S7-e1-d1-alternative,wesad,S7,wesad-S7-e1,1,alternative,proposal,9,9,10,0,0,1,1,0,0
wesad-S7-e1-d1-alternative,wesad,S7,wesad-S7-e1,1,alternative,final_proposal,9,9,10,0,0,1,1,0,0
wesad-S7-e1-d1-alternative,wesad,S7,wesad-S7-e1,1,alternative,accepted_displayed,0,0,0,0,0,1,0,0,0
wesad-S7-e1-d2-single,wesad,S7,wesad-S7-e1,2,single,proposal,2,2,2,2,2,1,1,1,0
wesad-S7-e1-d2-single,wesad,S7,wesad-S7-e1,2,single,final_proposal,2,2,2,2,2,1,1,1,0
wesad-S7-e1-d2-single,wesad,S7,wesad-S7-e1,2,single,accepted_displayed,2,2,2,2,2,1,1,1,0
wesad-S7-e1-d2-alternative,wesad,S7,wesad-S7-e1,2,alternative,proposal,3,3,4,4,3,1,1,1,0
wesad-S7-e1-d2-alternative,wesad,S7,wesad-S7-e1,2,alternative,final_proposal,3,3,4,4,3,1,1,1,0
wesad-S7-e1-d2-alternative,wesad,S7,wesad-S7-e1,2,alternative,accepted_displayed,3,3,4,4,3,1,1,1,0
wesad-S7-e1-d3-single,wesad,S7,wesad-S7-e1,3,single,proposal,3,3,3,3,3,1,1,1,0
wesad-S7-e1-d3-single,wesad,S7,wesad-S7-e1,3,single,final_proposal,3,3,3,3,3,1,1,1,0
wesad-S7-e1-d3-single,wesad,S7,wesad-S7-e1,3,single,accepted_displayed,3,3,3,3,3,1,1,1,0
wesad-S7-e1-d3-alternative,wesad,S7,wesad-S7-e1,3,alternative,proposal,5,5,6,6,5,1,1,1,0
wesad-S7-e1-d3-alternative,wesad,S7,wesad-S7-e1,3,alternative,final_proposal,5,5,6,6,5,1,1,1,0
wesad-S7-e1-d3-alternative,wesad,S7,wesad-S7-e1,3,alternative,accepted_displayed,5,5,6,6,5,1,1,1,0
wesad-S7-e1-d4-single,wesad,S7,wesad-S7-e1,4,single,proposal,4,4,4,4,4,1,1,1,0
wesad-S7-e1-d4-single,wesad,S7,wesad-S7-e1,4,single,final_proposal,4,4,4,4,4,1,1,1,0
wesad-S7-e1-d4-single,wesad,S7,wesad-S7-e1,4,single,accepted_displayed,4,4,4,4,4,1,1,1,0
wesad-S7-e1-d4-alternative,wesad,S7,wesad-S7-e1,4,alternative,proposal,7,7,8,8,7,1,1,1,0
wesad-S7-e1-d4-alternative,wesad,S7,wesad-S7-e1,4,alternative,final_proposal,7,7,8,8,7,1,1,1,0
wesad-S7-e1-d4-alternative,wesad,S7,wesad-S7-e1,4,alternative,accepted_displayed,7,7,8,8,7,1,1,1,0
wesad-S8-e0-d1-single,wesad,S8,wesad-S8-e0,1,single,proposal,5,5,5,5,5,1,1,1,0
wesad-S8-e0-d1-single,wesad,S8,wesad-S8-e0,1,single,final_proposal,5,5,5,5,5,1,1,1,0
wesad-S8-e0-d1-single,wesad,S8,wesad-S8-e0,1,single,accepted_displayed,0,0,0,0,0,1,0,0,0
wesad-S8-e0-d1-alternative,wesad,S8,wesad-S8-e0,1,alternative,proposal,9,9,10,0,0,1,1,0,0
wesad-S8-e0-d1-alternative,wesad,S8,wesad-S8-e0,1,alternative,final_proposal,9,9,10,0,0,1,1,0,0
wesad-S8-e0-d1-alternative,wesad,S8,wesad-S8-e0,1,alternative,accepted_displayed,0,0,0,0,0,1,0,0,0
wesad-S8-e0-d2-single,wesad,S8,wesad-S8-e0,2,single,proposal,2,2,2,2,2,1,1,1,0
wesad-S8-e0-d2-single,wesad,S8,wesad-S8-e0,2,single,final_proposal,2,2,2,2,2,1,1,1,0
wesad-S8-e0-d2-single,wesad,S8,wesad-S8-e0,2,single,accepted_displayed,2,2,2,2,2,1,1,1,0
wesad-S8-e0-d2-alternative,wesad,S8,wesad-S8-e0,2,alternative,proposal,3,3,4,4,3,1,1,1,0
wesad-S8-e0-d2-alternative,wesad,S8,wesad-S8-e0,2,alternative,final_proposal,3,3,4,4,3,1,1,1,0
wesad-S8-e0-d2-alternative,wesad,S8,wesad-S8-e0,2,alternative,accepted_displayed,3,3,4,4,3,1,1,1,0
wesad-S8-e0-d3-single,wesad,S8,wesad-S8-e0,3,single,proposal,3,3,3,3,3,1,1,1,0
wesad-S8-e0-d3-single,wesad,S8,wesad-S8-e0,3,single,final_proposal,3,3,3,3,3,1,1,1,0
wesad-S8-e0-d3-single,wesad,S8,wesad-S8-e0,3,single,accepted_displayed,3,3,3,3,3,1,1,1,0
wesad-S8-e0-d3-alternative,wesad,S8,wesad-S8-e0,3,alternative,proposal,5,5,6,6,5,1,1,1,0
wesad-S8-e0-d3-alternative,wesad,S8,wesad-S8-e0,3,alternative,final_proposal,5,5,6,6,5,1,1,1,0
wesad-S8-e0-d3-alternative,wesad,S8,wesad-S8-e0,3,alternative,accepted_displayed,5,5,6,6,5,1,1,1,0
wesad-S8-e0-d4-single,wesad,S8,wesad-S8-e0,4,single,proposal,4,4,4,4,4,1,1,1,0
wesad-S8-e0-d4-single,wesad,S8,wesad-S8-e0,4,single,final_proposal,4,4,4,4,4,1,1,1,0
wesad-S8-e0-d4-single,wesad,S8,wesad-S8-e0,4,single,accepted_displayed,4,4,4,4,4,1,1,1,0
wesad-S8-e0-d4-alternative,wesad,S8,wesad-S8-e0,4,alternative,proposal,7,7,8,8,7,1,1,1,0
wesad-S8-e0-d4-alternative,wesad,S8,wesad-S8-e0,4,alternative,final_proposal,7,7,8,8,7,1,1,1,0
wesad-S8-e0-d4-alternative,wesad,S8,wesad-S8-e0,4,alternative,accepted_displayed,7,7,8,8,7,1,1,1,0
wesad-S8-e1-d1-single,wesad,S8,wesad-S8-e1,1,single,proposal,1,1,1,1,1,1,1,1,0
wesad-S8-e1-d1-single,wesad,S8,wesad-S8-e1,1,single,final_proposal,1,1,1,1,1,1,1,1,0
wesad-S8-e1-d1-single,wesad,S8,wesad-S8-e1,1,single,accepted_displayed,1,1,1,1,1,1,1,1,0
wesad-S8-e1-d1-alternative,wesad,S8,wesad-S8-e1,1,alternative,proposal,1,1,2,2,1,1,1,1,0
wesad-S8-e1-d1-alternative,wesad,S8,wesad-S8-e1,1,alternative,final_proposal,1,1,2,2,1,1,1,1,0
wesad-S8-e1-d1-alternative,wesad,S8,wesad-S8-e1,1,alternative,accepted_displayed,1,1,2,2,1,1,1,1,0
wesad-S8-e1-d2-single,wesad,S8,wesad-S8-e1,2,single,proposal,2,2,2,2,2,1,1,1,0
wesad-S8-e1-d2-single,wesad,S8,wesad-S8-e1,2,single,final_proposal,2,2,2,2,2,1,1,1,0
wesad-S8-e1-d2-single,wesad,S8,wesad-S8-e1,2,single,accepted_displayed,2,2,2,2,2,1,1,1,0
wesad-S8-e1-d2-alternative,wesad,S8,wesad-S8-e1,2,alternative,proposal,3,3,4,4,3,1,1,1,0
wesad-S8-e1-d2-alternative,wesad,S8,wesad-S8-e1,2,alternative,final_proposal,3,3,4,4,3,1,1,1,0
wesad-S8-e1-d2-alternative,wesad,S8,wesad-S8-e1,2,alternative,accepted_displayed,3,3,4,4,3,1,1,1,0
wesad-S8-e1-d3-single,wesad,S8,wesad-S8-e1,3,single,proposal,3,3,3,3,3,1,1,1,0
wesad-S8-e1-d3-single,wesad,S8,wesad-S8-e1,3,single,final_proposal,3,3,3,3,3,1,1,1,0
wesad-S8-e1-d3-single,wesad,S8,wesad-S8-e1,3,single,accepted_displayed,3,3,3,3,3,1,1,1,0
wesad-S8-e1-d3-alternative,wesad,S8,wesad-S8-e1,3,alternative,proposal,5,5,6,6,5,1,1,1,0
wesad-S8-e1-d3-alternative,wesad,S8,wesad-S8-e1,3,alternative,final_proposal,5,5,6,6,5,1,1,1,0
wesad-S8-e1-d3-alternative,wesad,S8,wesad-S8-e1,3,alternative,accepted_displayed,5,5,6,6,5,1,1,1,0
wesad-S8-e1-d4-single,wesad,S8,wesad-S8-e1,4,single,proposal,4,4,4,4,4,1,1,1,0
wesad-S8-e1-d4-single,wesad,S8,wesad-S8-e1,4,single,final_proposal,4,4,4,4,4,1,1,1,0
wesad-S8-e1-d4-single,wesad,S8,wesad-S8-e1,4,single,accepted_displayed,4,4,4,4,4,1,1,1,0
wesad-S8-e1-d4-alternative,wesad,S8,wesad-S8-e1,4,alternative,proposal,7,7,8,8,7,1,1,1,0
wesad-S8-e1-d4-alternative,wesad,S8,wesad-S8-e1,4,alternative,final_proposal,7,7,8,8,7,1,1,1,0
wesad-S8-e1-d4-alternative,wesad,S8,wesad-S8-e1,4,alternative,accepted_displayed,7,7,8,8,7,1,1,1,0
wesad-S10-e0-d1-single,wesad,S10,wesad-S10-e0,1,single,proposal,1,1,1,1,1,1,1,1,0
wesad-S10-e0-d1-single,wesad,S10,wesad-S10-e0,1,single,final_proposal,1,1,1,1,1,1,1,1,0
wesad-S10-e0-d1-single,wesad,S10,wesad-S10-e0,1,single,accepted_displayed,1,1,1,1,1,1,1,1,0
wesad-S10-e0-d1-alternative,wesad,S10,wesad-S10-e0,1,alternative,proposal,9,9,10,0,0,1,1,0,0
wesad-S10-e0-d1-alternative,wesad,S10,wesad-S10-e0,1,alternative,final_proposal,9,9,10,0,0,1,1,0,0
wesad-S10-e0-d1-alternative,wesad,S10,wesad-S10-e0,1,alternative,accepted_displayed,0,0,0,0,0,1,0,0,0
wesad-S10-e0-d2-single,wesad,S10,wesad-S10-e0,2,single,proposal,2,2,2,2,2,1,1,1,0
wesad-S10-e0-d2-single,wesad,S10,wesad-S10-e0,2,single,final_proposal,2,2,2,2,2,1,1,1,0
wesad-S10-e0-d2-single,wesad,S10,wesad-S10-e0,2,single,accepted_displayed,2,2,2,2,2,1,1,1,0
wesad-S10-e0-d2-alternative,wesad,S10,wesad-S10-e0,2,alternative,proposal,3,3,4,4,3,1,1,1,0
wesad-S10-e0-d2-alternative,wesad,S10,wesad-S10-e0,2,alternative,final_proposal,3,3,4,4,3,1,1,1,0
wesad-S10-e0-d2-alternative,wesad,S10,wesad-S10-e0,2,alternative,accepted_displayed,3,3,4,4,3,1,1,1,0
wesad-S10-e0-d3-single,wesad,S10,wesad-S10-e0,3,single,proposal,3,3,3,3,3,1,1,1,0
wesad-S10-e0-d3-single,wesad,S10,wesad-S10-e0,3,single,final_proposal,3,3,3,3,3,1,1,1,0
wesad-S10-e0-d3-single,wesad,S10,wesad-S10-e0,3,single,accepted_displayed,3,3,3,3,3,1,1,1,0
wesad-S10-e0-d3-alternative,wesad,S10,wesad-S10-e0,3,alternative,proposal,5,5,6,6,5,1,1,1,0
wesad-S10-e0-d3-alternative,wesad,S10,wesad-S10-e0,3,alternative,final_proposal,5,5,6,6,5,1,1,1,0
wesad-S10-e0-d3-alternative,wesad,S10,wesad-S10-e0,3,alternative,accepted_displayed,5,5,6,6,5,1,1,1,0
wesad-S10-e0-d4-single,wesad,S10,wesad-S10-e0,4,single,proposal,4,4,4,4,4,1,1,1,0
wesad-S10-e0-d4-single,wesad,S10,wesad-S10-e0,4,single,final_proposal,4,4,4,4,4,1,1,1,0
wesad-S10-e0-d4-single,wesad,S10,wesad-S10-e0,4,single,accepted_displayed,4,4,4,4,4,1,1,1,0
wesad-S10-e0-d4-alternative,wesad,S10,wesad-S10-e0,4,alternative,proposal,7,7,8,8,7,1,1,1,0
wesad-S10-e0-d4-alternative,wesad,S10,wesad-S10-e0,4,alternative,final_proposal,7,7,8,8,7,1,1,1,0
wesad-S10-e0-d4-alternative,wesad,S10,wesad-S10-e0,4,alternative,accepted_displayed,7,7,8,8,7,1,1,1,0
wesad-S10-e1-d1-single,wesad,S10,wesad-S10-e1,1,single,proposal,5,5,5,0,0,1,1,0,0
wesad-S10-e1-d1-single,wesad,S10,wesad-S10-e1,1,single,final_proposal,5,5,5,0,0,1,1,0,0
wesad-S10-e1-d1-single,wesad,S10,wesad-S10-e1,1,single,accepted_displayed,0,0,0,0,0,1,0,0,0
wesad-S10-e1-d1-alternative,wesad,S10,wesad-S10-e1,1,alternative,proposal,1,1,2,2,1,1,1,1,0
wesad-S10-e1-d1-alternative,wesad,S10,wesad-S10-e1,1,alternative,final_proposal,1,1,2,2,1,1,1,1,0
wesad-S10-e1-d1-alternative,wesad,S10,wesad-S10-e1,1,alternative,accepted_displayed,1,1,2,2,1,1,1,1,0
wesad-S10-e1-d2-single,wesad,S10,wesad-S10-e1,2,single,proposal,2,2,2,2,2,1,1,1,0
wesad-S10-e1-d2-single,wesad,S10,wesad-S10-e1,2,single,final_proposal,2,2,2,2,2,1,1,1,0
wesad-S10-e1-d2-single,wesad,S10,wesad-S10-e1,2,single,accepted_displayed,2,2,2,2,2,1,1,1,0
wesad-S10-e1-d2-alternative,wesad,S10,wesad-S10-e1,2,alternative,proposal,3,3,4,4,3,1,1,1,0
wesad-S10-e1-d2-alternative,wesad,S10,wesad-S10-e1,2,alternative,final_proposal,3,3,4,4,3,1,1,1,0
wesad-S10-e1-d2-alternative,wesad,S10,wesad-S10-e1,2,alternative,accepted_displayed,3,3,4,4,3,1,1,1,0
wesad-S10-e1-d3-single,wesad,S10,wesad-S10-e1,3,single,proposal,3,3,3,3,3,1,1,1,0
wesad-S10-e1-d3-single,wesad,S10,wesad-S10-e1,3,single,final_proposal,3,3,3,3,3,1,1,1,0
wesad-S10-e1-d3-single,wesad,S10,wesad-S10-e1,3,single,accepted_displayed,3,3,3,3,3,1,1,1,0
wesad-S10-e1-d3-alternative,wesad,S10,wesad-S10-e1,3,alternative,proposal,5,5,6,6,5,1,1,1,0
wesad-S10-e1-d3-alternative,wesad,S10,wesad-S10-e1,3,alternative,final_proposal,5,5,6,6,5,1,1,1,0
wesad-S10-e1-d3-alternative,wesad,S10,wesad-S10-e1,3,alternative,accepted_displayed,5,5,6,6,5,1,1,1,0
wesad-S10-e1-d4-single,wesad,S10,wesad-S10-e1,4,single,proposal,4,4,4,4,4,1,1,1,0
wesad-S10-e1-d4-single,wesad,S10,wesad-S10-e1,4,single,final_proposal,4,4,4,4,4,1,1,1,0
wesad-S10-e1-d4-single,wesad,S10,wesad-S10-e1,4,single,accepted_displayed,4,4,4,4,4,1,1,1,0
wesad-S10-e1-d4-alternative,wesad,S10,wesad-S10-e1,4,alternative,proposal,7,7,8,8,7,1,1,1,0
wesad-S10-e1-d4-alternative,wesad,S10,wesad-S10-e1,4,alternative,final_proposal,7,7,8,8,7,1,1,1,0
wesad-S10-e1-d4-alternative,wesad,S10,wesad-S10-e1,4,alternative,accepted_displayed,7,7,8,8,7,1,1,1,0
ppg_dalia-S1-e0-d1-single,ppg_dalia,S1,ppg_dalia-S1-e0,1,single,proposal,1,1,1,1,1,1,1,1,0
ppg_dalia-S1-e0-d1-single,ppg_dalia,S1,ppg_dalia-S1-e0,1,single,final_proposal,1,1,1,1,1,1,1,1,0
ppg_dalia-S1-e0-d1-single,ppg_dalia,S1,ppg_dalia-S1-e0,1,single,accepted_displayed,1,1,1,1,1,1,1,1,0
ppg_dalia-S1-e0-d1-alternative,ppg_dalia,S1,ppg_dalia-S1-e0,1,alternative,proposal,1,1,2,2,1,1,1,1,0
ppg_dalia-S1-e0-d1-alternative,ppg_dalia,S1,ppg_dalia-S1-e0,1,alternative,final_proposal,1,1,2,2,1,1,1,1,0
ppg_dalia-S1-e0-d1-alternative,ppg_dalia,S1,ppg_dalia-S1-e0,1,alternative,accepted_displayed,1,1,2,2,1,1,1,1,0
ppg_dalia-S1-e0-d2-single,ppg_dalia,S1,ppg_dalia-S1-e0,2,single,proposal,2,2,2,2,2,1,1,1,0
ppg_dalia-S1-e0-d2-single,ppg_dalia,S1,ppg_dalia-S1-e0,2,single,final_proposal,2,2,2,2,2,1,1,1,0
ppg_dalia-S1-e0-d2-single,ppg_dalia,S1,ppg_dalia-S1-e0,2,single,accepted_displayed,2,2,2,2,2,1,1,1,0
ppg_dalia-S1-e0-d2-alternative,ppg_dalia,S1,ppg_dalia-S1-e0,2,alternative,proposal,3,3,4,4,3,1,1,1,0
ppg_dalia-S1-e0-d2-alternative,ppg_dalia,S1,ppg_dalia-S1-e0,2,alternative,final_proposal,3,3,4,4,3,1,1,1,0
ppg_dalia-S1-e0-d2-alternative,ppg_dalia,S1,ppg_dalia-S1-e0,2,alternative,accepted_displayed,3,3,4,4,3,1,1,1,0
ppg_dalia-S1-e0-d3-single,ppg_dalia,S1,ppg_dalia-S1-e0,3,single,proposal,3,3,3,3,3,1,1,1,0
ppg_dalia-S1-e0-d3-single,ppg_dalia,S1,ppg_dalia-S1-e0,3,single,final_proposal,3,3,3,3,3,1,1,1,0
ppg_dalia-S1-e0-d3-single,ppg_dalia,S1,ppg_dalia-S1-e0,3,single,accepted_displayed,3,3,3,3,3,1,1,1,0
ppg_dalia-S1-e0-d3-alternative,ppg_dalia,S1,ppg_dalia-S1-e0,3,alternative,proposal,5,5,6,6,5,1,1,1,0
ppg_dalia-S1-e0-d3-alternative,ppg_dalia,S1,ppg_dalia-S1-e0,3,alternative,final_proposal,5,5,6,6,5,1,1,1,0
ppg_dalia-S1-e0-d3-alternative,ppg_dalia,S1,ppg_dalia-S1-e0,3,alternative,accepted_displayed,5,5,6,6,5,1,1,1,0
ppg_dalia-S1-e0-d4-single,ppg_dalia,S1,ppg_dalia-S1-e0,4,single,proposal,4,4,4,4,4,1,1,1,0
ppg_dalia-S1-e0-d4-single,ppg_dalia,S1,ppg_dalia-S1-e0,4,single,final_proposal,4,4,4,4,4,1,1,1,0
ppg_dalia-S1-e0-d4-single,ppg_dalia,S1,ppg_dalia-S1-e0,4,single,accepted_displayed,4,4,4,4,4,1,1,1,0
ppg_dalia-S1-e0-d4-alternative,ppg_dalia,S1,ppg_dalia-S1-e0,4,alternative,proposal,7,7,8,8,7,1,1,1,0
ppg_dalia-S1-e0-d4-alternative,ppg_dalia,S1,ppg_dalia-S1-e0,4,alternative,final_proposal,7,7,8,8,7,1,1,1,0
ppg_dalia-S1-e0-d4-alternative,ppg_dalia,S1,ppg_dalia-S1-e0,4,alternative,accepted_displayed,7,7,8,8,7,1,1,1,0
ppg_dalia-S1-e1-d1-single,ppg_dalia,S1,ppg_dalia-S1-e1,1,single,proposal,5,5,5,5,5,1,1,1,0
ppg_dalia-S1-e1-d1-single,ppg_dalia,S1,ppg_dalia-S1-e1,1,single,final_proposal,5,5,5,5,5,1,1,1,0
ppg_dalia-S1-e1-d1-single,ppg_dalia,S1,ppg_dalia-S1-e1,1,single,accepted_displayed,0,0,0,0,0,1,0,0,0
ppg_dalia-S1-e1-d1-alternative,ppg_dalia,S1,ppg_dalia-S1-e1,1,alternative,proposal,9,9,10,10,9,1,1,1,0
ppg_dalia-S1-e1-d1-alternative,ppg_dalia,S1,ppg_dalia-S1-e1,1,alternative,final_proposal,9,9,10,10,9,1,1,1,0
ppg_dalia-S1-e1-d1-alternative,ppg_dalia,S1,ppg_dalia-S1-e1,1,alternative,accepted_displayed,0,0,0,0,0,1,0,0,0
ppg_dalia-S1-e1-d2-single,ppg_dalia,S1,ppg_dalia-S1-e1,2,single,proposal,2,2,2,2,2,1,1,1,0
ppg_dalia-S1-e1-d2-single,ppg_dalia,S1,ppg_dalia-S1-e1,2,single,final_proposal,2,2,2,2,2,1,1,1,0
ppg_dalia-S1-e1-d2-single,ppg_dalia,S1,ppg_dalia-S1-e1,2,single,accepted_displayed,2,2,2,2,2,1,1,1,0
ppg_dalia-S1-e1-d2-alternative,ppg_dalia,S1,ppg_dalia-S1-e1,2,alternative,proposal,3,3,4,4,3,1,1,1,0
ppg_dalia-S1-e1-d2-alternative,ppg_dalia,S1,ppg_dalia-S1-e1,2,alternative,final_proposal,3,3,4,4,3,1,1,1,0
ppg_dalia-S1-e1-d2-alternative,ppg_dalia,S1,ppg_dalia-S1-e1,2,alternative,accepted_displayed,3,3,4,4,3,1,1,1,0
ppg_dalia-S1-e1-d3-single,ppg_dalia,S1,ppg_dalia-S1-e1,3,single,proposal,3,3,3,3,3,1,1,1,0
ppg_dalia-S1-e1-d3-single,ppg_dalia,S1,ppg_dalia-S1-e1,3,single,final_proposal,3,3,3,3,3,1,1,1,0
ppg_dalia-S1-e1-d3-single,ppg_dalia,S1,ppg_dalia-S1-e1,3,single,accepted_displayed,3,3,3,3,3,1,1,1,0
ppg_dalia-S1-e1-d3-alternative,ppg_dalia,S1,ppg_dalia-S1-e1,3,alternative,proposal,5,5,6,6,5,1,1,1,0
ppg_dalia-S1-e1-d3-alternative,ppg_dalia,S1,ppg_dalia-S1-e1,3,alternative,final_proposal,5,5,6,6,5,1,1,1,0
ppg_dalia-S1-e1-d3-alternative,ppg_dalia,S1,ppg_dalia-S1-e1,3,alternative,accepted_displayed,5,5,6,6,5,1,1,1,0
ppg_dalia-S1-e1-d4-single,ppg_dalia,S1,ppg_dalia-S1-e1,4,single,proposal,4,4,4,4,4,1,1,1,0
ppg_dalia-S1-e1-d4-single,ppg_dalia,S1,ppg_dalia-S1-e1,4,single,final_proposal,4,4,4,4,4,1,1,1,0
ppg_dalia-S1-e1-d4-single,ppg_dalia,S1,ppg_dalia-S1-e1,4,single,accepted_displayed,4,4,4,4,4,1,1,1,0
ppg_dalia-S1-e1-d4-alternative,ppg_dalia,S1,ppg_dalia-S1-e1,4,alternative,proposal,7,7,8,8,7,1,1,1,0
ppg_dalia-S1-e1-d4-alternative,ppg_dalia,S1,ppg_dalia-S1-e1,4,alternative,final_proposal,7,7,8,8,7,1,1,1,0
ppg_dalia-S1-e1-d4-alternative,ppg_dalia,S1,ppg_dalia-S1-e1,4,alternative,accepted_displayed,7,7,8,8,7,1,1,1,0
ppg_dalia-S5-e0-d1-single,ppg_dalia,S5,ppg_dalia-S5-e0,1,single,proposal,1,1,1,1,1,1,1,1,0
ppg_dalia-S5-e0-d1-single,ppg_dalia,S5,ppg_dalia-S5-e0,1,single,final_proposal,1,1,1,1,1,1,1,1,0
ppg_dalia-S5-e0-d1-single,ppg_dalia,S5,ppg_dalia-S5-e0,1,single,accepted_displayed,1,1,1,1,1,1,1,1,0
ppg_dalia-S5-e0-d1-alternative,ppg_dalia,S5,ppg_dalia-S5-e0,1,alternative,proposal,9,9,10,10,9,1,1,1,0
ppg_dalia-S5-e0-d1-alternative,ppg_dalia,S5,ppg_dalia-S5-e0,1,alternative,final_proposal,9,9,10,10,9,1,1,1,0
ppg_dalia-S5-e0-d1-alternative,ppg_dalia,S5,ppg_dalia-S5-e0,1,alternative,accepted_displayed,0,0,0,0,0,1,0,0,0
ppg_dalia-S5-e0-d2-single,ppg_dalia,S5,ppg_dalia-S5-e0,2,single,proposal,2,2,2,2,2,1,1,1,0
ppg_dalia-S5-e0-d2-single,ppg_dalia,S5,ppg_dalia-S5-e0,2,single,final_proposal,2,2,2,2,2,1,1,1,0
ppg_dalia-S5-e0-d2-single,ppg_dalia,S5,ppg_dalia-S5-e0,2,single,accepted_displayed,2,2,2,2,2,1,1,1,0
ppg_dalia-S5-e0-d2-alternative,ppg_dalia,S5,ppg_dalia-S5-e0,2,alternative,proposal,3,3,4,4,3,1,1,1,0
ppg_dalia-S5-e0-d2-alternative,ppg_dalia,S5,ppg_dalia-S5-e0,2,alternative,final_proposal,3,3,4,4,3,1,1,1,0
ppg_dalia-S5-e0-d2-alternative,ppg_dalia,S5,ppg_dalia-S5-e0,2,alternative,accepted_displayed,3,3,4,4,3,1,1,1,0
ppg_dalia-S5-e0-d3-single,ppg_dalia,S5,ppg_dalia-S5-e0,3,single,proposal,3,3,3,3,3,1,1,1,0
ppg_dalia-S5-e0-d3-single,ppg_dalia,S5,ppg_dalia-S5-e0,3,single,final_proposal,3,3,3,3,3,1,1,1,0
ppg_dalia-S5-e0-d3-single,ppg_dalia,S5,ppg_dalia-S5-e0,3,single,accepted_displayed,3,3,3,3,3,1,1,1,0
ppg_dalia-S5-e0-d3-alternative,ppg_dalia,S5,ppg_dalia-S5-e0,3,alternative,proposal,5,5,6,6,5,1,1,1,0
ppg_dalia-S5-e0-d3-alternative,ppg_dalia,S5,ppg_dalia-S5-e0,3,alternative,final_proposal,5,5,6,6,5,1,1,1,0
ppg_dalia-S5-e0-d3-alternative,ppg_dalia,S5,ppg_dalia-S5-e0,3,alternative,accepted_displayed,5,5,6,6,5,1,1,1,0
ppg_dalia-S5-e0-d4-single,ppg_dalia,S5,ppg_dalia-S5-e0,4,single,proposal,4,4,4,4,4,1,1,1,0
ppg_dalia-S5-e0-d4-single,ppg_dalia,S5,ppg_dalia-S5-e0,4,single,final_proposal,4,4,4,4,4,1,1,1,0
ppg_dalia-S5-e0-d4-single,ppg_dalia,S5,ppg_dalia-S5-e0,4,single,accepted_displayed,4,4,4,4,4,1,1,1,0
ppg_dalia-S5-e0-d4-alternative,ppg_dalia,S5,ppg_dalia-S5-e0,4,alternative,proposal,7,7,8,8,7,1,1,1,0
ppg_dalia-S5-e0-d4-alternative,ppg_dalia,S5,ppg_dalia-S5-e0,4,alternative,final_proposal,7,7,8,8,7,1,1,1,0
ppg_dalia-S5-e0-d4-alternative,ppg_dalia,S5,ppg_dalia-S5-e0,4,alternative,accepted_displayed,7,7,8,8,7,1,1,1,0
ppg_dalia-S5-e1-d1-single,ppg_dalia,S5,ppg_dalia-S5-e1,1,single,proposal,1,1,1,1,1,1,1,1,0
ppg_dalia-S5-e1-d1-single,ppg_dalia,S5,ppg_dalia-S5-e1,1,single,final_proposal,1,1,1,1,1,1,1,1,0
ppg_dalia-S5-e1-d1-single,ppg_dalia,S5,ppg_dalia-S5-e1,1,single,accepted_displayed,1,1,1,1,1,1,1,1,0
ppg_dalia-S5-e1-d1-alternative,ppg_dalia,S5,ppg_dalia-S5-e1,1,alternative,proposal,1,1,2,2,1,1,1,1,0
ppg_dalia-S5-e1-d1-alternative,ppg_dalia,S5,ppg_dalia-S5-e1,1,alternative,final_proposal,1,1,2,2,1,1,1,1,0
ppg_dalia-S5-e1-d1-alternative,ppg_dalia,S5,ppg_dalia-S5-e1,1,alternative,accepted_displayed,1,1,2,2,1,1,1,1,0
ppg_dalia-S5-e1-d2-single,ppg_dalia,S5,ppg_dalia-S5-e1,2,single,proposal,2,2,2,2,2,1,1,1,0
ppg_dalia-S5-e1-d2-single,ppg_dalia,S5,ppg_dalia-S5-e1,2,single,final_proposal,2,2,2,2,2,1,1,1,0
ppg_dalia-S5-e1-d2-single,ppg_dalia,S5,ppg_dalia-S5-e1,2,single,accepted_displayed,2,2,2,2,2,1,1,1,0
ppg_dalia-S5-e1-d2-alternative,ppg_dalia,S5,ppg_dalia-S5-e1,2,alternative,proposal,3,3,4,4,3,1,1,1,0
ppg_dalia-S5-e1-d2-alternative,ppg_dalia,S5,ppg_dalia-S5-e1,2,alternative,final_proposal,3,3,4,4,3,1,1,1,0
ppg_dalia-S5-e1-d2-alternative,ppg_dalia,S5,ppg_dalia-S5-e1,2,alternative,accepted_displayed,3,3,4,4,3,1,1,1,0
ppg_dalia-S5-e1-d3-single,ppg_dalia,S5,ppg_dalia-S5-e1,3,single,proposal,3,3,3,3,3,1,1,1,0
ppg_dalia-S5-e1-d3-single,ppg_dalia,S5,ppg_dalia-S5-e1,3,single,final_proposal,3,3,3,3,3,1,1,1,0
ppg_dalia-S5-e1-d3-single,ppg_dalia,S5,ppg_dalia-S5-e1,3,single,accepted_displayed,3,3,3,3,3,1,1,1,0
ppg_dalia-S5-e1-d3-alternative,ppg_dalia,S5,ppg_dalia-S5-e1,3,alternative,proposal,5,5,6,6,5,1,1,1,0
ppg_dalia-S5-e1-d3-alternative,ppg_dalia,S5,ppg_dalia-S5-e1,3,alternative,final_proposal,5,5,6,6,5,1,1,1,0
ppg_dalia-S5-e1-d3-alternative,ppg_dalia,S5,ppg_dalia-S5-e1,3,alternative,accepted_displayed,5,5,6,6,5,1,1,1,0
ppg_dalia-S5-e1-d4-single,ppg_dalia,S5,ppg_dalia-S5-e1,4,single,proposal,4,4,4,4,4,1,1,1,0
ppg_dalia-S5-e1-d4-single,ppg_dalia,S5,ppg_dalia-S5-e1,4,single,final_proposal,4,4,4,4,4,1,1,1,0
ppg_dalia-S5-e1-d4-single,ppg_dalia,S5,ppg_dalia-S5-e1,4,single,accepted_displayed,4,4,4,4,4,1,1,1,0
ppg_dalia-S5-e1-d4-alternative,ppg_dalia,S5,ppg_dalia-S5-e1,4,alternative,proposal,7,7,8,8,7,1,1,1,0
ppg_dalia-S5-e1-d4-alternative,ppg_dalia,S5,ppg_dalia-S5-e1,4,alternative,final_proposal,7,7,8,8,7,1,1,1,0
ppg_dalia-S5-e1-d4-alternative,ppg_dalia,S5,ppg_dalia-S5-e1,4,alternative,accepted_displayed,7,7,8,8,7,1,1,1,0
ppg_dalia-S6-e0-d1-single,ppg_dalia,S6,ppg_dalia-S6-e0,1,single,proposal,5,5,5,5,5,1,1,1,0
ppg_dalia-S6-e0-d1-single,ppg_dalia,S6,ppg_dalia-S6-e0,1,single,final_proposal,5,5,5,5,5,1,1,1,0
ppg_dalia-S6-e0-d1-single,ppg_dalia,S6,ppg_dalia-S6-e0,1,single,accepted_displayed,0,0,0,0,0,1,0,0,0
ppg_dalia-S6-e0-d1-alternative,ppg_dalia,S6,ppg_dalia-S6-e0,1,alternative,proposal,9,9,10,10,9,1,1,1,0
ppg_dalia-S6-e0-d1-alternative,ppg_dalia,S6,ppg_dalia-S6-e0,1,alternative,final_proposal,9,9,10,10,9,1,1,1,0
ppg_dalia-S6-e0-d1-alternative,ppg_dalia,S6,ppg_dalia-S6-e0,1,alternative,accepted_displayed,0,0,0,0,0,1,0,0,0
ppg_dalia-S6-e0-d2-single,ppg_dalia,S6,ppg_dalia-S6-e0,2,single,proposal,2,2,2,2,2,1,1,1,0
ppg_dalia-S6-e0-d2-single,ppg_dalia,S6,ppg_dalia-S6-e0,2,single,final_proposal,2,2,2,2,2,1,1,1,0
ppg_dalia-S6-e0-d2-single,ppg_dalia,S6,ppg_dalia-S6-e0,2,single,accepted_displayed,2,2,2,2,2,1,1,1,0
ppg_dalia-S6-e0-d2-alternative,ppg_dalia,S6,ppg_dalia-S6-e0,2,alternative,proposal,3,3,4,4,3,1,1,1,0
ppg_dalia-S6-e0-d2-alternative,ppg_dalia,S6,ppg_dalia-S6-e0,2,alternative,final_proposal,3,3,4,4,3,1,1,1,0
ppg_dalia-S6-e0-d2-alternative,ppg_dalia,S6,ppg_dalia-S6-e0,2,alternative,accepted_displayed,3,3,4,4,3,1,1,1,0
ppg_dalia-S6-e0-d3-single,ppg_dalia,S6,ppg_dalia-S6-e0,3,single,proposal,3,3,3,3,3,1,1,1,0
ppg_dalia-S6-e0-d3-single,ppg_dalia,S6,ppg_dalia-S6-e0,3,single,final_proposal,3,3,3,3,3,1,1,1,0
ppg_dalia-S6-e0-d3-single,ppg_dalia,S6,ppg_dalia-S6-e0,3,single,accepted_displayed,3,3,3,3,3,1,1,1,0
ppg_dalia-S6-e0-d3-alternative,ppg_dalia,S6,ppg_dalia-S6-e0,3,alternative,proposal,5,5,6,6,5,1,1,1,0
ppg_dalia-S6-e0-d3-alternative,ppg_dalia,S6,ppg_dalia-S6-e0,3,alternative,final_proposal,5,5,6,6,5,1,1,1,0
ppg_dalia-S6-e0-d3-alternative,ppg_dalia,S6,ppg_dalia-S6-e0,3,alternative,accepted_displayed,5,5,6,6,5,1,1,1,0
ppg_dalia-S6-e0-d4-single,ppg_dalia,S6,ppg_dalia-S6-e0,4,single,proposal,4,4,4,4,4,1,1,1,0
ppg_dalia-S6-e0-d4-single,ppg_dalia,S6,ppg_dalia-S6-e0,4,single,final_proposal,4,4,4,4,4,1,1,1,0
ppg_dalia-S6-e0-d4-single,ppg_dalia,S6,ppg_dalia-S6-e0,4,single,accepted_displayed,4,4,4,4,4,1,1,1,0
ppg_dalia-S6-e0-d4-alternative,ppg_dalia,S6,ppg_dalia-S6-e0,4,alternative,proposal,7,7,8,8,7,1,1,1,0
ppg_dalia-S6-e0-d4-alternative,ppg_dalia,S6,ppg_dalia-S6-e0,4,alternative,final_proposal,7,7,8,8,7,1,1,1,0
ppg_dalia-S6-e0-d4-alternative,ppg_dalia,S6,ppg_dalia-S6-e0,4,alternative,accepted_displayed,7,7,8,8,7,1,1,1,0
ppg_dalia-S6-e1-d1-single,ppg_dalia,S6,ppg_dalia-S6-e1,1,single,proposal,1,1,1,1,1,1,1,1,0
ppg_dalia-S6-e1-d1-single,ppg_dalia,S6,ppg_dalia-S6-e1,1,single,final_proposal,1,1,1,1,1,1,1,1,0
ppg_dalia-S6-e1-d1-single,ppg_dalia,S6,ppg_dalia-S6-e1,1,single,accepted_displayed,1,1,1,1,1,1,1,1,0
ppg_dalia-S6-e1-d1-alternative,ppg_dalia,S6,ppg_dalia-S6-e1,1,alternative,proposal,9,9,10,10,9,1,1,1,0
ppg_dalia-S6-e1-d1-alternative,ppg_dalia,S6,ppg_dalia-S6-e1,1,alternative,final_proposal,9,9,10,10,9,1,1,1,0
ppg_dalia-S6-e1-d1-alternative,ppg_dalia,S6,ppg_dalia-S6-e1,1,alternative,accepted_displayed,0,0,0,0,0,1,0,0,0
ppg_dalia-S6-e1-d2-single,ppg_dalia,S6,ppg_dalia-S6-e1,2,single,proposal,2,2,2,2,2,1,1,1,0
ppg_dalia-S6-e1-d2-single,ppg_dalia,S6,ppg_dalia-S6-e1,2,single,final_proposal,2,2,2,2,2,1,1,1,0
ppg_dalia-S6-e1-d2-single,ppg_dalia,S6,ppg_dalia-S6-e1,2,single,accepted_displayed,2,2,2,2,2,1,1,1,0
ppg_dalia-S6-e1-d2-alternative,ppg_dalia,S6,ppg_dalia-S6-e1,2,alternative,proposal,3,3,4,4,3,1,1,1,0
ppg_dalia-S6-e1-d2-alternative,ppg_dalia,S6,ppg_dalia-S6-e1,2,alternative,final_proposal,3,3,4,4,3,1,1,1,0
ppg_dalia-S6-e1-d2-alternative,ppg_dalia,S6,ppg_dalia-S6-e1,2,alternative,accepted_displayed,3,3,4,4,3,1,1,1,0
ppg_dalia-S6-e1-d3-single,ppg_dalia,S6,ppg_dalia-S6-e1,3,single,proposal,3,3,3,3,3,1,1,1,0
ppg_dalia-S6-e1-d3-single,ppg_dalia,S6,ppg_dalia-S6-e1,3,single,final_proposal,3,3,3,3,3,1,1,1,0
ppg_dalia-S6-e1-d3-single,ppg_dalia,S6,ppg_dalia-S6-e1,3,single,accepted_displayed,3,3,3,3,3,1,1,1,0
ppg_dalia-S6-e1-d3-alternative,ppg_dalia,S6,ppg_dalia-S6-e1,3,alternative,proposal,5,5,6,6,5,1,1,1,0
ppg_dalia-S6-e1-d3-alternative,ppg_dalia,S6,ppg_dalia-S6-e1,3,alternative,final_proposal,5,5,6,6,5,1,1,1,0
ppg_dalia-S6-e1-d3-alternative,ppg_dalia,S6,ppg_dalia-S6-e1,3,alternative,accepted_displayed,5,5,6,6,5,1,1,1,0
ppg_dalia-S6-e1-d4-single,ppg_dalia,S6,ppg_dalia-S6-e1,4,single,proposal,4,4,4,4,4,1,1,1,0
ppg_dalia-S6-e1-d4-single,ppg_dalia,S6,ppg_dalia-S6-e1,4,single,final_proposal,4,4,4,4,4,1,1,1,0
ppg_dalia-S6-e1-d4-single,ppg_dalia,S6,ppg_dalia-S6-e1,4,single,accepted_displayed,4,4,4,4,4,1,1,1,0
ppg_dalia-S6-e1-d4-alternative,ppg_dalia,S6,ppg_dalia-S6-e1,4,alternative,proposal,7,7,8,8,7,1,1,1,0
ppg_dalia-S6-e1-d4-alternative,ppg_dalia,S6,ppg_dalia-S6-e1,4,alternative,final_proposal,7,7,8,8,7,1,1,1,0
ppg_dalia-S6-e1-d4-alternative,ppg_dalia,S6,ppg_dalia-S6-e1,4,alternative,accepted_displayed,7,7,8,8,7,1,1,1,0
ppg_dalia-S7-e0-d1-single,ppg_dalia,S7,ppg_dalia-S7-e0,1,single,proposal,1,1,1,1,1,1,1,1,0
ppg_dalia-S7-e0-d1-single,ppg_dalia,S7,ppg_dalia-S7-e0,1,single,final_proposal,1,1,1,1,1,1,1,1,0
ppg_dalia-S7-e0-d1-single,ppg_dalia,S7,ppg_dalia-S7-e0,1,single,accepted_displayed,1,1,1,1,1,1,1,1,0
ppg_dalia-S7-e0-d1-alternative,ppg_dalia,S7,ppg_dalia-S7-e0,1,alternative,proposal,9,9,10,10,9,1,1,1,0
ppg_dalia-S7-e0-d1-alternative,ppg_dalia,S7,ppg_dalia-S7-e0,1,alternative,final_proposal,9,9,10,10,9,1,1,1,0
ppg_dalia-S7-e0-d1-alternative,ppg_dalia,S7,ppg_dalia-S7-e0,1,alternative,accepted_displayed,0,0,0,0,0,1,0,0,0
ppg_dalia-S7-e0-d2-single,ppg_dalia,S7,ppg_dalia-S7-e0,2,single,proposal,2,2,2,2,2,1,1,1,0
ppg_dalia-S7-e0-d2-single,ppg_dalia,S7,ppg_dalia-S7-e0,2,single,final_proposal,2,2,2,2,2,1,1,1,0
ppg_dalia-S7-e0-d2-single,ppg_dalia,S7,ppg_dalia-S7-e0,2,single,accepted_displayed,2,2,2,2,2,1,1,1,0
ppg_dalia-S7-e0-d2-alternative,ppg_dalia,S7,ppg_dalia-S7-e0,2,alternative,proposal,3,3,4,4,3,1,1,1,0
ppg_dalia-S7-e0-d2-alternative,ppg_dalia,S7,ppg_dalia-S7-e0,2,alternative,final_proposal,3,3,4,4,3,1,1,1,0
ppg_dalia-S7-e0-d2-alternative,ppg_dalia,S7,ppg_dalia-S7-e0,2,alternative,accepted_displayed,3,3,4,4,3,1,1,1,0
ppg_dalia-S7-e0-d3-single,ppg_dalia,S7,ppg_dalia-S7-e0,3,single,proposal,3,3,3,3,3,1,1,1,0
ppg_dalia-S7-e0-d3-single,ppg_dalia,S7,ppg_dalia-S7-e0,3,single,final_proposal,3,3,3,3,3,1,1,1,0
ppg_dalia-S7-e0-d3-single,ppg_dalia,S7,ppg_dalia-S7-e0,3,single,accepted_displayed,3,3,3,3,3,1,1,1,0
ppg_dalia-S7-e0-d3-alternative,ppg_dalia,S7,ppg_dalia-S7-e0,3,alternative,proposal,5,5,6,6,5,1,1,1,0
ppg_dalia-S7-e0-d3-alternative,ppg_dalia,S7,ppg_dalia-S7-e0,3,alternative,final_proposal,5,5,6,6,5,1,1,1,0
ppg_dalia-S7-e0-d3-alternative,ppg_dalia,S7,ppg_dalia-S7-e0,3,alternative,accepted_displayed,5,5,6,6,5,1,1,1,0
ppg_dalia-S7-e0-d4-single,ppg_dalia,S7,ppg_dalia-S7-e0,4,single,proposal,4,4,4,4,4,1,1,1,0
ppg_dalia-S7-e0-d4-single,ppg_dalia,S7,ppg_dalia-S7-e0,4,single,final_proposal,4,4,4,4,4,1,1,1,0
ppg_dalia-S7-e0-d4-single,ppg_dalia,S7,ppg_dalia-S7-e0,4,single,accepted_displayed,4,4,4,4,4,1,1,1,0
ppg_dalia-S7-e0-d4-alternative,ppg_dalia,S7,ppg_dalia-S7-e0,4,alternative,proposal,7,7,8,8,7,1,1,1,0
ppg_dalia-S7-e0-d4-alternative,ppg_dalia,S7,ppg_dalia-S7-e0,4,alternative,final_proposal,7,7,8,8,7,1,1,1,0
ppg_dalia-S7-e0-d4-alternative,ppg_dalia,S7,ppg_dalia-S7-e0,4,alternative,accepted_displayed,7,7,8,8,7,1,1,1,0
ppg_dalia-S7-e1-d1-single,ppg_dalia,S7,ppg_dalia-S7-e1,1,single,proposal,5,5,5,5,5,1,1,1,0
ppg_dalia-S7-e1-d1-single,ppg_dalia,S7,ppg_dalia-S7-e1,1,single,final_proposal,5,5,5,5,5,1,1,1,0
ppg_dalia-S7-e1-d1-single,ppg_dalia,S7,ppg_dalia-S7-e1,1,single,accepted_displayed,1,1,1,1,1,1,1,1,0
ppg_dalia-S7-e1-d1-alternative,ppg_dalia,S7,ppg_dalia-S7-e1,1,alternative,proposal,9,9,10,10,9,1,1,1,0
ppg_dalia-S7-e1-d1-alternative,ppg_dalia,S7,ppg_dalia-S7-e1,1,alternative,final_proposal,9,9,10,10,9,1,1,1,0
ppg_dalia-S7-e1-d1-alternative,ppg_dalia,S7,ppg_dalia-S7-e1,1,alternative,accepted_displayed,0,0,0,0,0,1,0,0,0
ppg_dalia-S7-e1-d2-single,ppg_dalia,S7,ppg_dalia-S7-e1,2,single,proposal,2,2,2,2,2,1,1,1,0
ppg_dalia-S7-e1-d2-single,ppg_dalia,S7,ppg_dalia-S7-e1,2,single,final_proposal,2,2,2,2,2,1,1,1,0
ppg_dalia-S7-e1-d2-single,ppg_dalia,S7,ppg_dalia-S7-e1,2,single,accepted_displayed,2,2,2,2,2,1,1,1,0
ppg_dalia-S7-e1-d2-alternative,ppg_dalia,S7,ppg_dalia-S7-e1,2,alternative,proposal,3,3,4,4,3,1,1,1,0
ppg_dalia-S7-e1-d2-alternative,ppg_dalia,S7,ppg_dalia-S7-e1,2,alternative,final_proposal,3,3,4,4,3,1,1,1,0
ppg_dalia-S7-e1-d2-alternative,ppg_dalia,S7,ppg_dalia-S7-e1,2,alternative,accepted_displayed,3,3,4,4,3,1,1,1,0
ppg_dalia-S7-e1-d3-single,ppg_dalia,S7,ppg_dalia-S7-e1,3,single,proposal,3,3,3,3,3,1,1,1,0
ppg_dalia-S7-e1-d3-single,ppg_dalia,S7,ppg_dalia-S7-e1,3,single,final_proposal,3,3,3,3,3,1,1,1,0
ppg_dalia-S7-e1-d3-single,ppg_dalia,S7,ppg_dalia-S7-e1,3,single,accepted_displayed,3,3,3,3,3,1,1,1,0
ppg_dalia-S7-e1-d3-alternative,ppg_dalia,S7,ppg_dalia-S7-e1,3,alternative,proposal,5,5,6,6,5,1,1,1,0
ppg_dalia-S7-e1-d3-alternative,ppg_dalia,S7,ppg_dalia-S7-e1,3,alternative,final_proposal,5,5,6,6,5,1,1,1,0
ppg_dalia-S7-e1-d3-alternative,ppg_dalia,S7,ppg_dalia-S7-e1,3,alternative,accepted_displayed,5,5,6,6,5,1,1,1,0
ppg_dalia-S7-e1-d4-single,ppg_dalia,S7,ppg_dalia-S7-e1,4,single,proposal,4,4,4,4,4,1,1,1,0
ppg_dalia-S7-e1-d4-single,ppg_dalia,S7,ppg_dalia-S7-e1,4,single,final_proposal,4,4,4,4,4,1,1,1,0
ppg_dalia-S7-e1-d4-single,ppg_dalia,S7,ppg_dalia-S7-e1,4,single,accepted_displayed,4,4,4,4,4,1,1,1,0
ppg_dalia-S7-e1-d4-alternative,ppg_dalia,S7,ppg_dalia-S7-e1,4,alternative,proposal,7,7,8,8,7,1,1,1,0
ppg_dalia-S7-e1-d4-alternative,ppg_dalia,S7,ppg_dalia-S7-e1,4,alternative,final_proposal,7,7,8,8,7,1,1,1,0
ppg_dalia-S7-e1-d4-alternative,ppg_dalia,S7,ppg_dalia-S7-e1,4,alternative,accepted_displayed,7,7,8,8,7,1,1,1,0
ppg_dalia-S9-e0-d1-single,ppg_dalia,S9,ppg_dalia-S9-e0,1,single,proposal,1,1,1,1,1,1,1,1,0
ppg_dalia-S9-e0-d1-single,ppg_dalia,S9,ppg_dalia-S9-e0,1,single,final_proposal,1,1,1,1,1,1,1,1,0
ppg_dalia-S9-e0-d1-single,ppg_dalia,S9,ppg_dalia-S9-e0,1,single,accepted_displayed,1,1,1,1,1,1,1,1,0
ppg_dalia-S9-e0-d1-alternative,ppg_dalia,S9,ppg_dalia-S9-e0,1,alternative,proposal,9,9,10,10,9,1,1,1,0
ppg_dalia-S9-e0-d1-alternative,ppg_dalia,S9,ppg_dalia-S9-e0,1,alternative,final_proposal,9,9,10,10,9,1,1,1,0
ppg_dalia-S9-e0-d1-alternative,ppg_dalia,S9,ppg_dalia-S9-e0,1,alternative,accepted_displayed,0,0,0,0,0,1,0,0,0
ppg_dalia-S9-e0-d2-single,ppg_dalia,S9,ppg_dalia-S9-e0,2,single,proposal,2,2,2,2,2,1,1,1,0
ppg_dalia-S9-e0-d2-single,ppg_dalia,S9,ppg_dalia-S9-e0,2,single,final_proposal,2,2,2,2,2,1,1,1,0
ppg_dalia-S9-e0-d2-single,ppg_dalia,S9,ppg_dalia-S9-e0,2,single,accepted_displayed,2,2,2,2,2,1,1,1,0
ppg_dalia-S9-e0-d2-alternative,ppg_dalia,S9,ppg_dalia-S9-e0,2,alternative,proposal,3,3,4,4,3,1,1,1,0
ppg_dalia-S9-e0-d2-alternative,ppg_dalia,S9,ppg_dalia-S9-e0,2,alternative,final_proposal,3,3,4,4,3,1,1,1,0
ppg_dalia-S9-e0-d2-alternative,ppg_dalia,S9,ppg_dalia-S9-e0,2,alternative,accepted_displayed,3,3,4,4,3,1,1,1,0
ppg_dalia-S9-e0-d3-single,ppg_dalia,S9,ppg_dalia-S9-e0,3,single,proposal,3,3,3,3,3,1,1,1,0
ppg_dalia-S9-e0-d3-single,ppg_dalia,S9,ppg_dalia-S9-e0,3,single,final_proposal,3,3,3,3,3,1,1,1,0
ppg_dalia-S9-e0-d3-single,ppg_dalia,S9,ppg_dalia-S9-e0,3,single,accepted_displayed,3,3,3,3,3,1,1,1,0
ppg_dalia-S9-e0-d3-alternative,ppg_dalia,S9,ppg_dalia-S9-e0,3,alternative,proposal,5,5,6,6,5,1,1,1,0
ppg_dalia-S9-e0-d3-alternative,ppg_dalia,S9,ppg_dalia-S9-e0,3,alternative,final_proposal,5,5,6,6,5,1,1,1,0
ppg_dalia-S9-e0-d3-alternative,ppg_dalia,S9,ppg_dalia-S9-e0,3,alternative,accepted_displayed,5,5,6,6,5,1,1,1,0
ppg_dalia-S9-e0-d4-single,ppg_dalia,S9,ppg_dalia-S9-e0,4,single,proposal,4,4,4,4,4,1,1,1,0
ppg_dalia-S9-e0-d4-single,ppg_dalia,S9,ppg_dalia-S9-e0,4,single,final_proposal,4,4,4,4,4,1,1,1,0
ppg_dalia-S9-e0-d4-single,ppg_dalia,S9,ppg_dalia-S9-e0,4,single,accepted_displayed,4,4,4,4,4,1,1,1,0
ppg_dalia-S9-e0-d4-alternative,ppg_dalia,S9,ppg_dalia-S9-e0,4,alternative,proposal,7,7,8,8,7,1,1,1,0
ppg_dalia-S9-e0-d4-alternative,ppg_dalia,S9,ppg_dalia-S9-e0,4,alternative,final_proposal,7,7,8,8,7,1,1,1,0
ppg_dalia-S9-e0-d4-alternative,ppg_dalia,S9,ppg_dalia-S9-e0,4,alternative,accepted_displayed,7,7,8,8,7,1,1,1,0
ppg_dalia-S9-e1-d1-single,ppg_dalia,S9,ppg_dalia-S9-e1,1,single,proposal,1,1,1,1,1,1,1,1,0
ppg_dalia-S9-e1-d1-single,ppg_dalia,S9,ppg_dalia-S9-e1,1,single,final_proposal,1,1,1,1,1,1,1,1,0
ppg_dalia-S9-e1-d1-single,ppg_dalia,S9,ppg_dalia-S9-e1,1,single,accepted_displayed,1,1,1,1,1,1,1,1,0
ppg_dalia-S9-e1-d1-alternative,ppg_dalia,S9,ppg_dalia-S9-e1,1,alternative,proposal,9,9,10,10,9,1,1,1,0
ppg_dalia-S9-e1-d1-alternative,ppg_dalia,S9,ppg_dalia-S9-e1,1,alternative,final_proposal,9,9,10,10,9,1,1,1,0
ppg_dalia-S9-e1-d1-alternative,ppg_dalia,S9,ppg_dalia-S9-e1,1,alternative,accepted_displayed,0,0,0,0,0,1,0,0,0
ppg_dalia-S9-e1-d2-single,ppg_dalia,S9,ppg_dalia-S9-e1,2,single,proposal,2,2,2,2,2,1,1,1,0
ppg_dalia-S9-e1-d2-single,ppg_dalia,S9,ppg_dalia-S9-e1,2,single,final_proposal,2,2,2,2,2,1,1,1,0
ppg_dalia-S9-e1-d2-single,ppg_dalia,S9,ppg_dalia-S9-e1,2,single,accepted_displayed,2,2,2,2,2,1,1,1,0
ppg_dalia-S9-e1-d2-alternative,ppg_dalia,S9,ppg_dalia-S9-e1,2,alternative,proposal,3,3,4,4,3,1,1,1,0
ppg_dalia-S9-e1-d2-alternative,ppg_dalia,S9,ppg_dalia-S9-e1,2,alternative,final_proposal,3,3,4,4,3,1,1,1,0
ppg_dalia-S9-e1-d2-alternative,ppg_dalia,S9,ppg_dalia-S9-e1,2,alternative,accepted_displayed,3,3,4,4,3,1,1,1,0
ppg_dalia-S9-e1-d3-single,ppg_dalia,S9,ppg_dalia-S9-e1,3,single,proposal,3,3,3,3,3,1,1,1,0
ppg_dalia-S9-e1-d3-single,ppg_dalia,S9,ppg_dalia-S9-e1,3,single,final_proposal,3,3,3,3,3,1,1,1,0
ppg_dalia-S9-e1-d3-single,ppg_dalia,S9,ppg_dalia-S9-e1,3,single,accepted_displayed,3,3,3,3,3,1,1,1,0
ppg_dalia-S9-e1-d3-alternative,ppg_dalia,S9,ppg_dalia-S9-e1,3,alternative,proposal,5,5,6,6,5,1,1,1,0
ppg_dalia-S9-e1-d3-alternative,ppg_dalia,S9,ppg_dalia-S9-e1,3,alternative,final_proposal,5,5,6,6,5,1,1,1,0
ppg_dalia-S9-e1-d3-alternative,ppg_dalia,S9,ppg_dalia-S9-e1,3,alternative,accepted_displayed,5,5,6,6,5,1,1,1,0
ppg_dalia-S9-e1-d4-single,ppg_dalia,S9,ppg_dalia-S9-e1,4,single,proposal,4,4,4,4,4,1,1,1,0
ppg_dalia-S9-e1-d4-single,ppg_dalia,S9,ppg_dalia-S9-e1,4,single,final_proposal,4,4,4,4,4,1,1,1,0
ppg_dalia-S9-e1-d4-single,ppg_dalia,S9,ppg_dalia-S9-e1,4,single,accepted_displayed,4,4,4,4,4,1,1,1,0
ppg_dalia-S9-e1-d4-alternative,ppg_dalia,S9,ppg_dalia-S9-e1,4,alternative,proposal,7,7,8,8,7,1,1,1,0
ppg_dalia-S9-e1-d4-alternative,ppg_dalia,S9,ppg_dalia-S9-e1,4,alternative,final_proposal,7,7,8,8,7,1,1,1,0
ppg_dalia-S9-e1-d4-alternative,ppg_dalia,S9,ppg_dalia-S9-e1,4,alternative,accepted_displayed,7,7,8,8,7,1,1,1,0
