origin,repeat,model,N,total_seconds,preparation_seconds,probability,mc_lower,mc_upper
31409,0,original,256,0.0734324579971144,0.06347051399643533,0.0,0.0,0.014306362729039375
31409,0,location_repair,256,0.06505272100184811,0.05711970200354699,0.0,0.0,0.014306362729039375
32058,0,original,256,0.0180999910007813,0.0117116649998934,0.0,0.0,0.014306362729039375
32058,0,location_repair,256,0.021458510993397795,0.013672787994437385,0.0,0.0,0.014306362729039375
32708,0,original,256,0.02030374699825188,0.010746467996796127,0.0,0.0,0.014306362729039375
32708,0,location_repair,256,0.025463328005571384,0.01475628100160975,0.0,0.0,0.014306362729039375
33439,0,original,256,0.021901476000493858,0.011359857002389617,0.0,0.0,0.014306362729039375
33439,0,location_repair,256,0.0219248659996083,0.01373586800036719,0.0,0.0,0.014306362729039375
34089,0,original,256,0.022126441996078938,0.011445240001194179,0.00390625,9.889279722355371e-05,0.021570890352533498
34089,0,location_repair,256,0.022116063002613373,0.01416674900247017,0.00390625,9.889279722355371e-05,0.021570890352533498
34819,0,original,256,0.01980275600362802,0.011559067999769468,0.0,0.0,0.014306362729039375
34819,0,location_repair,256,0.02043723699898692,0.014079305001359899,0.0,0.0,0.014306362729039375
35469,0,original,256,0.021808475998113863,0.012564040996949188,0.0,0.0,0.014306362729039375
35469,0,location_repair,256,0.021253813996736426,0.013270472998556215,0.0,0.0,0.014306362729039375
36200,0,original,256,0.02478171199618373,0.01317743999970844,0.0,0.0,0.014306362729039375
36200,0,location_repair,256,0.02166488099464914,0.013713545995415188,0.0,0.0,0.014306362729039375
36850,0,original,256,0.018150561998481862,0.011008302004483994,0.0,0.0,0.014306362729039375
36850,0,location_repair,256,0.02214583299792139,0.013352696994843427,0.0,0.0,0.014306362729039375
37581,0,original,256,0.02039026399870636,0.011070495995227247,0.0,0.0,0.014306362729039375
37581,0,location_repair,256,0.022782801002904307,0.012909884004329797,0.0,0.0,0.014306362729039375
38230,0,original,256,0.018910427002992947,0.011265362001722679,0.0,0.0,0.014306362729039375
38230,0,location_repair,256,0.02163245200063102,0.014564922996214591,0.0,0.0,0.014306362729039375
38961,0,original,256,0.01889636700070696,0.010875378000491764,0.66796875,0.6066303247832971,0.725364391784965
38961,0,location_repair,256,0.021623002001433633,0.013367872001254,0.87890625,0.8325382167908462,0.9162203853225371
39611,0,original,256,0.021354860997234937,0.013438211994071025,0.0,0.0,0.014306362729039375
39611,0,location_repair,256,0.020173059005173855,0.013407932005065959,0.0,0.0,0.014306362729039375
40342,0,original,256,0.02044363599998178,0.01061681500141276,0.0,0.0,0.014306362729039375
40342,0,location_repair,256,0.02413243799674092,0.013586173998191953,0.0,0.0,0.014306362729039375
40992,0,original,256,0.018914706000941806,0.010898727996391244,0.5390625,0.47589910459977025,0.601311049375117
40992,0,location_repair,256,0.02277871700061951,0.014116177000687458,0.94140625,0.9051991415444257,0.9668381679733287
41723,0,original,256,0.017969822998566087,0.01147633399523329,0.0,0.0,0.014306362729039375
41723,0,location_repair,256,0.02072980900265975,0.012959472005604766,0.0,0.0,0.014306362729039375
31409,1,location_repair,256,0.0709988120070193,0.05890322200139053,0.0,0.0,0.014306362729039375
31409,1,original,256,0.07874139299383387,0.07008983400010038,0.0,0.0,0.014306362729039375
32058,1,location_repair,256,0.028981891002331395,0.018825885003025178,0.0,0.0,0.014306362729039375
32058,1,original,256,0.02670262200263096,0.016623511000943836,0.0,0.0,0.014306362729039375
32708,1,location_repair,256,0.02144603300257586,0.01483815700339619,0.0,0.0,0.014306362729039375
32708,1,original,256,0.02050480500474805,0.011750893005228136,0.0,0.0,0.014306362729039375
33439,1,location_repair,256,0.026480596003239043,0.016660647001117468,0.0,0.0,0.014306362729039375
33439,1,original,256,0.02047868099907646,0.01219936300185509,0.0,0.0,0.014306362729039375
34089,1,location_repair,256,0.021702077996451408,0.012940159998834133,0.00390625,9.889279722355371e-05,0.021570890352533498
34089,1,original,256,0.020227663997502532,0.012025575000734534,0.00390625,9.889279722355371e-05,0.021570890352533498
34819,1,location_repair,256,0.022210128998267464,0.014398769002582412,0.0,0.0,0.014306362729039375
34819,1,original,256,0.019622073006758,0.010751011002867017,0.0,0.0,0.014306362729039375
35469,1,location_repair,256,0.022080112001276575,0.014809888001764193,0.0,0.0,0.014306362729039375
35469,1,original,256,0.017165243996714707,0.01082668000162812,0.0,0.0,0.014306362729039375
36200,1,location_repair,256,0.021002014997066,0.013300307997269556,0.0,0.0,0.014306362729039375
36200,1,original,256,0.018045862001599744,0.011012736998964101,0.0,0.0,0.014306362729039375
36850,1,location_repair,256,0.022007297004165594,0.015372878006019164,0.0,0.0,0.014306362729039375
36850,1,original,256,0.02225106900004903,0.012478343000111636,0.0,0.0,0.014306362729039375
37581,1,location_repair,256,0.02022620299976552,0.013963361998321488,0.0,0.0,0.014306362729039375
37581,1,original,256,0.017790726000384893,0.011297184995783027,0.0,0.0,0.014306362729039375
38230,1,location_repair,256,0.02213556700007757,0.013853778997145128,0.0,0.0,0.014306362729039375
38230,1,original,256,0.020599724004568998,0.011983663003775291,0.0,0.0,0.014306362729039375
38961,1,location_repair,256,0.020494634001806844,0.013046647000010125,0.87890625,0.8325382167908462,0.9162203853225371
38961,1,original,256,0.01840090600308031,0.011234980003791861,0.66796875,0.6066303247832971,0.725364391784965
39611,1,location_repair,256,0.020976439998776186,0.012832501000957564,0.0,0.0,0.014306362729039375
39611,1,original,256,0.01875230900623137,0.012253949003934395,0.0,0.0,0.014306362729039375
40342,1,location_repair,256,0.027159248995303642,0.015533563993813004,0.0,0.0,0.014306362729039375
40342,1,original,256,0.019611839001299813,0.010805564001202583,0.0,0.0,0.014306362729039375
40992,1,location_repair,256,0.0209973360033473,0.012995971002965234,0.94140625,0.9051991415444257,0.9668381679733287
40992,1,original,256,0.019810206002148334,0.011969632003456354,0.5390625,0.47589910459977025,0.601311049375117
41723,1,location_repair,256,0.021207482997851912,0.013025086998823099,0.0,0.0,0.014306362729039375
41723,1,original,256,0.019570301003113855,0.011455400999693666,0.0,0.0,0.014306362729039375
31409,2,original,256,0.07449362100305734,0.06266188800509553,0.0,0.0,0.014306362729039375
31409,2,location_repair,256,0.08371515000180807,0.07176037399767665,0.0,0.0,0.014306362729039375
32058,2,original,256,0.026688247002311982,0.01668109800084494,0.0,0.0,0.014306362729039375
32058,2,location_repair,256,0.027549353006179444,0.018905807002738584,0.0,0.0,0.014306362729039375
32708,2,original,256,0.020576290000462905,0.012066709001373965,0.0,0.0,0.014306362729039375
32708,2,location_repair,256,0.022030410000297707,0.013325143001566175,0.0,0.0,0.014306362729039375
33439,2,original,256,0.020597298003849573,0.012050399003783241,0.0,0.0,0.014306362729039375
33439,2,location_repair,256,0.02044841700262623,0.0138441140006762,0.0,0.0,0.014306362729039375
34089,2,original,256,0.019640992002678104,0.011465273004432674,0.00390625,9.889279722355371e-05,0.021570890352533498
34089,2,location_repair,256,0.021977857999445405,0.014523735997499898,0.00390625,9.889279722355371e-05,0.021570890352533498
34819,2,original,256,0.018057371999020688,0.011494165999465622,0.0,0.0,0.014306362729039375
34819,2,location_repair,256,0.02326212600019062,0.014822908000496682,0.0,0.0,0.014306362729039375
35469,2,original,256,0.019684072998643387,0.012411796997184865,0.0,0.0,0.014306362729039375
35469,2,location_repair,256,0.0207460700039519,0.014395693004189525,0.0,0.0,0.014306362729039375
36200,2,original,256,0.017963104997761548,0.010869817997445352,0.0,0.0,0.014306362729039375
36200,2,location_repair,256,0.026887407002504915,0.01783123800123576,0.0,0.0,0.014306362729039375
36850,2,original,256,0.024483912995492574,0.014563819000613876,0.0,0.0,0.014306362729039375
36850,2,location_repair,256,0.03205842600436881,0.01929126900358824,0.0,0.0,0.014306362729039375
37581,2,original,256,0.02978538900060812,0.019263219001004472,0.0,0.0,0.014306362729039375
37581,2,location_repair,256,0.023502287003793754,0.014914753002813086,0.0,0.0,0.014306362729039375
38230,2,original,256,0.021155276001081802,0.011635759998171125,0.0,0.0,0.014306362729039375
38230,2,location_repair,256,0.020916763998684473,0.0144614239980001,0.0,0.0,0.014306362729039375
38961,2,original,256,0.02075878500181716,0.011024990999430884,0.66796875,0.6066303247832971,0.725364391784965
38961,2,location_repair,256,0.023786677003954537,0.013088010004139505,0.87890625,0.8325382167908462,0.9162203853225371
39611,2,original,256,0.01813354199839523,0.011451391997979954,0.0,0.0,0.014306362729039375
39611,2,location_repair,256,0.025180593998811673,0.01593235300242668,0.0,0.0,0.014306362729039375
40342,2,original,256,0.01946918600151548,0.010742842001491226,0.0,0.0,0.014306362729039375
40342,2,location_repair,256,0.02319200700003421,0.013347410000278614,0.0,0.0,0.014306362729039375
40992,2,original,256,0.021004996000556275,0.011377433998859487,0.5390625,0.47589910459977025,0.601311049375117
40992,2,location_repair,256,0.020974582999770064,0.013846630004991312,0.94140625,0.9051991415444257,0.9668381679733287
41723,2,original,256,0.017014293000102043,0.010730047004471999,0.0,0.0,0.014306362729039375
41723,2,location_repair,256,0.02072519499779446,0.014074397993681487,0.0,0.0,0.014306362729039375
31409,3,location_repair,256,0.07596693799860077,0.06579426400276134,0.0,0.0,0.014306362729039375
31409,3,original,256,0.07983265599614242,0.0701244419979048,0.0,0.0,0.014306362729039375
32058,3,location_repair,256,0.029175264004152268,0.02065008100180421,0.0,0.0,0.014306362729039375
32058,3,original,256,0.026967628000420518,0.016692723002051935,0.0,0.0,0.014306362729039375
32708,3,location_repair,256,0.021868842995900195,0.014147499001410324,0.0,0.0,0.014306362729039375
32708,3,original,256,0.01872505799838109,0.011611244997766335,0.0,0.0,0.014306362729039375
33439,3,location_repair,256,0.025374165998073295,0.015244951995555311,0.0,0.0,0.014306362729039375
33439,3,original,256,0.02274761800072156,0.01359237600263441,0.0,0.0,0.014306362729039375
34089,3,location_repair,256,0.023706099993432872,0.014664564994745888,0.00390625,9.889279722355371e-05,0.021570890352533498
34089,3,original,256,0.024595349001174327,0.014505972998449579,0.00390625,9.889279722355371e-05,0.021570890352533498
34819,3,location_repair,256,0.020914241998980287,0.012871113998699002,0.0,0.0,0.014306362729039375
34819,3,original,256,0.02351166399603244,0.013624285995319951,0.0,0.0,0.014306362729039375
35469,3,location_repair,256,0.02135143400664674,0.01391610400605714,0.0,0.0,0.014306362729039375
35469,3,original,256,0.02476879599998938,0.013280589002533816,0.0,0.0,0.014306362729039375
36200,3,location_repair,256,0.023998873999516945,0.01391455800330732,0.0,0.0,0.014306362729039375
36200,3,original,256,0.020958232998964377,0.01337053399765864,0.0,0.0,0.014306362729039375
36850,3,location_repair,256,0.02169133000279544,0.014128688999335282,0.0,0.0,0.014306362729039375
36850,3,original,256,0.019941621998441406,0.011263401000178419,0.0,0.0,0.014306362729039375
37581,3,location_repair,256,0.022740134998457506,0.013253115997940768,0.0,0.0,0.014306362729039375
37581,3,original,256,0.017072691000066698,0.01095376299781492,0.0,0.0,0.014306362729039375
38230,3,location_repair,256,0.02037160900363233,0.012830783001845703,0.0,0.0,0.014306362729039375
38230,3,original,256,0.018056660999718588,0.011112628999399021,0.0,0.0,0.014306362729039375
38961,3,location_repair,256,0.021344561006117146,0.014186881002387963,0.87890625,0.8325382167908462,0.9162203853225371
38961,3,original,256,0.02048216899856925,0.012442079998436384,0.66796875,0.6066303247832971,0.725364391784965
39611,3,location_repair,256,0.02516197899967665,0.014449255002546124,0.0,0.0,0.014306362729039375
39611,3,original,256,0.018795530995703302,0.010732277994975448,0.0,0.0,0.014306362729039375
40342,3,location_repair,256,0.021161914999538567,0.014243067002098542,0.0,0.0,0.014306362729039375
40342,3,original,256,0.019038344995351508,0.011277806996076833,0.0,0.0,0.014306362729039375
40992,3,location_repair,256,0.022345035002217628,0.013215994003985543,0.94140625,0.9051991415444257,0.9668381679733287
40992,3,original,256,0.019361503000254743,0.012612160004209727,0.5390625,0.47589910459977025,0.601311049375117
41723,3,location_repair,256,0.019532023994543124,0.01317107399518136,0.0,0.0,0.014306362729039375
41723,3,original,256,0.020933209998474922,0.013031668000621721,0.0,0.0,0.014306362729039375
31409,4,original,256,0.074985036997532,0.06390296499739634,0.0,0.0,0.014306362729039375
31409,4,location_repair,256,0.07389285899989773,0.06572710799810011,0.0,0.0,0.014306362729039375
32058,4,original,256,0.02372188000299502,0.014190212998073548,0.0,0.0,0.014306362729039375
32058,4,location_repair,256,0.02143530199828092,0.013853438998921774,0.0,0.0,0.014306362729039375
32708,4,original,256,0.01884148299723165,0.0112269439996453,0.0,0.0,0.014306362729039375
32708,4,location_repair,256,0.022289592001470737,0.014066935000300873,0.0,0.0,0.014306362729039375
33439,4,original,256,0.019986390994745307,0.012269222999748308,0.0,0.0,0.014306362729039375
33439,4,location_repair,256,0.02073836400086293,0.0139232270012144,0.0,0.0,0.014306362729039375
34089,4,original,256,0.017626774999371264,0.01083191000361694,0.00390625,9.889279722355371e-05,0.021570890352533498
34089,4,location_repair,256,0.020976314997824375,0.014456677999987733,0.00390625,9.889279722355371e-05,0.021570890352533498
34819,4,original,256,0.019441399999777786,0.011275692995695863,0.0,0.0,0.014306362729039375
34819,4,location_repair,256,0.022891932996571995,0.01341524099552771,0.0,0.0,0.014306362729039375
35469,4,original,256,0.017840009997598827,0.011210828997718636,0.0,0.0,0.014306362729039375
35469,4,location_repair,256,0.021731036002165638,0.013044870000157971,0.0,0.0,0.014306362729039375
36200,4,original,256,0.024976373002573382,0.012899612003820948,0.0,0.0,0.014306362729039375
36200,4,location_repair,256,0.02164600199466804,0.012748386994644534,0.0,0.0,0.014306362729039375
36850,4,original,256,0.02091909499722533,0.012325737996434327,0.0,0.0,0.014306362729039375
36850,4,location_repair,256,0.02160257899959106,0.013263381995784584,0.0,0.0,0.014306362729039375
37581,4,original,256,0.017762242001481354,0.010976174999086652,0.0,0.0,0.014306362729039375
37581,4,location_repair,256,0.021465363999595866,0.012631506004254334,0.0,0.0,0.014306362729039375
38230,4,original,256,0.02004445999773452,0.011399146002077032,0.0,0.0,0.014306362729039375
38230,4,location_repair,256,0.020342707000963856,0.013546059002692346,0.0,0.0,0.014306362729039375
38961,4,original,256,0.01961780700366944,0.011277798999799415,0.66796875,0.6066303247832971,0.725364391784965
38961,4,location_repair,256,0.023421680998580996,0.013408270999207161,0.87890625,0.8325382167908462,0.9162203853225371
39611,4,original,256,0.023609374002262484,0.012568887999805156,0.0,0.0,0.014306362729039375
39611,4,location_repair,256,0.021478947994182818,0.012836460999096744,0.0,0.0,0.014306362729039375
40342,4,original,256,0.01758820599934552,0.010990923998178914,0.0,0.0,0.014306362729039375
40342,4,location_repair,256,0.020579734002240002,0.013008367001020815,0.0,0.0,0.014306362729039375
40992,4,original,256,0.020268677995773032,0.010932295997918118,0.5390625,0.47589910459977025,0.601311049375117
40992,4,location_repair,256,0.025225896999472752,0.015825082999072038,0.94140625,0.9051991415444257,0.9668381679733287
41723,4,original,256,0.02371397699607769,0.011102281998319086,0.0,0.0,0.014306362729039375
41723,4,location_repair,256,0.02337222500500502,0.01524405500094872,0.0,0.0,0.014306362729039375
