origin,N,estimate,clipped_for_scoring,variance_estimate,correction_variance,interval,interval_type,n0,n1,pilot_c0,pilot_c1,pilot_v0,pilot_v1,budget_seconds,estimator_seconds,allocation_and_estimator_seconds,allocation_stream,cheap_stream,correction_stream
31409,256,0.0,0.0,0.0,0.0,"[-0.5185608849546344, 0.5185608849546344]","Hoeffding union 95%, untruncated",74,73,0.00023841415531933308,0.0002612357202451676,0.0,0.0,0.036942729726433754,0.029460178688168526,0.046613479033112526,266,276,286
31409,1024,0.0,0.0,0.0,0.0,"[-0.2002597135048355, 0.2002597135048355]","Hoeffding union 95%, untruncated",512,482,0.00020601405412890017,0.0002342641237191856,0.0,0.0,0.21866069920361042,0.17461827211081982,0.19011089019477367,1034,1044,1054
31490,256,0.02912621359223301,0.02912621359223301,0.00027723409092169244,0.02855511136493432,"[-0.40435021744410315, 0.46260264462856915]","Hoeffding union 95%, untruncated",109,103,0.00024729251163080335,0.0002839317894540727,0.0,0.0,0.05646461620926857,0.04346402548253536,0.06210174411535263,266,276,286
31490,1024,0.008012820512820512,0.008012820512820512,1.2758611910513381e-05,0.00796137383216035,"[-0.3538431641572909, 0.36986880518293186]","Hoeffding union 95%, untruncated",37,624,0.00019239616813138127,0.00021660263882949948,0.0,0.015625,0.14237342588603497,0.13736720196902752,0.15200264379382133,1034,1044,1054
31571,256,0.11949685534591195,0.11949685534591195,0.0006659326386604439,0.10588328954701058,"[-0.3769454109955116, 0.6159391216873354]","Hoeffding union 95%, untruncated",32,159,0.00019250306650064886,0.0002173279644921422,0.0,0.14459325396825398,0.04094220884144306,0.041616739705204964,0.055999141186475754,266,276,286
31571,1024,0.13953488372093023,0.13953488372093023,0.00013310964517285664,0.12019800959108955,"[-0.21283497633690943, 0.4919047437787699]","Hoeffding union 95%, untruncated",34,903,0.00020440114894881845,0.00023380291531793773,0.0,0.1644345238095238,0.21815357729792595,0.18105513975024223,0.196558004245162,1034,1044,1054
31652,256,0.0,0.0,0.0,0.0,"[-0.4807983058685593, 0.4807983058685593]","Hoeffding union 95%, untruncated",88,84,0.00022534577874466777,0.00026282010367140174,0.0,0.0,0.04194898530840874,0.039497025310993195,0.056795667856931686,266,276,286
31652,1024,0.0,0.0,0.0,0.0,"[-0.25132070373897586, 0.25132070373897586]","Hoeffding union 95%, untruncated",323,307,0.0002136327384505421,0.0002396235940977931,0.0,0.0,0.14288721978664398,0.09387523867189884,0.10968858748674393,1034,1044,1054
31733,256,0.0,0.0,0.0,0.0,"[-0.5508878864299476, 0.5508878864299476]","Hoeffding union 95%, untruncated",67,64,0.00025726520107127726,0.00029567789169959724,0.0,0.0,0.0363907627761364,0.02881300076842308,0.04823053814470768,266,276,286
31733,1024,0.0,0.0,0.0,0.0,"[-0.25134274728488104, 0.25134274728488104]","Hoeffding union 95%, untruncated",325,306,0.00021308602299541235,0.00024256901815533638,0.0,0.0,0.1437005065381527,0.08810210973024368,0.10410886816680431,1034,1044,1054
31815,256,0.0,0.0,0.0,0.0,"[-0.49248823392130114, 0.49248823392130114]","Hoeffding union 95%, untruncated",84,80,0.00021692758309654891,0.0002548770571593195,0.0,0.0,0.03880765102803707,0.035411788150668144,0.05220217444002628,266,276,286
31815,1024,0.0,0.0,0.0,0.0,"[-0.20620795642549636, 0.20620795642549636]","Hoeffding union 95%, untruncated",482,455,0.00019382662139832973,0.00021948147332295775,0.0,0.0,0.19351374357938766,0.13644056394696236,0.15096344612538815,1034,1044,1054
31896,256,0.0,0.0,0.0,0.0,"[-0.5259077859762096, 0.5259077859762096]","Hoeffding union 95%, untruncated",74,70,0.00024306672275997698,0.00028524736990220845,0.0,0.0,0.03826374001801014,0.03130369074642658,0.05007033050060272,266,276,286
31896,1024,0.0,0.0,0.0,0.0,"[-0.2480373769030132, 0.2480373769030132]","Hoeffding union 95%, untruncated",332,315,0.00021284521790221334,0.00023855757899582386,0.0,0.0,0.14613244496285915,0.10589131899178028,0.12206557393074036,1034,1044,1054
31977,256,0.0,0.0,0.0,0.0,"[-0.46140876336781395, 0.46140876336781395]","Hoeffding union 95%, untruncated",96,91,0.0002237896842416376,0.00026374636217951775,0.0,0.0,0.04564297012984753,0.04830043949186802,0.06565674766898155,266,276,286
31977,1024,0.0,0.0,0.0,0.0,"[-0.23696728967054556, 0.23696728967054556]","Hoeffding union 95%, untruncated",364,345,0.00021423166617751122,0.00024034519447013736,0.0,0.0,0.1611132249236107,0.10724830068647861,0.12310252897441387,1034,1044,1054
32058,256,0.0,0.0,0.0,0.0,"[-0.502862723268414, 0.502862723268414]","Hoeffding union 95%, untruncated",80,77,0.00020842428784817457,0.0002379880752414465,0.0,0.0,0.03523948788642883,0.029342325404286385,0.04510115645825863,266,276,286
32058,1024,0.0,0.0,0.0,0.0,"[-0.25515845712214497, 0.25515845712214497]","Hoeffding union 95%, untruncated",313,298,0.00023384756059385836,0.0002611783565953374,0.0,0.0,0.151383887976408,0.10618901439011097,0.12343834340572357,1034,1044,1054
32139,256,0.0,0.0,0.0,0.0,"[-0.5222561516519671, 0.5222561516519671]","Hoeffding union 95%, untruncated",75,71,0.00022254063514992595,0.0002622432657517493,0.0,0.0,0.035494476556777954,0.03050883300602436,0.04779048636555672,266,276,286
32139,1024,0.0,0.0,0.0,0.0,"[-0.21103115980154122, 0.21103115980154122]","Hoeffding union 95%, untruncated",459,435,0.0002131593064405024,0.0002389547589700669,0.0,0.0,0.2020099014043808,0.1351450476795435,0.15095415525138378,1034,1044,1054
32221,256,0.0,0.0,0.0,0.0,"[-0.5259077859762096, 0.5259077859762096]","Hoeffding union 95%, untruncated",74,70,0.00022677783272229135,0.0002650835376698524,0.0,0.0,0.035576578229665756,0.030493371188640594,0.047968924045562744,266,276,286
32221,1024,0.0,0.0,0.0,0.0,"[-0.2407701466864861, 0.2407701466864861]","Hoeffding union 95%, untruncated",353,334,0.00020042812684550881,0.0002258548338431865,0.0,0.0,0.1463720854371786,0.11162255145609379,0.12654862366616726,1034,1044,1054
32302,256,0.0,0.0,0.0,0.0,"[-0.4934582357043279, 0.4934582357043279]","Hoeffding union 95%, untruncated",83,80,0.0002062008425127715,0.0002352164883632213,0.0,0.0,0.03599257208406925,0.029512356966733932,0.04511495679616928,266,276,286
32302,1024,0.0,0.0,0.0,0.0,"[-0.23663044798777252, 0.23663044798777252]","Hoeffding union 95%, untruncated",365,346,0.00019824353512376547,0.00022329945932142437,0.0,0.0,0.14972403645515442,0.11434911005198956,0.12912044487893581,1034,1044,1054
32383,256,0.0,0.0,0.0,0.0,"[-0.4962279861025797, 0.4962279861025797]","Hoeffding union 95%, untruncated",33,154,0.00022650015307590365,0.0002537764376029372,0.0,0.015625,0.04675744101405144,0.03446174971759319,0.051177168264985085,266,276,286
32383,1024,0.0031545741324921135,0.0031545741324921135,9.951337957388366e-06,0.003154574132492112,"[-0.24387078491036593, 0.25017993317535014]","Hoeffding union 95%, untruncated",336,317,0.00021169480169191957,0.00024115154519677162,0.0,0.0,0.1479236762970686,0.10196690447628498,0.11803704500198364,1034,1044,1054
32464,256,0.0,0.0,0.0,0.0,"[-0.50943966761346, 0.50943966761346]","Hoeffding union 95%, untruncated",78,75,0.00021573418052867055,0.00024212576681748033,0.0,0.0,0.0350915752351284,0.030655015259981155,0.04663258604705334,266,276,286
32464,1024,0.0,0.0,0.0,0.0,"[-0.20445106825674592, 0.20445106825674592]","Hoeffding union 95%, untruncated",490,463,0.0001978931250050664,0.00022340737632475793,0.0,0.0,0.20059505477547646,0.1319326926022768,0.14671877771615982,1034,1044,1054
32545,256,0.0,0.0,0.0,0.0,"[-0.48170255749115076, 0.48170255749115076]","Hoeffding union 95%, untruncated",87,84,0.00019446824444457889,0.0002207225188612938,0.0,0.0,0.03569488786160946,0.0342392697930336,0.04883319325745106,266,276,286
32545,1024,0.0,0.0,0.0,0.0,"[-0.24125732573385145, 0.24125732573385145]","Hoeffding union 95%, untruncated",353,332,0.0002083373547066003,0.00023924524430185556,0.0,0.0,0.15323821268975735,0.1066194660961628,0.12249917723238468,1034,1044,1054
32627,256,0.24509803921568626,0.24509803921568626,0.0018319305979040811,0.18685692098621628,"[-0.3096927976301387, 0.7998888760615113]","Hoeffding union 95%, untruncated",32,102,0.00022372911917045712,0.00026279158191755414,0.0,0.14459325396825398,0.03401653841137886,0.03483045473694801,0.05216750502586365,266,276,286
32627,1024,0.16366612111292964,0.16366612111292964,0.00022439265887340567,0.13710391457165086,"[-0.21377042250447023, 0.5411026647303295]","Hoeffding union 95%, untruncated",33,611,0.0002058326790574938,0.0002312162541784346,0.0,0.1644345238095238,0.14829526841640472,0.11889365129172802,0.1341769378632307,1034,1044,1054
32708,256,0.0,0.0,0.0,0.0,"[-0.38859285409529487, 0.38859285409529487]","Hoeffding union 95%, untruncated",136,128,0.0002143653982784599,0.0002527981996536255,0.0,0.0,0.06174829229712486,0.051372697576880455,0.0680332463234663,266,276,286
32708,1024,0.0,0.0,0.0,0.0,"[-0.22540099482900178, 0.22540099482900178]","Hoeffding union 95%, untruncated",403,381,0.000195351050933823,0.00022080072085373104,0.0,0.0,0.16308480128645897,0.11925796419382095,0.13384941779077053,1034,1044,1054
32789,256,0.0,0.0,0.0,0.0,"[-0.4965341780597572, 0.4965341780597572]","Hoeffding union 95%, untruncated",82,79,0.00019488701946102083,0.00022044780780561268,0.0,0.0,0.0335139948874712,0.02757466398179531,0.042160503566265106,266,276,286
32789,1024,0.0,0.0,0.0,0.0,"[-0.24688415241333084, 0.24688415241333084]","Hoeffding union 95%, untruncated",335,318,0.0002018969098571688,0.00022732533398084342,0.0,0.0,0.1401483118534088,0.10432838089764118,0.11934996396303177,1034,1044,1054
32870,256,0.0,0.0,0.0,0.0,"[-0.4965341780597572, 0.4965341780597572]","Hoeffding union 95%, untruncated",82,79,0.00019962937221862376,0.000225398427573964,0.0,0.0,0.03439863212406635,0.02868492156267166,0.04356994293630123,266,276,286
32870,1024,0.0,0.0,0.0,0.0,"[-0.2425603617347169, 0.2425603617347169]","Hoeffding union 95%, untruncated",348,329,0.00019704853184521198,0.0002224958734586835,0.0,0.0,0.1418920736759901,0.10353170707821846,0.11825705878436565,1034,1044,1054
32952,256,0.0,0.0,0.0,0.0,"[-0.5050750127345102, 0.5050750127345102]","Hoeffding union 95%, untruncated",80,76,0.00022333042579703033,0.00026213080855086446,0.0,0.0,0.03799631632864475,0.0339824166148901,0.051308419555425644,266,276,286
32952,1024,0.0,0.0,0.0,0.0,"[-0.2714840009231736, 0.2714840009231736]","Hoeffding union 95%, untruncated",277,263,0.00024339108495041728,0.0002724154619500041,0.0,0.0,0.13939364440739155,0.08256338723003864,0.10114458575844765,1034,1044,1054
33033,256,0.6095238095238096,0.6095238095238096,0.002288505145648003,0.2402930402930403,"[0.05895081418528603, 1.160096804862333]","Hoeffding union 95%, untruncated",32,105,0.00023616431280970573,0.00027587817749008536,0.0,0.22916666666666666,0.03678777813911438,0.03451746143400669,0.052676478400826454,266,276,286
33033,1024,0.6957236842105263,0.6957236842105263,0.0003487516300478718,0.21204099106910604,"[0.3179920299704746, 1.073455338450578]","Hoeffding union 95%, untruncated",33,608,0.00021705366089008749,0.00024404388386756182,0.0,0.23809523809523808,0.15563328005373478,0.15164783969521523,0.16774834506213665,1034,1044,1054
33114,256,0.0,0.0,0.0,0.0,"[-0.5359215731557023, 0.5359215731557023]","Hoeffding union 95%, untruncated",70,68,0.0002268967218697071,0.00026475166669115424,0.0,0.0,0.03412354923784733,0.029844779521226883,0.047293541952967644,266,276,286
33114,1024,0.0,0.0,0.0,0.0,"[-0.23431212594790268, 0.23431212594790268]","Hoeffding union 95%, untruncated",372,353,0.00020502798724919558,0.0002304098743479699,0.0,0.0,0.15781044401228428,0.10319692268967628,0.11841126903891563,1034,1044,1054
33195,256,0.06086956521739131,0.06086956521739131,0.000501442642523132,0.05766590389016017,"[-0.47685663357794683, 0.5985957640127294]","Hoeffding union 95%, untruncated",32,115,0.00020982176647521555,0.0002485838485881686,0.0,0.08630952380952381,0.035384347662329674,0.03568756952881813,0.05208439566195011,266,276,286
33195,1024,0.06313993174061433,0.06313993174061433,0.0001011167192485554,0.05925439747965346,"[-0.31682465635675944, 0.4431045198379881]","Hoeffding union 95%, untruncated",33,586,0.0002068719477392733,0.00023232059902511537,0.0,0.09895833333333333,0.14327949285507202,0.12140200845897198,0.13675304874777794,1034,1044,1054
33276,256,0.0,0.0,0.0,0.0,"[-0.47889263915125424, 0.47889263915125424]","Hoeffding union 95%, untruncated",88,85,0.0001943321549333632,0.00022131673176772892,0.0,0.0,0.03604262322187424,0.03213476575911045,0.04729669168591499,266,276,286
33276,1024,0.0,0.0,0.0,0.0,"[-0.2627845098052537, 0.2627845098052537]","Hoeffding union 95%, untruncated",295,281,0.0002490989281795919,0.0002780546201393008,0.0,0.0,0.15181448310613632,0.08600687235593796,0.10443146154284477,1034,1044,1054
33358,256,0.0,0.0,0.0,0.0,"[-0.4934582357043279, 0.4934582357043279]","Hoeffding union 95%, untruncated",83,80,0.00020218882127664983,0.0002281727793160826,0.0,0.0,0.03509346768260002,0.02886471152305603,0.04393492825329304,266,276,286
33358,1024,0.0,0.0,0.0,0.0,"[-0.27196955701754805, 0.27196955701754805]","Hoeffding union 95%, untruncated",274,263,0.0002626566856633872,0.00028881439357064664,0.0,0.0,0.1482214778661728,0.08811421692371368,0.10707332007586956,1034,1044,1054
33439,256,0.0,0.0,0.0,0.0,"[-0.49043877527375485, 0.49043877527375485]","Hoeffding union 95%, untruncated",84,81,0.00023463848629035056,0.0002606770140118897,0.0,0.0,0.041125666350126266,0.032582927495241165,0.04976226016879082,266,276,286
33439,1024,0.0,0.0,0.0,0.0,"[-0.2496004675568802, 0.2496004675568802]","Hoeffding union 95%, untruncated",328,311,0.0002066577144432813,0.0002320466737728566,0.0,0.0,0.1402585506439209,0.09612168185412884,0.11147621087729931,1034,1044,1054
33520,256,0.014285714285714285,0.014285714285714285,0.00020408163265306126,0.014285714285714289,"[-0.5116220716904953, 0.5401935002619238]","Hoeffding union 95%, untruncated",74,70,0.0002177333808504045,0.00026359703042544425,0.0,0.0,0.03500035218894482,0.03133190795779228,0.04878019168972969,266,276,286
33520,1024,0.0,0.0,0.0,0.0,"[-0.24537126208141147, 0.24537126208141147]","Hoeffding union 95%, untruncated",339,322,0.00021520638256333768,0.0002407142601441592,0.0,0.0,0.15054075233638287,0.10227877646684647,0.11817201599478722,1034,1044,1054
33601,256,0.6986301369863014,0.6986301369863014,0.0029242509539000442,0.21347031963470323,"[0.09047370748165007, 1.3067865664909526]","Hoeffding union 95%, untruncated",32,73,0.00032068241853266954,0.00035954799386672676,0.0,0.2418154761904762,0.036773137748241425,0.03112703748047352,0.05467556416988373,266,276,286
33601,1024,0.6407942238267148,0.6407942238267148,0.00041623324871072867,0.23059321978574368,"[0.25734727179879, 1.0242411758546397]","Hoeffding union 95%, untruncated",33,554,0.00021280720829963684,0.0002381164813414216,0.0,0.23387896825396826,0.13915981352329254,0.12856288999319077,0.14426695927977562,1034,1044,1054
33682,256,0.0,0.0,0.0,0.0,"[-0.4934582357043279, 0.4934582357043279]","Hoeffding union 95%, untruncated",83,80,0.00020452361786738038,0.00023353099822998047,0.0,0.0,0.03575393185019493,0.031377699226140976,0.046804897487163544,266,276,286
33682,1024,0.0,0.0,0.0,0.0,"[-0.2576417480886264, 0.2576417480886264]","Hoeffding union 95%, untruncated",312,290,0.0002234579878859222,0.00026168403564952314,0.0,0.0,0.14584190025925636,0.10442406125366688,0.121675631031394,1034,1044,1054
33764,256,0.015267175572519083,0.015267175572519083,0.00011564683786582277,0.015149735760422783,"[-0.5050515642015525, 0.5355859153465907]","Hoeffding union 95%, untruncated",32,131,0.00019358651479706168,0.0002191348175983876,0.0,0.04538690476190476,0.035182856023311615,0.03171629086136818,0.046209242194890976,266,276,286
33764,1024,0.0234375,0.0234375,3.581875366784038e-05,0.02292400234741784,"[-0.34378383346594965, 0.39065883346594965]","Hoeffding union 95%, untruncated",35,640,0.00020493753254413605,0.00023060161038301885,0.0,0.030753968253968252,0.15495929308235645,0.13801286928355694,0.15329205244779587,1034,1044,1054
33845,256,0.0,0.0,0.0,0.0,"[-0.4605105874202441, 0.4605105874202441]","Hoeffding union 95%, untruncated",95,92,0.0001937503693625331,0.0002197914000134915,0.0,0.0,0.038837771862745285,0.035155246034264565,0.049704745411872864,266,276,286
33845,1024,0.0,0.0,0.0,0.0,"[-0.2612708659035102, 0.2612708659035102]","Hoeffding union 95%, untruncated",299,284,0.0002241043548565358,0.00025163969257846475,0.0,0.0,0.13887324184179306,0.08880319260060787,0.105516467243433,1034,1044,1054
33926,256,0.0,0.0,0.0,0.0,"[-0.4501667456040168, 0.4501667456040168]","Hoeffding union 95%, untruncated",100,96,0.00019544604583643377,0.0002215577696915716,0.0,0.0,0.04093114659190178,0.03268427960574627,0.047367582097649574,266,276,286
33926,1024,0.0,0.0,0.0,0.0,"[-0.253903607660217, 0.253903607660217]","Hoeffding union 95%, untruncated",316,301,0.0002233021950814873,0.0002492514904588461,0.0,0.0,0.1456527393311262,0.08834520913660526,0.10480065271258354,1034,1044,1054
34007,256,0.0,0.0,0.0,0.0,"[-0.47613133989551526, 0.47613133989551526]","Hoeffding union 95%, untruncated",89,86,0.00019485419034026563,0.00022124176030047238,0.0,0.0,0.03655661642551422,0.03412042744457722,0.048760782927274704,266,276,286
34007,1024,0.0,0.0,0.0,0.0,"[-0.2797623123385331, 0.2797623123385331]","Hoeffding union 95%, untruncated",258,249,0.00029071062454022467,0.00031462288461625576,0.0,0.0,0.1537737362086773,0.07701221667230129,0.0977140050381422,1034,1044,1054
34089,256,0.0,0.0,0.0,0.0,"[-0.4771295601683604, 0.4771295601683604]","Hoeffding union 95%, untruncated",90,85,0.0002110899076797068,0.00024996924912557006,0.0,0.0,0.04037193022668362,0.03731878101825714,0.053829578682780266,266,276,286
34089,1024,0.003076923076923077,0.003076923076923077,9.46745562130177e-06,0.003076923076923075,"[-0.2409447433341796, 0.24709858948802577]","Hoeffding union 95%, untruncated",344,325,0.0001970794692169875,0.0002229041128885001,0.0,0.0,0.14040745049715042,0.1085096001625061,0.12333542481064796,1034,1044,1054
34170,256,0.0,0.0,0.0,0.0,"[-0.5117416411463422, 0.5117416411463422]","Hoeffding union 95%, untruncated",78,74,0.00024898472474887967,0.00028880033642053604,0.0,0.0,0.04110271483659744,0.0337747260928154,0.05275427922606468,266,276,286
34170,1024,0.0,0.0,0.0,0.0,"[-0.24242713301690605, 0.24242713301690605]","Hoeffding union 95%, untruncated",347,330,0.00021286978153511882,0.00023870528093539178,0.0,0.0,0.15282106958329678,0.09783630259335041,0.11358274333178997,1034,1044,1054
34251,256,0.0,0.0,0.0,0.0,"[-0.4734172732931692, 0.4734172732931692]","Hoeffding union 95%, untruncated",90,87,0.00019903870997950435,0.00022459623869508505,0.0,0.0,0.03761379234492779,0.03152539022266865,0.04636950604617596,266,276,286
34251,1024,0.0,0.0,0.0,0.0,"[-0.24292322380771073, 0.24292322380771073]","Hoeffding union 95%, untruncated",347,328,0.00020478424266912043,0.00023046749993227422,0.0,0.0,0.14688492752611637,0.0964106135070324,0.11163327284157276,1034,1044,1054
34332,256,0.0,0.0,0.0,0.0,"[-0.502862723268414, 0.502862723268414]","Hoeffding union 95%, untruncated",80,77,0.0002045414294116199,0.00023054349003359675,0.0,0.0,0.034483520314097404,0.03150263987481594,0.046740809455513954,266,276,286
34332,1024,0.0,0.0,0.0,0.0,"[-0.25132070373897586, 0.25132070373897586]","Hoeffding union 95%, untruncated",323,307,0.00021784822456538677,0.00024347944417968392,0.0,0.0,0.14538712613284588,0.09118890762329102,0.10724245011806488,1034,1044,1054
34413,256,0.0,0.0,0.0,0.0,"[-0.441187693848757, 0.441187693848757]","Hoeffding union 95%, untruncated",104,100,0.0002216366701759398,0.0002478748210705817,0.0,0.0,0.047873783856630325,0.038508011028170586,0.05483841150999069,266,276,286
34413,1024,0.0,0.0,0.0,0.0,"[-0.23519311186784303, 0.23519311186784303]","Hoeffding union 95%, untruncated",370,350,0.00020899862283840775,0.0002349801652599126,0.0,0.0,0.1598055362701416,0.11522277630865574,0.13075158558785915,1034,1044,1054
34495,256,0.0,0.0,0.0,0.0,"[-0.502862723268414, 0.502862723268414]","Hoeffding union 95%, untruncated",80,77,0.00020360093913041055,0.00022966129472479224,0.0,0.0,0.03420812077820301,0.034772202372550964,0.049946896731853485,266,276,286
34495,1024,0.0,0.0,0.0,0.0,"[-0.24099428221529362, 0.24099428221529362]","Hoeffding union 95%, untruncated",351,334,0.0002165519690606743,0.00024191633565351367,0.0,0.0,0.15699630975723267,0.11197289265692234,0.12791835516691208,1034,1044,1054
34576,256,0.0,0.0,0.0,0.0,"[-0.46729363124417655, 0.46729363124417655]","Hoeffding union 95%, untruncated",93,89,0.00018674001330509782,0.00021275054314173758,0.0,0.0,0.036654045805335045,0.03444441966712475,0.0490639042109251,266,276,286
34576,1024,0.0,0.0,0.0,0.0,"[-0.24955762217279015, 0.24955762217279015]","Hoeffding union 95%, untruncated",335,308,0.00019413011614233255,0.00023245971533469856,0.0,0.0,0.13686963729560375,0.08595616929233074,0.10133211687207222,1034,1044,1054
34657,256,0.1864406779661017,0.1864406779661017,0.0012964149706465135,0.1529769665362886,"[-0.3477536901312203, 0.7206350460634237]","Hoeffding union 95%, untruncated",32,118,0.00022011063992977142,0.0002461050171405077,0.0,0.15476190476190477,0.03634589537978172,0.028302978724241257,0.044576121494174004,266,276,286
34657,1024,0.125,0.125,0.00018760720411663807,0.10956260720411663,"[-0.2513562567960284, 0.5013562567960284]","Hoeffding union 95%, untruncated",34,584,0.00019124397658742964,0.0002327542460989207,0.0,0.08630952380952381,0.14267032779753208,0.11488657630980015,0.13035322539508343,1034,1044,1054
34738,256,0.0,0.0,0.0,0.0,"[-0.48273830943461293, 0.48273830943461293]","Hoeffding union 95%, untruncated",88,83,0.0001947010459844023,0.0002340212813578546,0.0,0.0,0.03658904694020748,0.031464140862226486,0.04693155735731125,266,276,286
34738,1024,0.016835016835016835,0.016835016835016835,5.591756433507273e-05,0.016607516607516602,"[-0.23705276988602422, 0.2707228035560579]","Hoeffding union 95%, untruncated",325,297,0.0001955715415533632,0.00023809054982848465,0.0,0.0,0.13451605290174484,0.0756171103566885,0.09134081937372684,1034,1044,1054
34819,256,0.0,0.0,0.0,0.0,"[-0.46392112779861316, 0.46392112779861316]","Hoeffding union 95%, untruncated",95,90,0.00019098728080280125,0.00022887185332365334,0.0,0.0,0.03897947259247303,0.03287979029119015,0.04801873490214348,266,276,286
34819,1024,0.0,0.0,0.0,0.0,"[-0.25047254883265285, 0.25047254883265285]","Hoeffding union 95%, untruncated",332,306,0.000192398700164631,0.00022985335090197623,0.0,0.0,0.13444397039711475,0.08871974050998688,0.10394786857068539,1034,1044,1054
34901,256,0.0,0.0,0.0,0.0,"[-0.44560936230350434, 0.44560936230350434]","Hoeffding union 95%, untruncated",102,98,0.00019533434533514082,0.0002216084103565663,0.0,0.0,0.04184909537434578,0.03552335873246193,0.05018631927669048,266,276,286
34901,1024,0.0,0.0,0.0,0.0,"[-0.25987431884557577, 0.25987431884557577]","Hoeffding union 95%, untruncated",309,284,0.00020561189739964902,0.00024809548631310463,0.0,0.0,0.13423693925142288,0.07553909532725811,0.092100465670228,1034,1044,1054
34982,256,0.0,0.0,0.0,0.0,"[-0.47889263915125424, 0.47889263915125424]","Hoeffding union 95%, untruncated",88,85,0.0002267977688461542,0.00025083543732762337,0.0,0.0,0.041451919823884964,0.02992136776447296,0.04644842632114887,266,276,286
34982,1024,0.0,0.0,0.0,0.0,"[-0.24376961063175412, 0.24376961063175412]","Hoeffding union 95%, untruncated",344,326,0.0001947794808074832,0.0002203031035605818,0.0,0.0,0.13906367495656013,0.08325208351016045,0.0978324431926012,1034,1044,1054
35063,256,0.022556390977443608,0.022556390977443608,0.00016702727426906299,0.022214627477785378,"[-0.4958102257618772, 0.5409230077167644]","Hoeffding union 95%, untruncated",32,133,0.00019723220611922443,0.00022297364193946123,0.0,0.015625,0.03624667413532734,0.02835569530725479,0.04310154356062412,266,276,286
35063,1024,0.024096385542168676,0.024096385542168676,4.731539184300169e-05,0.02356306513781484,"[-0.35526415253586885, 0.40345692362020624]","Hoeffding union 95%, untruncated",36,498,0.00021979250595904887,0.00025766229373402894,0.0,0.015625,0.13639602437615395,0.0809305477887392,0.09792476519942284,1034,1044,1054
35144,256,0.0,0.0,0.0,0.0,"[-0.48273830943461293, 0.48273830943461293]","Hoeffding union 95%, untruncated",88,83,0.00018810678739100695,0.00022809879737906158,0.0,0.0,0.035531120374798775,0.03005976788699627,0.04514271579682827,266,276,286
35144,1024,0.0,0.0,0.0,0.0,"[-0.24244660191423445, 0.24244660191423445]","Hoeffding union 95%, untruncated",349,329,0.00019123120000585914,0.00021671154536306858,0.0,0.0,0.1382494866847992,0.08303210139274597,0.09737079031765461,1034,1044,1054
35225,256,0.3684210526315789,0.3684210526315789,0.0017627801561319568,0.23444976076555024,"[-0.1499455641077419, 0.8867876693708998]","Hoeffding union 95%, untruncated",32,133,0.00018832017667591572,0.00022806783090345562,0.0,0.2418154761904762,0.03660118766129017,0.0310639850795269,0.04615805298089981,266,276,286
35225,1024,0.3965183752417795,0.3965183752417795,0.00046374332042131553,0.23975529665782014,"[0.008648502422010707, 0.7843882480615483]","Hoeffding union 95%, untruncated",33,517,0.00020911317551508546,0.00025088866823352873,0.0,0.24776785714285715,0.13673210330307484,0.10237232781946659,0.11897179111838341,1034,1044,1054
35307,256,0.056451612903225805,0.056451612903225805,0.00043304738458414767,0.05369787568843431,"[-0.47106758095950213, 0.5839708067659537]","Hoeffding union 95%, untruncated",32,124,0.00021309504518285394,0.0002524105948396027,0.0,0.1111111111111111,0.03829051926732063,0.03011108934879303,0.046766357496380806,266,276,286
35307,1024,0.0784313725490196,0.0784313725490196,0.0001290712363376723,0.07240896358543417,"[-0.30041085865277356, 0.4572736037508128]","Hoeffding union 95%, untruncated",34,561,0.000194777938304469,0.00023393493029288948,0.0,0.05952380952380952,0.13810781575739384,0.11268159933388233,0.1281479448080063,1034,1044,1054
35388,256,0.0,0.0,0.0,0.0,"[-0.47171200310398465, 0.47171200310398465]","Hoeffding union 95%, untruncated",92,87,0.0001881450298242271,0.00022604025434702635,0.0,0.0,0.037174900993704796,0.0315824206918478,0.046539306640625,266,276,286
35388,1024,0.0,0.0,0.0,0.0,"[-0.2508723790910874, 0.2508723790910874]","Hoeffding union 95%, untruncated",331,305,0.00019150899606756866,0.00022991752484813333,0.0,0.0,0.13369701616466045,0.08074353449046612,0.09593962132930756,1034,1044,1054
35469,256,0.0,0.0,0.0,0.0,"[-0.488549776433595, 0.488549776433595]","Hoeffding union 95%, untruncated",86,81,0.00019126592087559402,0.0002303349319845438,0.0,0.0,0.035438068211078644,0.030179619789123535,0.045422106981277466,266,276,286
35469,1024,0.0,0.0,0.0,0.0,"[-0.26790710062244194, 0.26790710062244194]","Hoeffding union 95%, untruncated",289,268,0.000224744260776788,0.00026634783716872334,0.0,0.0,0.13644547387957573,0.0733136534690857,0.09091312624514103,1034,1044,1054
35550,256,0.0,0.0,0.0,0.0,"[-0.4865379231234732, 0.4865379231234732]","Hoeffding union 95%, untruncated",86,82,0.00019282774883322418,0.00023312363191507757,0.0,0.0,0.03589119017124176,0.031387828290462494,0.046809908002614975,266,276,286
35550,1024,0.0,0.0,0.0,0.0,"[-0.24684089146090143, 0.24684089146090143]","Hoeffding union 95%, untruncated",342,315,0.0001864996156655252,0.0002238764427602291,0.0,0.0,0.1343281902372837,0.08498549461364746,0.09978281520307064,1034,1044,1054
35632,256,0.5736434108527132,0.5736434108527132,0.0019107550627967072,0.24648740310077522,"[0.05132732400561002, 1.0959594976998164]","Hoeffding union 95%, untruncated",32,129,0.00019175131455995142,0.00023378143669106066,0.0,0.24503968253968253,0.03651988506317139,0.030159790068864822,0.045676639303565025,266,276,286
35632,1024,0.5437956204379562,0.5437956204379562,0.00045353188963520005,0.24853547552008964,"[0.1596619883960741, 0.9279292524798382]","Hoeffding union 95%, untruncated",33,548,0.00019793747924268246,0.00022347393678501248,0.0,0.2537202380952381,0.1291377730667591,0.11259440705180168,0.12793036550283432,1034,1044,1054
35713,256,0.0,0.0,0.0,0.0,"[-0.5655307963300229, 0.5655307963300229]","Hoeffding union 95%, untruncated",63,61,0.0002667071530595422,0.00030911248177289963,0.0,0.0,0.03582033887505531,0.029051857069134712,0.049347756430506706,266,276,286
35713,1024,0.0,0.0,0.0,0.0,"[-0.26579500240655957, 0.26579500240655957]","Hoeffding union 95%, untruncated",292,273,0.00023264079936780035,0.0002702549973037094,0.0,0.0,0.1419838946312666,0.0964456032961607,0.11428103223443031,1034,1044,1054
35794,256,0.05952380952380952,0.05952380952380952,0.0006744665737781056,0.05665519219736087,"[-0.4212744963447498, 0.5403221153923689]","Hoeffding union 95%, untruncated",88,84,0.00020072824554517865,0.00022666362929157913,0.0,0.0,0.03693968802690506,0.029072843492031097,0.044064247980713844,266,276,286
35794,1024,0.0762987012987013,0.0762987012987013,0.00011459708858346809,0.07059180656741634,"[-0.29683323134539824, 0.44943063394280086]","Hoeffding union 95%, untruncated",34,616,0.00020311502157710493,0.00022839204757474363,0.0,0.04538690476190476,0.14796947687864304,0.12315217219293118,0.13825270906090736,1034,1044,1054
35875,256,0.0,0.0,0.0,0.0,"[-0.47171200310398465, 0.47171200310398465]","Hoeffding union 95%, untruncated",92,87,0.00019838419393636286,0.00023581524146720767,0.0,0.0,0.03909793496131897,0.03543112799525261,0.05100099556148052,266,276,286
35875,1024,0.0,0.0,0.0,0.0,"[-0.25566076979191205, 0.25566076979191205]","Hoeffding union 95%, untruncated",318,294,0.00020359945483505726,0.0002434451598674059,0.0,0.0,0.13660034351050854,0.08042956329882145,0.09650051593780518,1034,1044,1054
35956,256,0.0,0.0,0.0,0.0,"[-0.47626989777305023, 0.47626989777305023]","Hoeffding union 95%, untruncated",91,85,0.00019111507572233677,0.00023096188670024276,0.0,0.0,0.03719172812998295,0.030840635299682617,0.04681888781487942,266,276,286
35956,1024,0.0,0.0,0.0,0.0,"[-0.25566076979191205, 0.25566076979191205]","Hoeffding union 95%, untruncated",318,294,0.0001928315032273531,0.00023062879336066544,0.0,0.0,0.1292621660977602,0.08395013585686684,0.09918712452054024,1034,1044,1054
36038,256,0.0,0.0,0.0,0.0,"[-0.4479951748136064, 0.4479951748136064]","Hoeffding union 95%, untruncated",103,96,0.0001879319315776229,0.00022720950073562562,0.0,0.0,0.04145427234470844,0.035538818687200546,0.0506101343780756,266,276,286
36038,1024,0.0,0.0,0.0,0.0,"[-0.24916401202932456, 0.24916401202932456]","Hoeffding union 95%, untruncated",336,309,0.0001910568680614233,0.00023049605078995228,0.0,0.0,0.13556192070245743,0.08286498859524727,0.09810040891170502,1034,1044,1054
36119,256,0.0,0.0,0.0,0.0,"[-0.479909337575835, 0.479909337575835]","Hoeffding union 95%, untruncated",89,84,0.000191838713362813,0.00023027299903333187,0.0,0.0,0.036488885059952736,0.03056943230330944,0.04579233005642891,266,276,286
36119,1024,0.0033333333333333335,0.0033333333333333335,1.111111111111111e-05,0.003333333333333333,"[-0.25059216756809305, 0.25725883423475976]","Hoeffding union 95%, untruncated",318,300,0.0002021022082772106,0.0002311146236024797,0.0,0.0,0.13387644663453102,0.0783226452767849,0.09364939667284489,1034,1044,1054
36200,256,0.0,0.0,0.0,0.0,"[-0.5162817036568326, 0.5162817036568326]","Hoeffding union 95%, untruncated",76,73,0.00022999304928816855,0.00026860766229219735,0.0,0.0,0.0371867511421442,0.026929859071969986,0.04465560056269169,266,276,286
36200,1024,0.0,0.0,0.0,0.0,"[-0.24772633281014356, 0.24772633281014356]","Hoeffding union 95%, untruncated",339,313,0.00018733751494437456,0.00022483934299089015,0.0,0.0,0.13405128754675388,0.08390732668340206,0.09878487326204777,1034,1044,1054
36281,256,0.0,0.0,0.0,0.0,"[-0.4572729394076524, 0.4572729394076524]","Hoeffding union 95%, untruncated",97,93,0.00018789817113429308,0.00021468321210704744,0.0,0.0,0.03849058039486408,0.03410445712506771,0.0483197346329689,266,276,286
36281,1024,0.0,0.0,0.0,0.0,"[-0.24749022710508367, 0.24749022710508367]","Hoeffding union 95%, untruncated",341,313,0.00018962743342854083,0.00022927677491679788,0.0,0.0,0.1367601566016674,0.08155835047364235,0.09671492502093315,1034,1044,1054
36362,256,0.0,0.0,0.0,0.0,"[-0.4955464860046669, 0.4955464860046669]","Hoeffding union 95%, untruncated",83,79,0.0001961199741344899,0.00023374884040094912,0.0,0.0,0.03488997370004654,0.028485378250479698,0.04393644817173481,266,276,286
36362,1024,0.0,0.0,0.0,0.0,"[-0.25007462688425186, 0.25007462688425186]","Hoeffding union 95%, untruncated",333,307,0.00019209779566153884,0.00022966653341427445,0.0,0.0,0.13481347262859344,0.08756350167095661,0.10275089740753174,1034,1044,1054
36444,256,0.0,0.0,0.0,0.0,"[-0.5330468757031647, 0.5330468757031647]","Hoeffding union 95%, untruncated",32,119,0.00022695990628562868,0.0002678742166608572,0.0,0.015625,0.0395643375813961,0.03110482729971409,0.048941852524876595,266,276,286
36444,1024,0.0,0.0,0.0,0.0,"[-0.2696909464230447, 0.2696909464230447]","Hoeffding union 95%, untruncated",284,265,0.00022717623505741358,0.00026504884590394795,0.0,0.0,0.13496213406324387,0.07350294478237629,0.09094779565930367,1034,1044,1054
36525,256,0.0,0.0,0.0,0.0,"[-0.5050750127345102, 0.5050750127345102]","Hoeffding union 95%, untruncated",80,76,0.00021137928706593812,0.00024990891688503325,0.0,0.0,0.03601553291082382,0.030246609821915627,0.04680483788251877,266,276,286
36525,1024,0.0,0.0,0.0,0.0,"[-0.27497455368618606, 0.27497455368618606]","Hoeffding union 95%, untruncated",273,255,0.00024026251048780978,0.00027976141427643597,0.0,0.0,0.13736243918538094,0.07206331379711628,0.09053837135434151,1034,1044,1054
36606,256,0.0,0.0,0.0,0.0,"[-0.4965341780597572, 0.4965341780597572]","Hoeffding union 95%, untruncated",82,79,0.00020742317428812385,0.000233856204431504,0.0,0.0,0.03591233119368553,0.02846982702612877,0.04390110820531845,266,276,286
36606,1024,0.0,0.0,0.0,0.0,"[-0.25139787295335025, 0.25139787295335025]","Hoeffding union 95%, untruncated",329,304,0.00019737932598218322,0.00023520924150943756,0.0,0.0,0.1368627194315195,0.07978775165975094,0.09532089717686176,1034,1044,1054
36687,256,0.0,0.0,0.0,0.0,"[-0.49043877527375485, 0.49043877527375485]","Hoeffding union 95%, untruncated",84,81,0.000231072714086622,0.00026877372874878347,0.0,0.0,0.04140055924654007,0.029497046023607254,0.04719486087560654,266,276,286
36687,1024,0.0,0.0,0.0,0.0,"[-0.26870090332527835, 0.26870090332527835]","Hoeffding union 95%, untruncated",286,267,0.00022635143250226974,0.0002647165092639625,0.0,0.0,0.13572329841554165,0.07389381527900696,0.09130161814391613,1034,1044,1054
36769,256,0.4503311258278146,0.4503311258278146,0.0016502200195897838,0.24918322295805737,"[-0.052250114220652455, 0.9529123658762817]","Hoeffding union 95%, untruncated",32,151,0.00019542776863090694,0.0002354509779252112,0.0,0.25,0.042007312178611755,0.03387411870062351,0.04946077615022659,266,276,286
36769,1024,0.4250936329588015,0.4250936329588015,0.0004585160153408802,0.24484755219203003,"[0.03931297628921476, 0.8108742896283883]","Hoeffding union 95%, untruncated",33,534,0.0001958027423825115,0.00023677456192672253,0.0,0.25,0.1330864131450653,0.1091122217476368,0.12477630190551281,1034,1044,1054
36850,256,0.0,0.0,0.0,0.0,"[-0.48273830943461293, 0.48273830943461293]","Hoeffding union 95%, untruncated",88,83,0.00018494174582883716,0.00022243030252866447,0.0,0.0,0.035035185515880585,0.03176513500511646,0.046471064910292625,266,276,286
36850,1024,0.0,0.0,0.0,0.0,"[-0.2576749461926957, 0.2576749461926957]","Hoeffding union 95%, untruncated",314,289,0.00020581984426826239,0.00024629844119772315,0.0,0.0,0.1360349114984274,0.07906245067715645,0.09528397582471371,1034,1044,1054
36931,256,0.017543859649122806,0.017543859649122806,0.00015253161626313882,0.017388604253997825,"[-0.5213904852416773, 0.5564782045399228]","Hoeffding union 95%, untruncated",32,114,0.00022113887825980783,0.0002592972887214273,0.0,0.015625,0.036808665841817856,0.033733926713466644,0.050824666395783424,266,276,286
36931,1024,0.029310344827586206,0.029310344827586206,4.9138598469212775e-05,0.02850038711214341,"[-0.34031536920822975, 0.39893605886340217]","Hoeffding union 95%, untruncated",36,580,0.00018839194672182202,0.00022538797929883003,0.0,0.015625,0.13771963492035866,0.11535823903977871,0.13025442138314247,1034,1044,1054
37012,256,0.0,0.0,0.0,0.0,"[-0.5140907549749325, 0.5140907549749325]","Hoeffding union 95%, untruncated",78,73,0.0001906123070511967,0.00023424401297234,0.0,0.0,0.03230709582567215,0.027283651754260063,0.042753927409648895,266,276,286
37012,1024,0.0,0.0,0.0,0.0,"[-0.25047254883265285, 0.25047254883265285]","Hoeffding union 95%, untruncated",332,306,0.00019549313583411276,0.00023360777413472533,0.0,0.0,0.13666672632098198,0.08008338138461113,0.09606772102415562,1034,1044,1054
37093,256,0.0,0.0,0.0,0.0,"[-0.479909337575835, 0.479909337575835]","Hoeffding union 95%, untruncated",89,84,0.00018865085439756513,0.0002263817295897752,0.0,0.0,0.03598238341510296,0.03278600797057152,0.04777633398771286,266,276,286
37093,1024,0.0,0.0,0.0,0.0,"[-0.25139787295335025, 0.25139787295335025]","Hoeffding union 95%, untruncated",329,304,0.00019727283506654203,0.0002348843845538795,0.0,0.0,0.13656826689839363,0.08719896897673607,0.10272904857993126,1034,1044,1054
37175,256,0.0,0.0,0.0,0.0,"[-0.4780036708585298, 0.4780036708585298]","Hoeffding union 95%, untruncated",89,85,0.00019115029135718942,0.00021685395040549338,0.0,0.0,0.035565098747611046,0.03282419964671135,0.047195570543408394,266,276,286
37175,1024,0.0,0.0,0.0,0.0,"[-0.24233332998474943, 0.24233332998474943]","Hoeffding union 95%, untruncated",350,329,0.00019978266209363937,0.00022861355682834983,0.0,0.0,0.1453908383846283,0.10546798817813396,0.12062938325107098,1034,1044,1054
37256,256,0.07051282051282051,0.07051282051282051,0.0004228436300396598,0.06596360628618693,"[-0.42817615856404223, 0.5692017995896833]","Hoeffding union 95%, untruncated",32,156,0.00019283962319605052,0.00023098880774341524,0.0,0.07316468253968254,0.042533157393336296,0.03272516839206219,0.04799078777432442,266,276,286
37256,1024,0.04316546762589928,0.04316546762589928,9.928415872725174e-05,0.041401494189263977,"[-0.3594776455145639, 0.4458085807663625]","Hoeffding union 95%, untruncated",33,417,0.00026027890271507204,0.00031640997622162104,0.0,0.05952380952380952,0.14074910432100296,0.06630032509565353,0.08709180913865566,1034,1044,1054
37337,256,0.4027777777777778,0.4027777777777778,0.0016821527238193902,0.2422299922299922,"[-0.10558955503105372, 0.9111451105866093]","Hoeffding union 95%, untruncated",32,144,0.00019437496666796505,0.00022052379790693521,0.0,0.24776785714285715,0.038108356297016144,0.03344022482633591,0.04867862910032272,266,276,286
37337,1024,0.41354723707664887,0.41354723707664887,0.0004330819996123551,0.24295900178253121,"[0.030887446720615663, 0.796207027432682]","Hoeffding union 95%, untruncated",33,561,0.00019435543799772859,0.00023179443087428808,0.0,0.25,0.13669275678694248,0.10819257609546185,0.12351972423493862,1034,1044,1054
37418,256,0.0,0.0,0.0,0.0,"[-0.5117416411463422, 0.5117416411463422]","Hoeffding union 95%, untruncated",78,74,0.00020027908612973988,0.00023882961249910295,0.0,0.0,0.033522794023156166,0.029798271134495735,0.045568929985165596,266,276,286
37418,1024,0.0,0.0,0.0,0.0,"[-0.2762393203363568, 0.2762393203363568]","Hoeffding union 95%, untruncated",272,252,0.0002333465963602066,0.0002777966146823019,0.0,0.0,0.13381576538085938,0.0690317153930664,0.08731557242572308,1034,1044,1054
37499,256,0.0,0.0,0.0,0.0,"[-0.48273830943461293, 0.48273830943461293]","Hoeffding union 95%, untruncated",88,83,0.00019183647236786783,0.00023340070038102567,0.0,0.0,0.036530107259750366,0.031313810497522354,0.04676438868045807,266,276,286
37499,1024,0.0,0.0,0.0,0.0,"[-0.2522083490209108, 0.2522083490209108]","Hoeffding union 95%, untruncated",327,302,0.00019613964832387865,0.00023415597388520837,0.0,0.0,0.13508439622819424,0.08265628851950169,0.09815766662359238,1034,1044,1054
37581,256,0.0,0.0,0.0,0.0,"[-0.5050750127345102, 0.5050750127345102]","Hoeffding union 95%, untruncated",80,76,0.00022905456717126071,0.00026717971195466816,0.0,0.0,0.03898507356643677,0.029811089858412743,0.04741351306438446,266,276,286
37581,1024,0.0,0.0,0.0,0.0,"[-0.254397773747042, 0.254397773747042]","Hoeffding union 95%, untruncated",321,297,0.0002034388016909361,0.00024108440265990794,0.0,0.0,0.13713988848030567,0.08066556602716446,0.09659414552152157,1034,1044,1054
37662,256,0.0,0.0,0.0,0.0,"[-0.47171200310398465, 0.47171200310398465]","Hoeffding union 95%, untruncated",92,87,0.00022571143927052617,0.0002663636114448309,0.0,0.0,0.044235710054636,0.032990410923957825,0.050586502999067307,266,276,286
37662,1024,0.0,0.0,0.0,0.0,"[-0.2972687325127228, 0.2972687325127228]","Hoeffding union 95%, untruncated",234,218,0.00027133937692269683,0.00032047045533545315,0.0,0.0,0.13382185623049736,0.06469457224011421,0.0857429001480341,1034,1044,1054
37743,256,0.0,0.0,0.0,0.0,"[-0.5522527064683793, 0.5522527064683793]","Hoeffding union 95%, untruncated",66,64,0.00026659807190299034,0.0003058798029087484,0.0,0.0,0.037640513852238655,0.028544960543513298,0.048621831461787224,266,276,286
37743,1024,0.0,0.0,0.0,0.0,"[-0.253566114816805, 0.253566114816805]","Hoeffding union 95%, untruncated",323,299,0.00020258344011381269,0.0002409785520285368,0.0,0.0,0.13775472529232502,0.08485060557723045,0.10077090561389923,1034,1044,1054
37824,256,0.0,0.0,0.0,0.0,"[-0.44049486766673884, 0.44049486766673884]","Hoeffding union 95%, untruncated",105,100,0.00019692149362526834,0.00022245137370191514,0.0,0.0,0.04315675236284733,0.03485099412500858,0.04956642538309097,266,276,286
37824,1024,0.0,0.0,0.0,0.0,"[-0.25047254883265285, 0.25047254883265285]","Hoeffding union 95%, untruncated",332,306,0.0001988978183362633,0.00023699132725596428,0.0,0.0,0.13876840099692345,0.0795170683413744,0.09519666247069836,1034,1044,1054
37906,256,0.36363636363636365,0.36363636363636365,0.0017664500662418774,0.2331714087439278,"[-0.15570076878310102, 0.8829734960558283]","Hoeffding union 95%, untruncated",32,132,0.00018955947598442435,0.0002273295831400901,0.0,0.21825396825396826,0.03632437624037266,0.031804004684090614,0.04684848710894585,266,276,286
37906,1024,0.31135531135531136,0.31135531135531136,0.00039341868155256605,0.21480660012770106,"[-0.07300972551787677, 0.6957203482284995]","Hoeffding union 95%, untruncated",33,546,0.0001960465160664171,0.00023448927095159888,0.0,0.23809523809523808,0.13458672165870667,0.10940668731927872,0.12490300461649895,1034,1044,1054
37987,256,0.0,0.0,0.0,0.0,"[-0.4836425610572044, 0.4836425610572044]","Hoeffding union 95%, untruncated",87,83,0.00020504783606156707,0.0002309030678588897,0.0,0.0,0.03722754120826721,0.029830757528543472,0.04510549455881119,266,276,286
37987,1024,0.0,0.0,0.0,0.0,"[-0.2395706049808391, 0.2395706049808391]","Hoeffding union 95%, untruncated",364,334,0.0001957255881279707,0.0002372680464759469,0.0,0.0,0.15059217251837254,0.09745212458074093,0.1131381019949913,1034,1044,1054
38068,256,0.0,0.0,0.0,0.0,"[-0.4836425610572044, 0.4836425610572044]","Hoeffding union 95%, untruncated",87,83,0.000191836355952546,0.00023080973187461495,0.0,0.0,0.0360389519482851,0.030759092420339584,0.04602057486772537,266,276,286
38068,1024,0.0,0.0,0.0,0.0,"[-0.25970244542196325, 0.25970244542196325]","Hoeffding union 95%, untruncated",308,285,0.00020697506261058152,0.00024583705817349255,0.0,0.0,0.1341701876372099,0.07675678841769695,0.0929862093180418,1034,1044,1054
38149,256,0.0,0.0,0.0,0.0,"[-0.4894859419151023, 0.4894859419151023]","Hoeffding union 95%, untruncated",85,81,0.00021323293913155794,0.0002510946651455015,0.0,0.0,0.03850192949175835,0.02976209856569767,0.04633599705994129,266,276,286
38149,1024,0.0,0.0,0.0,0.0,"[-0.2579422522332111, 0.2579422522332111]","Hoeffding union 95%, untruncated",312,289,0.00020441031665541232,0.00024300796212628484,0.0,0.0,0.1343352198600769,0.07816050760447979,0.09422022849321365,1034,1044,1054
38230,256,0.0,0.0,0.0,0.0,"[-0.488549776433595, 0.488549776433595]","Hoeffding union 95%, untruncated",86,81,0.00019628950394690037,0.00023431124282069504,0.0,0.0,0.03610298037528992,0.029682837426662445,0.04515937715768814,266,276,286
38230,1024,0.0,0.0,0.0,0.0,"[-0.2562174142872467, 0.2562174142872467]","Hoeffding union 95%, untruncated",316,293,0.00020142062567174435,0.00023933904594741762,0.0,0.0,0.13389399833977222,0.07709805108606815,0.09314264543354511,1034,1044,1054
38312,256,0.0,0.0,0.0,0.0,"[-0.48747408860498054, 0.48747408860498054]","Hoeffding union 95%, untruncated",85,82,0.0002016957732848823,0.00022807344794273376,0.0,0.0,0.036113353446125984,0.03252867981791496,0.04759982414543629,266,276,286
38312,1024,0.0,0.0,0.0,0.0,"[-0.2412373231134076, 0.2412373231134076]","Hoeffding union 95%, untruncated",351,333,0.0002021428372245282,0.000227816664846614,0.0,0.0,0.14692656695842743,0.10132087022066116,0.11636666394770145,1034,1044,1054
38393,256,0.0,0.0,0.0,0.0,"[-0.46062801905375406, 0.46062801905375406]","Hoeffding union 95%, untruncated",97,91,0.00019245431758463383,0.00023063161643221974,0.0,0.0,0.03982333652675152,0.035345738753676414,0.050596071407198906,266,276,286
38393,1024,0.0,0.0,0.0,0.0,"[-0.2586825843735247, 0.2586825843735247]","Hoeffding union 95%, untruncated",311,287,0.0002022934495471418,0.0002411227615084499,0.0,0.0,0.13241404481232166,0.08390197530388832,0.10046038217842579,1034,1044,1054
38474,256,0.0,0.0,0.0,0.0,"[-0.5151755589237845, 0.5151755589237845]","Hoeffding union 95%, untruncated",77,73,0.00019158574286848307,0.00023004674585536122,0.0,0.0,0.031730892136693,0.0270160473883152,0.042228225618600845,266,276,286
38474,1024,0.0,0.0,0.0,0.0,"[-0.24850172165204548, 0.24850172165204548]","Hoeffding union 95%, untruncated",337,311,0.00019076786702498794,0.00022871207329444587,0.0,0.0,0.13566431775689125,0.08348775468766689,0.09861229918897152,1034,1044,1054
38555,256,0.0,0.0,0.0,0.0,"[-0.488549776433595, 0.488549776433595]","Hoeffding union 95%, untruncated",86,81,0.00019346072804182768,0.00023720975150354207,0.0,0.0,0.03591318055987358,0.028883110731840134,0.044587500393390656,266,276,286
38555,1024,0.0,0.0,0.0,0.0,"[-0.24811311729575852, 0.24811311729575852]","Hoeffding union 95%, untruncated",338,312,0.00019329882343299687,0.000231581594562158,0.0,0.0,0.1378382444381714,0.08966166712343693,0.10498626343905926,1034,1044,1054
38636,256,0.0,0.0,0.0,0.0,"[-0.48471369354479343, 0.48471369354479343]","Hoeffding union 95%, untruncated",88,82,0.0001905833778437227,0.00023067885194905102,0.0,0.0,0.03591259382665157,0.029069941490888596,0.04434990882873535,266,276,286
38636,1024,0.0,0.0,0.0,0.0,"[-0.2739254268561549, 0.2739254268561549]","Hoeffding union 95%, untruncated",275,257,0.0002377420023549348,0.0002755788154900074,0.0,0.0,0.13653542660176754,0.06966241635382175,0.0878027155995369,1034,1044,1054
38718,256,0.0,0.0,0.0,0.0,"[-0.504050283410737, 0.504050283410737]","Hoeffding union 95%, untruncated",81,76,0.00020162895089015365,0.0002551375946495682,0.0,0.0,0.035828543826937675,0.026646463200449944,0.04467141069471836,266,276,286
38718,1024,0.0,0.0,0.0,0.0,"[-0.25871922861900315, 0.25871922861900315]","Hoeffding union 95%, untruncated",313,286,0.00020037032663822174,0.000245563656790182,0.0,0.0,0.13313392363488674,0.07862607017159462,0.09485030360519886,1034,1044,1054
38799,256,0.41739130434782606,0.41739130434782606,0.0021331210824793554,0.24530892448512587,"[-0.12033489444751205, 0.9551175031431642]","Hoeffding union 95%, untruncated",32,115,0.00021627524984069169,0.0002543855516705662,0.0,0.23387896825396826,0.03641721419990063,0.029841458424925804,0.046622008085250854,266,276,286
38799,1024,0.3237704918032787,0.3237704918032787,0.000449575278112406,0.21939273571885412,"[-0.06791216769059655, 0.715453151297154]","Hoeffding union 95%, untruncated",33,488,0.00021725543774664402,0.0002586798509582877,0.0,0.2418154761904762,0.13361065462231636,0.0763462446630001,0.09343442507088184,1034,1044,1054
38880,256,0.0,0.0,0.0,0.0,"[-0.4735519590161613, 0.4735519590161613]","Hoeffding union 95%, untruncated",92,86,0.00018882486619986594,0.00022713214275427163,0.0,0.0,0.03719186969101429,0.031230470165610313,0.04628436453640461,266,276,286
38880,1024,0.0,0.0,0.0,0.0,"[-0.25418776347370037, 0.25418776347370037]","Hoeffding union 95%, untruncated",316,300,0.0002101094287354499,0.00023579091066494584,0.0,0.0,0.137541051954031,0.09909609518945217,0.11466901190578938,1034,1044,1054
38961,256,0.5217391304347826,0.5217391304347826,0.001363537760699123,0.25089094796863864,"[0.04182835229924953, 1.0016499085703157]","Hoeffding union 95%, untruncated",32,184,0.00019101324141956866,0.00021668948465958238,0.0,0.23387896825396826,0.046255843713879585,0.03821856714785099,0.05256306752562523,266,276,286
38961,1024,0.5618556701030928,0.5618556701030928,0.00042370718773854964,0.24659758326383588,"[0.18147154873026872, 0.9422397914759169]","Hoeffding union 95%, untruncated",33,582,0.00018649082630872726,0.00022448005620390177,0.0,0.23809523809523808,0.13704340904951096,0.1161856111139059,0.13103384710848331,1034,1044,1054
39042,256,0.0,0.0,0.0,0.0,"[-0.4856179451673849, 0.4856179451673849]","Hoeffding union 95%, untruncated",87,82,0.00018862271099351346,0.00022651776089332998,0.0,0.0,0.0352871660143137,0.030484981834888458,0.04546609707176685,266,276,286
39042,1024,0.0,0.0,0.0,0.0,"[-0.24865289473312235, 0.24865289473312235]","Hoeffding union 95%, untruncated",338,310,0.00018672927399165928,0.00022510209237225354,0.0,0.0,0.13314334116876125,0.0888080932199955,0.10372923500835896,1034,1044,1054
39124,256,0.0,0.0,0.0,0.0,"[-0.504050283410737, 0.504050283410737]","Hoeffding union 95%, untruncated",81,76,0.00018408079631626606,0.0002314009761903435,0.0,0.0,0.032575108110904694,0.026884587481617928,0.04220711626112461,266,276,286
39124,1024,0.0,0.0,0.0,0.0,"[-0.24967859809356213, 0.24967859809356213]","Hoeffding union 95%, untruncated",334,308,0.00019050209084525704,0.0002276264422107488,0.0,0.0,0.1339956484735012,0.08139126002788544,0.096456253901124,1034,1044,1054
39205,256,0.0,0.0,0.0,0.0,"[-0.4320706479341919, 0.4320706479341919]","Hoeffding union 95%, untruncated",109,104,0.0001938619534485042,0.0002201635215897113,0.0,0.0,0.04424677789211273,0.035641537979245186,0.05020917020738125,266,276,286
39205,1024,0.0,0.0,0.0,0.0,"[-0.25099555788246, 0.25099555788246]","Hoeffding union 95%, untruncated",330,305,0.00019354899995960295,0.0002309874107595533,0.0,0.0,0.13459396176040173,0.08114301785826683,0.09641284495592117,1034,1044,1054
39286,256,0.0,0.0,0.0,0.0,"[-0.4524985259198726, 0.4524985259198726]","Hoeffding union 95%, untruncated",99,95,0.0001833447313401848,0.00020734083955176175,0.0,0.0,0.03811955824494362,0.03126474842429161,0.04500616528093815,266,276,286
39286,1024,0.0,0.0,0.0,0.0,"[-0.2572088209928459, 0.2572088209928459]","Hoeffding union 95%, untruncated",313,291,0.00021042150910943747,0.00024860442499630153,0.0,0.0,0.13846885971724987,0.07784864492714405,0.09426348097622395,1034,1044,1054
39367,256,0.72,0.72,0.0013530201342281877,0.20295302013422817,"[0.21661704357548528, 1.2233829564245147]","Hoeffding union 95%, untruncated",32,150,0.00018663002992980182,0.00021262411610223353,0.0,0.25,0.0380864292383194,0.029891347512602806,0.043983686715364456,266,276,286
39367,1024,0.7283236994219653,0.7283236994219653,0.00038198511251403097,0.19825027339478207,"[0.34070493363501503, 1.1159424652089156]","Hoeffding union 95%, untruncated",33,519,0.00020520159159787,0.00024693907471373677,0.0,0.20535714285714285,0.13500652462244034,0.10452747158706188,0.12084602564573288,1034,1044,1054
39449,256,0.0,0.0,0.0,0.0,"[-0.46990349985880175, 0.46990349985880175]","Hoeffding union 95%, untruncated",92,88,0.00018383082351647317,0.00020947365555912256,0.0,0.0,0.035481275990605354,0.0324148777872324,0.046288592740893364,266,276,286
39449,1024,0.0,0.0,0.0,0.0,"[-0.25078474282661023, 0.25078474282661023]","Hoeffding union 95%, untruncated",334,304,0.00018687578267417848,0.0002305399684701115,0.0,0.0,0.13282068073749542,0.07787094451487064,0.09331571497023106,1034,1044,1054
39530,256,0.07971014492753623,0.07971014492753623,0.0005354484505340686,0.07389188617370147,"[-0.4339631970109974, 0.5933834868660699]","Hoeffding union 95%, untruncated",32,138,0.00019071009592153132,0.0002324830275028944,0.0,0.07316468253968254,0.03833681903779507,0.031640442088246346,0.04700368829071522,266,276,286
39530,1024,0.0735009671179884,0.0735009671179884,0.0001319739824626139,0.06823054893317139,"[-0.31055134654754046, 0.4575532807835172]","Hoeffding union 95%, untruncated",34,517,0.00019916996825486422,0.00024517980637028813,0.0,0.05952380952380952,0.1338122058659792,0.10053520277142525,0.1167792696505785,1034,1044,1054
39611,256,0.0,0.0,0.0,0.0,"[-0.4818493411418885, 0.4818493411418885]","Hoeffding union 95%, untruncated",89,83,0.00018593130516819656,0.0002262284397147596,0.0,0.0,0.03560402803122997,0.030025847256183624,0.04503215476870537,266,276,286
39611,1024,0.0,0.0,0.0,0.0,"[-0.2542693865540843, 0.2542693865540843]","Hoeffding union 95%, untruncated",322,297,0.00019601383246481419,0.00023515528300777078,0.0,0.0,0.13313955999910831,0.08119466714560986,0.09674650616943836,1034,1044,1054
39692,256,0.0,0.0,0.0,0.0,"[-0.4807983058685593, 0.4807983058685593]","Hoeffding union 95%, untruncated",88,84,0.00018826770246960223,0.00021402392303571105,0.0,0.0,0.034767717123031616,0.030275801196694374,0.044438501819968224,266,276,286
39692,1024,0.0,0.0,0.0,0.0,"[-0.253566114816805, 0.253566114816805]","Hoeffding union 95%, untruncated",323,299,0.00019691252964548767,0.00023485423298552632,0.0,0.0,0.13398311473429203,0.08041075244545937,0.09593237191438675,1034,1044,1054
39773,256,0.0,0.0,0.0,0.0,"[-0.4967047655537587, 0.4967047655537587]","Hoeffding union 95%, untruncated",84,78,0.00018876823014579713,0.00024204514920711517,0.0,0.0,0.03487946279346943,0.027470512315630913,0.04352984577417374,266,276,286
39773,1024,0.0,0.0,0.0,0.0,"[-0.2537617588313668, 0.2537617588313668]","Hoeffding union 95%, untruncated",326,297,0.0001943327661138028,0.0002394452749285847,0.0,0.0,0.13451076112687588,0.08082943595945835,0.0972386784851551,1034,1044,1054
39855,256,0.0,0.0,0.0,0.0,"[-0.5234071384184082, 0.5234071384184082]","Hoeffding union 95%, untruncated",74,71,0.0002218536101281643,0.00025951123097911477,0.0,0.0,0.034941764548420906,0.027213379740715027,0.04429815895855427,266,276,286
39855,1024,0.0,0.0,0.0,0.0,"[-0.2600109061937792, 0.2600109061937792]","Hoeffding union 95%, untruncated",308,284,0.00021025689784437418,0.0002534212835598737,0.0,0.0,0.13696655817329884,0.07505737617611885,0.09182360209524632,1034,1044,1054
39936,256,0.5906040268456376,0.5906040268456376,0.0016337223670226694,0.24342463268637773,"[0.08641129655656854, 1.0947967571347066]","Hoeffding union 95%, untruncated",32,149,0.00019279902335256338,0.00023244749172590673,0.0,0.19047619047619047,0.04094444774091244,0.032435376197099686,0.04780067503452301,266,276,286
39936,1024,0.6240875912408759,0.6240875912408759,0.00042888897568562576,0.2350311586757229,"[0.23995395919899382, 1.0082212232827579]","Hoeffding union 95%, untruncated",33,548,0.00019709780463017523,0.0002348323178011924,0.0,0.21205357142857142,0.13539165817201138,0.10804476402699947,0.12358228489756584,1034,1044,1054
40017,256,0.0,0.0,0.0,0.0,"[-0.4743975668100357, 0.4743975668100357]","Hoeffding union 95%, untruncated",91,86,0.00018541770987212658,0.00022335280664265156,0.0,0.0,0.036174844950437546,0.03121310845017433,0.045986421406269073,266,276,286
40017,1024,0.0,0.0,0.0,0.0,"[-0.24439114089744665, 0.24439114089744665]","Hoeffding union 95%, untruncated",343,324,0.00019328543567098677,0.00021852485951967537,0.0,0.0,0.137356111779809,0.07952887564897537,0.09398808889091015,1034,1044,1054
40098,256,0.0,0.0,0.0,0.0,"[-0.4856179451673849, 0.4856179451673849]","Hoeffding union 95%, untruncated",87,82,0.00019433858687989414,0.00023297933512367308,0.0,0.0,0.036394914612174034,0.03062722459435463,0.046618055552244186,266,276,286
40098,1024,0.0,0.0,0.0,0.0,"[-0.24734135401652219, 0.24734135401652219]","Hoeffding union 95%, untruncated",340,314,0.00018804927822202444,0.00022526906104758382,0.0,0.0,0.13480732217431068,0.08066379278898239,0.09557501971721649,1034,1044,1054
40179,256,0.0,0.0,0.0,0.0,"[-0.5233322698507302, 0.5233322698507302]","Hoeffding union 95%, untruncated",32,128,0.00018922550952993333,0.00022708700271323323,0.0,0.015625,0.035498810932040215,0.03126680850982666,0.04628709517419338,266,276,286
40179,1024,0.0,0.0,0.0,0.0,"[-0.3705906836151649, 0.3705906836151649]","Hoeffding union 95%, untruncated",36,571,0.00019123818492516875,0.00022917863680049777,0.0,0.015625,0.13789630308747292,0.11352440528571606,0.12868568114936352,1034,1044,1054
40261,256,0.0,0.0,0.0,0.0,"[-0.4771295601683604, 0.4771295601683604]","Hoeffding union 95%, untruncated",90,85,0.00018465067842043936,0.00022241930128075182,0.0,0.0,0.035786472260951996,0.03336918354034424,0.04809518903493881,266,276,286
40261,1024,0.0,0.0,0.0,0.0,"[-0.24799427936102175, 0.24799427936102175]","Hoeffding union 95%, untruncated",339,312,0.0001908007252495736,0.00022850625100545585,0.0,0.0,0.13619910180568695,0.08568497002124786,0.1008011270314455,1034,1044,1054
40342,256,0.0,0.0,0.0,0.0,"[-0.4771295601683604, 0.4771295601683604]","Hoeffding union 95%, untruncated",90,85,0.00018930897931568325,0.00022720647393725812,0.0,0.0,0.03642433322966099,0.030610986053943634,0.045646609738469124,266,276,286
40342,1024,0.0,0.0,0.0,0.0,"[-0.2492844474763833, 0.2492844474763833]","Hoeffding union 95%, untruncated",335,309,0.00019173449254594743,0.00022919423645362258,0.0,0.0,0.1351779755204916,0.08097122795879841,0.09613220393657684,1034,1044,1054
40423,256,0.0,0.0,0.0,0.0,"[-0.4790352268856655, 0.4790352268856655]","Hoeffding union 95%, untruncated",90,84,0.00018243485828861594,0.00022043572971597314,0.0,0.0,0.03511626645922661,0.031167367473244667,0.04576000012457371,266,276,286
40423,1024,0.0,0.0,0.0,0.0,"[-0.24760801954667483, 0.24760801954667483]","Hoeffding union 95%, untruncated",340,313,0.00019377318676561117,0.0002322578220628202,0.0,0.0,0.13882279209792614,0.08378156460821629,0.09911421313881874,1034,1044,1054
40504,256,0.0,0.0,0.0,0.0,"[-0.4894859419151023, 0.4894859419151023]","Hoeffding union 95%, untruncated",85,81,0.00019299917039461434,0.00023091910406947136,0.0,0.0,0.03529917635023594,0.029769547283649445,0.04505673609673977,266,276,286
40504,1024,0.0,0.0,0.0,0.0,"[-0.2568107239352554, 0.2568107239352554]","Hoeffding union 95%, untruncated",316,291,0.00020455254707485437,0.0002460706455167383,0.0,0.0,0.13635950535535812,0.0792137160897255,0.09565173834562302,1034,1044,1054
40586,256,0.0,0.0,0.0,0.0,"[-0.47171200310398465, 0.47171200310398465]","Hoeffding union 95%, untruncated",92,87,0.0001881227653939277,0.00022596382768824697,0.0,0.0,0.03720488026738167,0.034337058663368225,0.04934791289269924,266,276,286
40586,1024,0.0,0.0,0.0,0.0,"[-0.27272812628761445, 0.27272812628761445]","Hoeffding union 95%, untruncated",278,259,0.00022049344261176884,0.00025805493351072073,0.0,0.0,0.12848865054547787,0.07137450017035007,0.08837647922337055,1034,1044,1054
40667,256,0.0,0.0,0.0,0.0,"[-0.5018379939446408, 0.5018379939446408]","Hoeffding union 95%, untruncated",81,77,0.0002066735178232193,0.00024443407892249525,0.0,0.0,0.035686928778886795,0.029130732640624046,0.04530384577810764,266,276,286
40667,1024,0.0,0.0,0.0,0.0,"[-0.2539809217577789, 0.2539809217577789]","Hoeffding union 95%, untruncated",322,298,0.00020109565230086446,0.0002399803197477013,0.0,0.0,0.13643106445670128,0.07782043144106865,0.09368672780692577,1034,1044,1054
40748,256,0.0,0.0,0.0,0.0,"[-0.4856179451673849, 0.4856179451673849]","Hoeffding union 95%, untruncated",87,82,0.00019215085194446146,0.0002306634560227394,0.0,0.0,0.035759689286351204,0.029879018664360046,0.045119207352399826,266,276,286
40748,1024,0.0,0.0,0.0,0.0,"[-0.25468769912632366, 0.25468769912632366]","Hoeffding union 95%, untruncated",321,296,0.00019787918427027762,0.00023602001601830125,0.0,0.0,0.1336797047406435,0.08260310813784599,0.09819808602333069,1034,1044,1054
40829,256,0.0,0.0,0.0,0.0,"[-0.49966838604693664, 0.49966838604693664]","Hoeffding union 95%, untruncated",81,78,0.0002071934868581593,0.0002330330607946962,0.0,0.0,0.03530648909509182,0.028379688039422035,0.04378611780703068,266,276,286
40829,1024,0.0,0.0,0.0,0.0,"[-0.2529359530642519, 0.2529359530642519]","Hoeffding union 95%, untruncated",328,299,0.00019321756553836167,0.0002370387956034392,0.0,0.0,0.13460367172956467,0.07824348844587803,0.09391899779438972,1034,1044,1054
40910,256,0.0,0.0,0.0,0.0,"[-0.4771295601683604, 0.4771295601683604]","Hoeffding union 95%, untruncated",90,85,0.00018695159815251827,0.00022686377633363008,0.0,0.0,0.036232516169548035,0.030320681631565094,0.04534638673067093,266,276,286
40910,1024,0.0,0.0,0.0,0.0,"[-0.2541415960489112, 0.2541415960489112]","Hoeffding union 95%, untruncated",323,297,0.00018838286632671952,0.00022653024643659592,0.0,0.0,0.12825003825128078,0.07725559361279011,0.09227383509278297,1034,1044,1054
40992,256,0.45132743362831856,0.45132743362831856,0.0022109909043106636,0.24984197218710497,"[-0.08883105942209629, 0.9914859266787335]","Hoeffding union 95%, untruncated",32,113,0.0002174593391828239,0.00025663463748060167,0.0,0.22916666666666666,0.03622066043317318,0.03369211591780186,0.050662245601415634,266,276,286
40992,1024,0.4338235294117647,0.4338235294117647,0.0004523401008112052,0.24607301484129565,"[0.04922581274773541, 0.818421246075794]","Hoeffding union 95%, untruncated",33,544,0.00019418480223976076,0.00023162856814451516,0.0,0.2537202380952381,0.1326216273009777,0.08481918089091778,0.10011662729084492,1034,1044,1054
41073,256,0.09345794392523364,0.09345794392523364,0.0007992788362500146,0.08552283547875156,"[-0.4544022508623976, 0.6413181387128649]","Hoeffding union 95%, untruncated",32,107,0.0002217788714915514,0.0002607467758934945,0.0,0.07316468253968254,0.03528458811342716,0.02976943738758564,0.046951428055763245,266,276,286
41073,1024,0.06433823529411764,0.06433823529411764,0.00011086340105590498,0.06030969017441231,"[-0.31644192221567163, 0.4451183928039069]","Hoeffding union 95%, untruncated",34,544,0.00019397679716348648,0.00023339202743954957,0.0,0.04538690476190476,0.13372076489031315,0.11123916879296303,0.12670706771314144,1034,1044,1054
41154,256,0.0,0.0,0.0,0.0,"[-0.48273830943461293, 0.48273830943461293]","Hoeffding union 95%, untruncated",88,83,0.0001877934846561402,0.0002264227659907192,0.0,0.0,0.035528816282749176,0.02982812002301216,0.04482684284448624,266,276,286
41154,1024,0.0,0.0,0.0,0.0,"[-0.24328772037891674, 0.24328772037891674]","Hoeffding union 95%, untruncated",346,327,0.000188912934390828,0.00021446828031912446,0.0,0.0,0.1357111781835556,0.08491731248795986,0.09969042800366879,1034,1044,1054
41235,256,0.0,0.0,0.0,0.0,"[-0.4524985259198726, 0.4524985259198726]","Hoeffding union 95%, untruncated",99,95,0.0001893778971862048,0.00021573517005890608,0.0,0.0,0.03949892520904541,0.03626514412462711,0.05057103745639324,266,276,286
41235,1024,0.0,0.0,0.0,0.0,"[-0.24695816689058236, 0.24695816689058236]","Hoeffding union 95%, untruncated",341,315,0.00019088256522081792,0.00022831204114481807,0.0,0.0,0.13720997236669064,0.08606495149433613,0.10117044113576412,1034,1044,1054
41316,256,0.0,0.0,0.0,0.0,"[-0.479909337575835, 0.479909337575835]","Hoeffding union 95%, untruncated",89,84,0.00020239094737917185,0.00024893981753848493,0.0,0.0,0.039063721895217896,0.03269803151488304,0.04913880489766598,266,276,286
41316,1024,0.0,0.0,0.0,0.0,"[-0.2522791487224237, 0.2522791487224237]","Hoeffding union 95%, untruncated",331,300,0.00019203545525670052,0.0002379588840994984,0.0,0.0,0.1351648848503828,0.08330723457038403,0.09904756210744381,1034,1044,1054
41398,256,0.08547008547008547,0.08547008547008547,0.0006738357755157044,0.07883878573533741,"[-0.44988645520519543, 0.6208266261453664]","Hoeffding union 95%, untruncated",32,117,0.00020467082504183054,0.00023074037744663656,0.0,0.030753968253968252,0.03373945504426956,0.03206522390246391,0.047331251204013824,266,276,286
41398,1024,0.06607142857142857,0.06607142857142857,0.00011038639516629552,0.061816381293125486,"[-0.316699909145371, 0.4488427662882281]","Hoeffding union 95%, untruncated",33,560,0.00019809618243016303,0.00023611201322637498,0.0,0.08630952380952381,0.13905109278857708,0.11095817759633064,0.12660314328968525,1034,1044,1054
41479,256,0.0,0.0,0.0,0.0,"[-0.4856179451673849, 0.4856179451673849]","Hoeffding union 95%, untruncated",87,82,0.00019087980035692453,0.00022871489636600018,0.0,0.0,0.03573192097246647,0.032171156257390976,0.047855986282229424,266,276,286
41479,1024,0.0,0.0,0.0,0.0,"[-0.2455097232038581, 0.2455097232038581]","Hoeffding union 95%, untruncated",340,321,0.00019504822557792068,0.00022099417401477695,0.0,0.0,0.1375046018511057,0.08564908988773823,0.10027602128684521,1034,1044,1054
41560,256,0.2727272727272727,0.2727272727272727,0.001514100056778752,0.19986120749479527,"[-0.24660985969219196, 0.7920644051467374]","Hoeffding union 95%, untruncated",32,132,0.00019233528291806579,0.00023138354299589992,0.0,0.18229166666666666,0.036770425736904144,0.030146289616823196,0.045439356938004494,266,276,286
41560,1024,0.26548672566371684,0.26548672566371684,0.00034575092936183546,0.19534927508943703,"[-0.11672984062674813, 0.6477032919541819]","Hoeffding union 95%, untruncated",33,565,0.00019145585247315466,0.0002294575097039342,0.0,0.19816468253968253,0.136146642267704,0.11410917527973652,0.12926768511533737,1034,1044,1054
41641,256,0.04838709677419355,0.04838709677419355,0.0003743559808126699,0.046420141620771065,"[-0.4791320970885344, 0.5759062906369214]","Hoeffding union 95%, untruncated",32,124,0.00019633592455647886,0.00023814945598132908,0.0,0.05952380952380952,0.035982271656394005,0.03164161182940006,0.047465572133660316,266,276,286
41641,1024,0.055855855855855854,0.055855855855855854,9.51912982354977e-05,0.05283117052070122,"[-0.3236601742597496, 0.43537188597146126]","Hoeffding union 95%, untruncated",34,555,0.00020130560733377934,0.00023990898625925183,0.0,0.04538690476190476,0.14036056213080883,0.11057076416909695,0.12641943618655205,1034,1044,1054
41723,256,0.0,0.0,0.0,0.0,"[-0.48471369354479343, 0.48471369354479343]","Hoeffding union 95%, untruncated",88,82,0.00019532183068804443,0.00024026641040109098,0.0,0.0,0.03709365986287594,0.0299979317933321,0.04589108005166054,266,276,286
41723,1024,0.0,0.0,0.0,0.0,"[-0.25302672533388165, 0.25302672533388165]","Hoeffding union 95%, untruncated",325,300,0.0001967084244824946,0.0002347869740333408,0.0,0.0,0.13452442176640034,0.07935189642012119,0.09490911290049553,1034,1044,1054
