population,calibration,comparison,difference,relative_reduction,block_days,low95,high95,family4_low,family4_high,primary
outer,raw,C_minus_B_onset,0.00022632804130818775,-0.018597790717320935,3,9.301502512019102e-05,0.0003237132895070977,6.784348639625322e-05,0.00035508983463127506,True
outer,raw,C_minus_B_onset,0.00022632804130818775,-0.018597790717320935,1,0.0001228052891336057,0.00034372087822930823,0.0001013073930842018,0.0003920549198854687,True
outer,raw,D_minus_C_onset,0.00013651862690176116,-0.01101316568509502,3,-8.32916520636072e-06,0.0002308375160320464,-4.2822410074726635e-05,0.0002625620379841387,True
outer,raw,D_minus_C_onset,0.00013651862690176116,-0.01101316568509502,1,1.1555478144446764e-05,0.0002496814210431452,-2.9772680217783727e-05,0.0002874377227150228,True
outer,raw,E_minus_D_onset,-0.000250002472859449,0.01994838561078961,3,-0.00038559512426450924,-5.679440350848658e-05,-0.000429481772694636,-1.3597527068605756e-05,True
outer,raw,E_minus_D_onset,-0.000250002472859449,0.01994838561078961,1,-0.000395851792087496,-9.232394659366721e-05,-0.00042764927903631255,-4.5655372910656574e-05,True
outer,raw,E_minus_B_onset,0.00011284419535049997,-0.009272614726229934,3,-4.452232365255351e-06,0.00018606820134852095,-2.4794944678309275e-05,0.00020817876716372805,True
outer,raw,E_minus_B_onset,0.00011284419535049997,-0.009272614726229934,1,1.7700636388969143e-06,0.00022877700922641737,-2.3364787447309875e-05,0.0002656179359028359,True
outer,raw,R_union_minus_A_G_onset,-0.0019393626909305572,0.13748007074397195,3,-0.002875171273608494,-0.0008172519326382656,,,False
outer,raw,R_union_minus_A_G_onset,-0.0019393626909305572,0.13748007074397195,1,-0.00324623419397942,-0.0007592883522602988,,,False
outer,raw,A_mono_minus_A_G_onset,-0.0005054083736440601,0.035828047681912015,3,-0.0009683012045897039,-0.00012489898376822739,,,False
outer,raw,A_mono_minus_A_G_onset,-0.0005054083736440601,0.035828047681912015,1,-0.0009358160615399693,-0.00010754091728257464,,,False
outer,raw,B_minus_A_G_onset,-0.001936880776097257,0.13730412952964505,3,-0.0026349235756620427,-0.0009674645545831363,,,False
outer,raw,B_minus_A_G_onset,-0.001936880776097257,0.13730412952964505,1,-0.0027378085458130566,-0.0011649299537504615,,,False
outer,raw,K_minus_A_G_onset,-0.0009428441457392604,0.06683756497067454,3,-0.0013272558174208305,-0.00048433414069810454,,,False
outer,raw,K_minus_A_G_onset,-0.0009428441457392604,0.06683756497067454,1,-0.0013776642311356462,-0.0005585106095893345,,,False
outer,raw,C_minus_A_G_onset,-0.0017105527347890692,0.12125989227794037,3,-0.0023246242444413976,-0.0008672364161975656,,,False
outer,raw,C_minus_A_G_onset,-0.0017105527347890692,0.12125989227794037,1,-0.002419239245405377,-0.0010225076832545605,,,False
outer,raw,D_minus_A_G_onset,-0.001574034107887308,0.11158218187745908,3,-0.0021483259882851247,-0.0008397206475545763,,,False
outer,raw,D_minus_A_G_onset,-0.001574034107887308,0.11158218187745908,1,-0.0022015106592689227,-0.0009736446535929409,,,False
outer,raw,M_minus_A_G_onset,-0.0009336395809114628,0.06618505977935012,3,-0.0013408293835328964,-0.0005134307792680923,,,False
outer,raw,M_minus_A_G_onset,-0.0009336395809114628,0.06618505977935012,1,-0.0013220850341369255,-0.0005780192471918385,,,False
outer,raw,S_minus_A_G_onset,-0.0010227116260015862,0.07249931503318541,3,-0.0014209407106398138,-0.0005651944589773255,,,False
outer,raw,S_minus_A_G_onset,-0.0010227116260015862,0.07249931503318541,1,-0.0014133033436876912,-0.0006490129138298604,,,False
outer,raw,E_minus_A_G_onset,-0.001824036580746757,0.12930468309686388,3,-0.0025237077195953863,-0.000902610192737408,,,False
outer,raw,E_minus_A_G_onset,-0.001824036580746757,0.12930468309686388,1,-0.0025937883026997777,-0.0010903981671908432,,,False
outer,raw,F_minus_A_G_onset,-0.0019625002736861482,0.13912027787436532,3,-0.0026691202282301154,-0.001021132406999229,,,False
outer,raw,F_minus_A_G_onset,-0.0019625002736861482,0.13912027787436532,1,-0.0027667807915089685,-0.001194705087481308,,,False
outer,raw,E_internal_minus_A_G_onset,-0.0013532150056913158,0.09592846948343611,3,-0.0018406301150502404,-0.000721044269848521,,,False
outer,raw,E_internal_minus_A_G_onset,-0.0013532150056913158,0.09592846948343611,1,-0.001898460533692314,-0.0008388945663379423,,,False
outer,raw,D_rewire_20261004_minus_A_G_onset,-0.001581909612232199,0.11214047089660101,3,-0.0021637536685723104,-0.0008488222406676299,,,False
outer,raw,D_rewire_20261004_minus_A_G_onset,-0.001581909612232199,0.11214047089660101,1,-0.002193644762978432,-0.0009980881723390968,,,False
outer,raw,D_rewire_20261005_minus_A_G_onset,-0.0013250583212595444,0.0939324617301168,3,-0.0018295049952103514,-0.0007216244463493403,,,False
outer,raw,D_rewire_20261005_minus_A_G_onset,-0.0013250583212595444,0.0939324617301168,1,-0.0018451989229634575,-0.0008337307845023824,,,False
outer,raw,E_self_minus_A_G_onset,-0.0009896518803020257,0.07015573268068978,3,-0.00142695047428323,-0.0005388433195670469,,,False
outer,raw,E_self_minus_A_G_onset,-0.0009896518803020257,0.07015573268068978,1,-0.0014221413764047913,-0.0006018916323178064,,,False
outer,raw,E_rewire_20261004_minus_A_G_onset,-0.0018509976587162019,0.131215935140593,3,-0.002540774838835361,-0.0009368669700868797,,,False
outer,raw,E_rewire_20261004_minus_A_G_onset,-0.0018509976587162019,0.131215935140593,1,-0.0026177790788246527,-0.0011060330843164895,,,False
outer,raw,E_rewire_20261005_minus_A_G_onset,-0.0012229969684655973,0.08669740349786592,3,-0.00166205813303199,-0.0006746977084954967,,,False
outer,raw,E_rewire_20261005_minus_A_G_onset,-0.0012229969684655973,0.08669740349786592,1,-0.0017114118034103026,-0.0007649239999225167,,,False
outer,raw,C_minus_B_all_time,9.209856353282942e-05,-0.005404204977388143,3,-6.14229607619149e-05,0.00022861186670165598,,,False
outer,raw,C_minus_B_all_time,9.209856353282942e-05,-0.005404204977388143,1,-4.028468395730058e-05,0.00022420093042315503,,,False
outer,raw,D_minus_C_all_time,0.0002687249097693305,-0.015683615444545763,3,6.695753166235598e-05,0.00039138414652548277,,,False
outer,raw,D_minus_C_all_time,0.0002687249097693305,-0.015683615444545763,1,0.00011061213648351094,0.00044080038665753935,,,False
outer,raw,E_minus_D_all_time,2.692461700401346e-05,-0.001547139046493961,3,-8.451582115218074e-05,0.00017646695167585543,,,False
outer,raw,E_minus_D_all_time,2.692461700401346e-05,-0.001547139046493961,1,-0.00013514040728204377,0.00019062297356817366,,,False
outer,raw,E_minus_B_all_time,0.00038774809030617344,-0.02275247386305237,3,0.0001847464782042916,0.000539988483503773,,,False
outer,raw,E_minus_B_all_time,0.00038774809030617344,-0.02275247386305237,1,0.00021721803930751122,0.0005672818619714059,,,False
outer,raw,R_union_minus_A_G_all_time,-0.002568397730069199,0.13791441540024052,3,-0.0036302473121068053,-0.0013998490255497818,,,False
outer,raw,R_union_minus_A_G_all_time,-0.002568397730069199,0.13791441540024052,1,-0.003810671966548997,-0.0012987294911738112,,,False
outer,raw,A_mono_minus_A_G_all_time,-0.0006974288931409862,0.03744961185516406,3,-0.0012713527762864454,-0.0002850539551309008,,,False
outer,raw,A_mono_minus_A_G_all_time,-0.0006974288931409862,0.03744961185516406,1,-0.0011507541255522066,-0.00027368223749391703,,,False
outer,raw,B_minus_A_G_all_time,-0.0015811084816453826,0.08490026656603915,3,-0.002330755049089673,-0.0007013296302343939,,,False
outer,raw,B_minus_A_G_all_time,-0.0015811084816453826,0.08490026656603915,1,-0.00238726091414451,-0.0008136287046607763,,,False
outer,raw,K_minus_A_G_all_time,-0.000780338050990105,0.0419015578689068,3,-0.0013325897690115629,-0.0002191687546227601,,,False
outer,raw,K_minus_A_G_all_time,-0.000780338050990105,0.0419015578689068,1,-0.0013326966893794203,-0.0002610591719709049,,,False
outer,raw,C_minus_A_G_all_time,-0.0014890099181125533,0.07995488003180877,3,-0.0021286094373485086,-0.0007206772990324307,,,False
outer,raw,C_minus_A_G_all_time,-0.0014890099181125533,0.07995488003180877,1,-0.002192772078305787,-0.0008260203818515474,,,False
outer,raw,D_minus_A_G_all_time,-0.0012202850083432228,0.06552524617859669,3,-0.0019128262873854824,-0.0004975497378060986,,,False
outer,raw,D_minus_A_G_all_time,-0.0012202850083432228,0.06552524617859669,1,-0.0018824775245369456,-0.0005889050473127013,,,False
outer,raw,M_minus_A_G_all_time,-0.0008094881692368112,0.04346682226303709,3,-0.0013959988736074159,-0.0002996450689053892,,,False
outer,raw,M_minus_A_G_all_time,-0.0008094881692368112,0.04346682226303709,1,-0.0012819502912574598,-0.000368709408952022,,,False
outer,raw,S_minus_A_G_all_time,-0.0009542193035820375,0.05123840278958496,3,-0.0014971020838331472,-0.00043919090780655324,,,False
outer,raw,S_minus_A_G_all_time,-0.0009542193035820375,0.05123840278958496,1,-0.0014104117711979053,-0.0005271186633593031,,,False
outer,raw,E_minus_A_G_all_time,-0.0011933603913392094,0.06407948379899676,3,-0.0019398506350419484,-0.0003750126579013402,,,False
outer,raw,E_minus_A_G_all_time,-0.0011933603913392094,0.06407948379899676,1,-0.0019636834103857245,-0.0004407853413074995,,,False
outer,raw,F_minus_A_G_all_time,-0.0016208073741839906,0.08703196505354387,3,-0.0023657224989997823,-0.0007631870096836566,,,False
outer,raw,F_minus_A_G_all_time,-0.0016208073741839906,0.08703196505354387,1,-0.002419158232103638,-0.000884443124999701,,,False
outer,raw,E_internal_minus_A_G_all_time,-0.001121418245696908,0.06021642986356534,3,-0.0017312462479718953,-0.00046847552346341155,,,False
outer,raw,E_internal_minus_A_G_all_time,-0.001121418245696908,0.06021642986356534,1,-0.0017013490156439126,-0.000559594232811997,,,False
outer,raw,D_rewire_20261004_minus_A_G_all_time,-0.0012139158357872624,0.06518324279673929,3,-0.0019112865172377013,-0.0004935029110013018,,,False
outer,raw,D_rewire_20261004_minus_A_G_all_time,-0.0012139158357872624,0.06518324279673929,1,-0.0018591268270749719,-0.0005936097943474739,,,False
outer,raw,D_rewire_20261005_minus_A_G_all_time,-0.0011328536965554542,0.06083047553940858,3,-0.0017671786929234871,-0.0005102853080112891,,,False
outer,raw,D_rewire_20261005_minus_A_G_all_time,-0.0011328536965554542,0.06083047553940858,1,-0.001701625969090832,-0.0005898834008564439,,,False
outer,raw,E_self_minus_A_G_all_time,-0.0008009530448422599,0.04300851447158332,3,-0.0013875466640920328,-0.0002644774946498248,,,False
outer,raw,E_self_minus_A_G_all_time,-0.0008009530448422599,0.04300851447158332,1,-0.0013162482785868488,-0.00032949388385798294,,,False
outer,raw,E_rewire_20261004_minus_A_G_all_time,-0.0014037949419985441,0.07537911924658475,3,-0.002129476846651956,-0.0005908203335203315,,,False
outer,raw,E_rewire_20261004_minus_A_G_all_time,-0.0014037949419985441,0.07537911924658475,1,-0.00216717911286869,-0.0006741293063824757,,,False
outer,raw,E_rewire_20261005_minus_A_G_all_time,-0.0009445706627500476,0.05072030286908903,3,-0.0015383648868392435,-0.000335887921923963,,,False
outer,raw,E_rewire_20261005_minus_A_G_all_time,-0.0009445706627500476,0.05072030286908903,1,-0.0015052757021257334,-0.00040300061568516825,,,False
outer,calibrated,C_minus_B_onset,0.0001492340487299542,-0.011760427094250615,3,4.436022959783915e-05,0.00022155305134552084,,,False
outer,calibrated,C_minus_B_onset,0.0001492340487299542,-0.011760427094250615,1,6.538731534729033e-05,0.0002403421157623634,,,False
outer,calibrated,D_minus_C_onset,0.0001456487024623561,-0.011344467192131625,3,2.5407883427780354e-05,0.00021880924721923964,,,False
outer,calibrated,D_minus_C_onset,0.0001456487024623561,-0.011344467192131625,1,3.5895769774232964e-05,0.00024907106037563815,,,False
outer,calibrated,E_minus_D_onset,-0.00016992850468557544,0.013087136024454386,3,-0.00027554662750994336,9.325921868635593e-06,,,False
outer,calibrated,E_minus_D_onset,-0.00016992850468557544,0.013087136024454386,1,-0.0003016127419278975,-6.402543393958379e-06,,,False
outer,calibrated,E_minus_B_onset,0.0001249542465067349,-0.009847051116455535,3,3.295309209845479e-05,0.00018650411349455397,,,False
outer,calibrated,E_minus_B_onset,0.0001249542465067349,-0.009847051116455535,1,4.659996613199527e-05,0.00021068146916104454,,,False
outer,calibrated,R_union_minus_A_G_onset,-0.0020594249596810194,0.14452471339611778,3,-0.002810171910787794,-0.0010043737445347947,,,False
outer,calibrated,R_union_minus_A_G_onset,-0.0020594249596810194,0.14452471339611778,1,-0.003190452248656417,-0.0010448092679070256,,,False
outer,calibrated,A_mono_minus_A_G_onset,0.00011748254559829302,-0.008244598159220866,3,-2.5257209800338312e-05,0.00022983797426715782,,,False
outer,calibrated,A_mono_minus_A_G_onset,0.00011748254559829302,-0.008244598159220866,1,-5.890633263723288e-07,0.00023672693137266547,,,False
outer,calibrated,B_minus_A_G_onset,-0.0015601294947449975,0.10948554693819705,3,-0.0021303359543739034,-0.0006418987326944506,,,False
outer,calibrated,B_minus_A_G_onset,-0.0015601294947449975,0.10948554693819705,1,-0.002264990649527947,-0.0008090638490307503,,,False
outer,calibrated,K_minus_A_G_onset,-0.0007432103441928787,0.05215643399997577,3,-0.0010392493215484848,-0.00027390449488376645,,,False
outer,calibrated,K_minus_A_G_onset,-0.0007432103441928787,0.05215643399997577,1,-0.0011295589315393688,-0.00033097241293157697,,,False
outer,calibrated,C_minus_A_G_onset,-0.001410895446015043,0.09901271663658723,3,-0.0019257410457833352,-0.0005872868438945008,,,False
outer,calibrated,C_minus_A_G_onset,-0.001410895446015043,0.09901271663658723,1,-0.002039554201943134,-0.0007373404047258773,,,False
outer,calibrated,D_minus_A_G_onset,-0.0012652467435526871,0.0887914959599432,3,-0.001730529384110958,-0.0005544420143212777,,,False
outer,calibrated,D_minus_A_G_onset,-0.0012652467435526871,0.0887914959599432,1,-0.0018170756802143907,-0.0006746383305617046,,,False
outer,calibrated,M_minus_A_G_onset,-0.0006508940962236343,0.04567793658406288,3,-0.0009259165828880884,-0.0002778734686464729,,,False
outer,calibrated,M_minus_A_G_onset,-0.0006508940962236343,0.04567793658406288,1,-0.0009377337238842729,-0.0003366612782764229,,,False
outer,calibrated,S_minus_A_G_onset,-0.0007647693067226692,0.053669382003295206,3,-0.0010512633938988517,-0.00034370780596508255,,,False
outer,calibrated,S_minus_A_G_onset,-0.0007647693067226692,0.053669382003295206,1,-0.0010838437383313252,-0.0004194222510748683,,,False
outer,calibrated,E_minus_A_G_onset,-0.0014351752482382623,0.10071660559895501,3,-0.001980536858251766,-0.0005433962778147038,,,False
outer,calibrated,E_minus_A_G_onset,-0.0014351752482382623,0.10071660559895501,1,-0.0021033206406996965,-0.0007110761793964264,,,False
outer,calibrated,F_minus_A_G_onset,-0.0016508147367846014,0.11584958489618186,3,-0.0022496631425028652,-0.0007534608520137652,,,False
outer,calibrated,F_minus_A_G_onset,-0.0016508147367846014,0.11584958489618186,1,-0.0023661753437604497,-0.0008976700770914371,,,False
outer,calibrated,E_internal_minus_A_G_onset,-0.001082253016960594,0.07594950540103199,3,-0.001468710198650853,-0.0004774082143447596,,,False
outer,calibrated,E_internal_minus_A_G_onset,-0.001082253016960594,0.07594950540103199,1,-0.0015534061985559735,-0.000576896719380332,,,False
outer,calibrated,D_rewire_20261004_minus_A_G_onset,-0.0012528841748224995,0.08792392528485199,3,-0.0016998094601777388,-0.0005678462924656215,,,False
outer,calibrated,D_rewire_20261004_minus_A_G_onset,-0.0012528841748224995,0.08792392528485199,1,-0.0017868827451780127,-0.0006887997348736998,,,False
outer,calibrated,D_rewire_20261005_minus_A_G_onset,-0.0010503878492821419,0.07371329659701668,3,-0.0014362060847647987,-0.0004821299418870728,,,False
outer,calibrated,D_rewire_20261005_minus_A_G_onset,-0.0010503878492821419,0.07371329659701668,1,-0.0014919947434742762,-0.0005822899083067395,,,False
outer,calibrated,E_self_minus_A_G_onset,-0.0007377269327366353,0.05177162344136755,3,-0.0010419614174777899,-0.0003092730452831584,,,False
outer,calibrated,E_self_minus_A_G_onset,-0.0007377269327366353,0.05177162344136755,1,-0.0010881892904384236,-0.00035562639285177563,,,False
outer,calibrated,E_rewire_20261004_minus_A_G_onset,-0.001504124258983325,0.105555255324954,3,-0.0020743419191129684,-0.0006007303893033742,,,False
outer,calibrated,E_rewire_20261004_minus_A_G_onset,-0.001504124258983325,0.105555255324954,1,-0.0021898028475969165,-0.0007574145223987576,,,False
outer,calibrated,E_rewire_20261005_minus_A_G_onset,-0.0009784288155367483,0.06866341183213291,3,-0.0013228179549444642,-0.00045120585703631907,,,False
outer,calibrated,E_rewire_20261005_minus_A_G_onset,-0.0009784288155367483,0.06866341183213291,1,-0.0014022835495534091,-0.0005381683560314675,,,False
outer,calibrated,C_minus_B_all_time,-0.00034044105798081695,0.018202304328731586,3,-0.0005160032160757888,-0.00017321948349144638,,,False
outer,calibrated,C_minus_B_all_time,-0.00034044105798081695,0.018202304328731586,1,-0.0005094210312731162,-0.00018904599681858906,,,False
outer,calibrated,D_minus_C_all_time,0.0007099438157465599,-0.038662186517757755,3,0.00041298943183215846,0.0008947985161441064,,,False
outer,calibrated,D_minus_C_all_time,0.0007099438157465599,-0.038662186517757755,1,0.000494662967780126,0.0009437322179478896,,,False
outer,calibrated,E_minus_D_all_time,0.00023116606204263008,-0.01212026694104226,3,9.658410091038902e-05,0.0004066038099151669,,,False
outer,calibrated,E_minus_D_all_time,0.00023116606204263008,-0.01212026694104226,1,3.4977262329666074e-05,0.0004383549458186021,,,False
outer,calibrated,E_minus_B_all_time,0.0006006688198083732,-0.03211585795138765,3,0.0003662669508123918,0.0007832392358277583,,,False
outer,calibrated,E_minus_B_all_time,0.0006006688198083732,-0.03211585795138765,1,0.0004340445092603691,0.0007867687070443328,,,False
outer,calibrated,R_union_minus_A_G_all_time,-0.002313741067126221,0.12492946368621237,3,-0.003178003307697751,-0.0011878917467618344,,,False
outer,calibrated,R_union_minus_A_G_all_time,-0.002313741067126221,0.12492946368621237,1,-0.0034302950602777375,-0.001179325950753125,,,False
outer,calibrated,A_mono_minus_A_G_all_time,0.0002040991583628303,-0.011020247146646131,3,8.695172140347694e-06,0.0003243224046916335,,,False
outer,calibrated,A_mono_minus_A_G_all_time,0.0002040991583628303,-0.011020247146646131,1,4.9398761347331686e-05,0.0003521805591865787,,,False
outer,calibrated,B_minus_A_G_all_time,0.00018280518727716808,-0.009870488245238186,3,-0.00032996720611395454,0.0008970489749960145,,,False
outer,calibrated,B_minus_A_G_all_time,0.00018280518727716808,-0.009870488245238186,1,-0.0007134355834270119,0.0010923280554032088,,,False
outer,calibrated,K_minus_A_G_all_time,0.000809102473234956,-0.04368714351168873,3,0.0003620765246835367,0.0013304372861131322,,,False
outer,calibrated,K_minus_A_G_all_time,0.000809102473234956,-0.04368714351168873,1,0.00021644820778411326,0.0013958602570718036,,,False
outer,calibrated,C_minus_A_G_all_time,-0.0001576358707036489,0.008511481714406396,3,-0.0005669804234537427,0.0004749376925163321,,,False
outer,calibrated,C_minus_A_G_all_time,-0.0001576358707036489,0.008511481714406396,1,-0.0009598622763183759,0.0006402883036212975,,,False
outer,calibrated,D_minus_A_G_all_time,0.0005523079450429109,-0.02982163230976649,3,6.215598748889463e-05,0.0011470559148507367,,,False
outer,calibrated,D_minus_A_G_all_time,0.0005523079450429109,-0.02982163230976649,1,-0.00015980999848863326,0.0012933239512147477,,,False
outer,calibrated,M_minus_A_G_all_time,0.0010704086825218352,-0.0577962610131702,3,0.0006009002765229763,0.0015161422804037719,,,False
outer,calibrated,M_minus_A_G_all_time,0.0010704086825218352,-0.0577962610131702,1,0.0005915026440074524,0.001583628373331463,,,False
outer,calibrated,S_minus_A_G_all_time,0.0007979017137397397,-0.0430823632722328,3,0.0003869952781662991,0.0012262748893046883,,,False
outer,calibrated,S_minus_A_G_all_time,0.0007979017137397397,-0.0430823632722328,1,0.0003137635738174531,0.0012911222851392028,,,False
outer,calibrated,E_minus_A_G_all_time,0.0007834740070855412,-0.042303345395020744,3,0.0001775774793020757,0.001542650011295239,,,False
outer,calibrated,E_minus_A_G_all_time,0.0007834740070855412,-0.042303345395020744,1,-0.00012149770605740386,0.0017244796666152408,,,False
outer,calibrated,F_minus_A_G_all_time,-0.00016794908245159284,0.009068339191182424,3,-0.0006271131183367617,0.0005701614969394735,,,False
outer,calibrated,F_minus_A_G_all_time,-0.00016794908245159284,0.009068339191182424,1,-0.0010691871242680595,0.0007361021500424439,,,False
outer,calibrated,E_internal_minus_A_G_all_time,0.0005009201146719686,-0.02704696829076559,3,4.971999260154305e-05,0.0010448170958318008,,,False
outer,calibrated,E_internal_minus_A_G_all_time,0.0005009201146719686,-0.02704696829076559,1,-0.00011654154205894282,0.0011582194040369376,,,False
outer,calibrated,D_rewire_20261004_minus_A_G_all_time,0.0006267504965641326,-0.03384112618015476,3,0.00013607013137642617,0.0012142696360061208,,,False
outer,calibrated,D_rewire_20261004_minus_A_G_all_time,0.0006267504965641326,-0.03384112618015476,1,-5.2564929053411785e-05,0.0013483662897691734,,,False
outer,calibrated,D_rewire_20261005_minus_A_G_all_time,0.0005354789957641545,-0.02891296035953447,3,0.00010166988385347155,0.0010285942075680073,,,False
outer,calibrated,D_rewire_20261005_minus_A_G_all_time,0.0005354789957641545,-0.02891296035953447,1,-4.061814591175498e-05,0.0011428122889968646,,,False
outer,calibrated,E_self_minus_A_G_all_time,0.0009182889212694938,-0.049582619279726854,3,0.00044607453976614234,0.0014268819644397998,,,False
outer,calibrated,E_self_minus_A_G_all_time,0.0009182889212694938,-0.049582619279726854,1,0.00038629403709681273,0.0014647785832694457,,,False
outer,calibrated,E_rewire_20261004_minus_A_G_all_time,0.0003929390648480588,-0.021216577485829717,3,-9.630551786129048e-05,0.0010653976412732889,,,False
outer,calibrated,E_rewire_20261004_minus_A_G_all_time,0.0003929390648480588,-0.021216577485829717,1,-0.0004527367305964538,0.001281831951034898,,,False
outer,calibrated,E_rewire_20261005_minus_A_G_all_time,0.0006993216833973646,-0.03775957651107634,3,0.00021316952465667816,0.0012759870698687483,,,False
outer,calibrated,E_rewire_20261005_minus_A_G_all_time,0.0006993216833973646,-0.03775957651107634,1,7.587178570013032e-05,0.0013618618831316579,,,False
rolling1,raw,C_minus_B_onset,-0.0016390677292137175,0.10820074844600981,3,-0.0019429041810783143,-0.0010012417539454182,-0.0019429041810783143,-0.0010012417539454182,True
rolling1,raw,C_minus_B_onset,-0.0016390677292137175,0.10820074844600981,1,-0.0025829630841256966,-0.0007263185027788447,-0.0026739769501349653,-0.0006823600417434142,True
rolling1,raw,D_minus_C_onset,0.00014931339808811823,-0.011052614962735675,3,6.6206857656596e-05,0.00023102352499164772,6.6206857656596e-05,0.00023102352499164772,True
rolling1,raw,D_minus_C_onset,0.00014931339808811823,-0.011052614962735675,1,2.565396746174054e-05,0.0003382148457713608,2.4935449030455414e-05,0.0003421046778408418,True
rolling1,raw,E_minus_D_onset,0.0016578737296353637,-0.12137911165393621,3,0.001317635351401756,0.0017940344720180825,0.001317635351401756,0.0017940344720180825,True
rolling1,raw,E_minus_D_onset,0.0016578737296353637,-0.12137911165393621,1,0.0011214037150587605,0.0021353298296410816,0.0011027925791469318,0.002140656118911906,True
rolling1,raw,E_minus_B_onset,0.00016811939850976422,-0.011098165391722871,3,8.215381593141939e-05,0.0003826004551129372,8.215381593141939e-05,0.0003826004551129372,True
rolling1,raw,E_minus_B_onset,0.00016811939850976422,-0.011098165391722871,1,-0.00013299422718262253,0.00046389822916912543,-0.00019121615338222112,0.0005058704512997374,True
rolling1,raw,R_union_minus_A_G_onset,-0.0007165954673623411,0.04808961302372005,3,-0.0009208739509778425,0.0008602724424943246,,,False
rolling1,raw,R_union_minus_A_G_onset,-0.0007165954673623411,0.04808961302372005,1,-0.005165846753503886,0.0029692815804962316,,,False
rolling1,raw,A_mono_minus_A_G_onset,0.00040194669921718565,-0.026974021050767072,3,-6.391885743643917e-05,0.0009802363360016837,,,False
rolling1,raw,A_mono_minus_A_G_onset,0.00040194669921718565,-0.026974021050767072,1,-0.0007871851124109513,0.0014171154142993327,,,False
rolling1,raw,B_minus_A_G_onset,0.00024714296259933433,-0.016585381814769616,3,-0.0012790611240762542,0.001906621162682318,,,False
rolling1,raw,B_minus_A_G_onset,0.00024714296259933433,-0.016585381814769616,1,-0.0018625412960551861,0.0032482439409619885,,,False
rolling1,raw,K_minus_A_G_onset,-0.0006421332811050333,0.043092570919623874,3,-0.001838595830742992,0.001160268413173413,,,False
rolling1,raw,K_minus_A_G_onset,-0.0006421332811050333,0.043092570919623874,1,-0.0031605106806987734,0.0023672987381954513,,,False
rolling1,raw,C_minus_A_G_onset,-0.0013919247666143834,0.09340991735686112,3,-0.0022803028780216707,-3.628301839599633e-05,,,False
rolling1,raw,C_minus_A_G_onset,-0.0013919247666143834,0.09340991735686112,1,-0.0032533200873368986,0.0008600315183244327,,,False
rolling1,raw,D_minus_A_G_onset,-0.0012426113685262653,0.0833897262443718,3,-0.0022140960203650747,0.00019474050659565138,,,False
rolling1,raw,D_minus_A_G_onset,-0.0012426113685262653,0.0833897262443718,1,-0.0031655582099338435,0.0011746705456264304,,,False
rolling1,raw,M_minus_A_G_onset,0.0002654051705182462,-0.017810930331022122,3,-0.0005829020471605582,0.0015433980801789014,,,False
rolling1,raw,M_minus_A_G_onset,0.0002654051705182462,-0.017810930331022122,1,-0.001519924977957731,0.0023991983328121302,,,False
rolling1,raw,S_minus_A_G_onset,-0.0012823414042163847,0.08605594746509625,3,-0.0016165115587386952,-0.00012354704632867343,,,False
rolling1,raw,S_minus_A_G_onset,-0.0012823414042163847,0.08605594746509625,1,-0.003050626014958084,0.00021696694043375417,,,False
rolling1,raw,E_minus_A_G_onset,0.00041526236110909885,-0.027867614516957694,3,-0.0008964606689633187,0.001988774978613734,,,False
rolling1,raw,E_minus_A_G_onset,0.00041526236110909885,-0.027867614516957694,1,-0.0016562553194074854,0.0031917835856760616,,,False
rolling1,raw,F_minus_A_G_onset,0.000682640237190415,-0.04581093006594241,3,-0.0005527057498686712,0.002138457221614839,,,False
rolling1,raw,F_minus_A_G_onset,0.000682640237190415,-0.04581093006594241,1,-0.0012245364394906678,0.0032606136607170096,,,False
rolling1,raw,E_internal_minus_A_G_onset,-0.0007949882849954263,0.053350433717563366,3,-0.0018674419245303577,0.0006473925395436893,,,False
rolling1,raw,E_internal_minus_A_G_onset,-0.0007949882849954263,0.053350433717563366,1,-0.002688673482979461,0.0017284221187910693,,,False
rolling1,raw,C_minus_B_all_time,-0.003261451460339818,0.1447062924762163,3,-0.0032614514603398204,-0.002585383742143118,,,False
rolling1,raw,C_minus_B_all_time,-0.003261451460339818,0.1447062924762163,1,-0.004037322389076843,-0.002020603905484624,,,False
rolling1,raw,D_minus_C_all_time,0.00017604286463763355,-0.009132289012297914,3,0.0001490973286356924,0.00024482122826356006,,,False
rolling1,raw,D_minus_C_all_time,0.00017604286463763355,-0.009132289012297914,1,3.857727429625382e-05,0.00031476499602418537,,,False
rolling1,raw,E_minus_D_all_time,0.003358344016716695,-0.1726387566488866,3,0.0031611630930011847,0.0033583440167166898,,,False
rolling1,raw,E_minus_D_all_time,0.003358344016716695,-0.1726387566488866,1,0.002964047000594945,0.0036658212166955882,,,False
rolling1,raw,E_minus_B_all_time,0.0002729354210145105,-0.012109784045760371,3,0.00027293542101451684,0.0007917589609957448,,,False
rolling1,raw,E_minus_B_all_time,0.0002729354210145105,-0.012109784045760371,1,-0.00035534044448995786,0.0011741030355130085,,,False
rolling1,raw,R_union_minus_A_G_all_time,0.0010108884430589109,-0.04796044302557419,3,3.315868035368846e-05,0.002892375285047308,,,False
rolling1,raw,R_union_minus_A_G_all_time,0.0010108884430589109,-0.04796044302557419,1,-0.004777270004031019,0.006503407913812383,,,False
rolling1,raw,A_mono_minus_A_G_all_time,0.0005229923026620932,-0.024812770100268552,3,0.00023933981629933876,0.0012378502971822983,,,False
rolling1,raw,A_mono_minus_A_G_all_time,0.0005229923026620932,-0.024812770100268552,1,-0.0008156785642729411,0.0014221421151866132,,,False
rolling1,raw,B_minus_A_G_all_time,0.001460875844177714,-0.06930957928464491,3,0.00020379955534829963,0.0026774806194955654,,,False
rolling1,raw,B_minus_A_G_all_time,0.001460875844177714,-0.06930957928464491,1,-0.00017281420864389833,0.0037322555781072048,,,False
rolling1,raw,K_minus_A_G_all_time,-5.986249998370973e-05,0.002840107669199887,3,-0.0010519069357389534,0.0015212912760292803,,,False
rolling1,raw,K_minus_A_G_all_time,-5.986249998370973e-05,0.002840107669199887,1,-0.0023600528465594246,0.002480176109004962,,,False
rolling1,raw,C_minus_A_G_all_time,-0.0018005756161621042,0.08542624544293875,3,-0.002454365121273616,-0.0005120178650662929,,,False
rolling1,raw,C_minus_A_G_all_time,-0.0018005756161621042,0.08542624544293875,1,-0.0035775199176833646,0.00021553400023653115,,,False
rolling1,raw,D_minus_A_G_all_time,-0.0016245327515244706,0.07707409359326124,3,-0.0023052677926379203,-0.00026719663680273287,,,False
rolling1,raw,D_minus_A_G_all_time,-0.0016245327515244706,0.07707409359326124,1,-0.0034418233614467927,0.0004907675638572504,,,False
rolling1,raw,M_minus_A_G_all_time,0.0017957093546349728,-0.08519537124477965,3,0.0015720855206555681,0.002747346868016618,,,False
rolling1,raw,M_minus_A_G_all_time,0.0017957093546349728,-0.08519537124477965,1,0.00034934884776403885,0.0030101122883140815,,,False
rolling1,raw,S_minus_A_G_all_time,-0.001337683033592843,0.06346483764793423,3,-0.0013376830335928673,-0.00019620045736103847,,,False
rolling1,raw,S_minus_A_G_all_time,-0.001337683033592843,0.06346483764793423,1,-0.0033003981658137234,0.0002586523710045169,,,False
rolling1,raw,E_minus_A_G_all_time,0.0017338112651922248,-0.08225868736784486,3,0.0009082418345658406,0.003038075180680007,,,False
rolling1,raw,E_minus_A_G_all_time,0.0017338112651922248,-0.08225868736784486,1,-8.523738132295774e-05,0.003908479464623745,,,False
rolling1,raw,F_minus_A_G_all_time,0.0024669852888636224,-0.11704328821234562,3,0.0018293937778519759,0.003505007584171844,,,False
rolling1,raw,F_minus_A_G_all_time,0.0024669852888636224,-0.11704328821234562,1,0.001043911664147322,0.004208581171951222,,,False
rolling1,raw,E_internal_minus_A_G_all_time,-0.0006648669462133365,0.03154384988017312,3,-0.0013761184078483306,0.0006328914878121032,,,False
rolling1,raw,E_internal_minus_A_G_all_time,-0.0006648669462133365,0.03154384988017312,1,-0.0024077032620129953,0.0014215550026580957,,,False
rolling1,calibrated,R_union_minus_A_G_onset,0.0008041989929402404,-0.04687174569497602,3,0.0008041989929402499,0.0010082514784838115,,,False
rolling1,calibrated,R_union_minus_A_G_onset,0.0008041989929402404,-0.04687174569497602,1,-0.0006537295468186551,0.0029312429219045394,,,False
rolling1,calibrated,A_mono_minus_A_G_onset,8.419421365980263e-05,-0.004907155823737764,3,4.462246963556418e-05,0.00010502543543003569,,,False
rolling1,calibrated,A_mono_minus_A_G_onset,8.419421365980263e-05,-0.004907155823737764,1,2.643433825907412e-05,0.00013615572605435097,,,False
rolling1,calibrated,B_minus_A_G_onset,-0.0010411106253134404,0.06067984777202431,3,-0.0018766974386055946,-0.00038657219324095445,,,False
rolling1,calibrated,B_minus_A_G_onset,-0.0010411106253134404,0.06067984777202431,1,-0.003248975305558793,0.0011813934465673727,,,False
rolling1,calibrated,K_minus_A_G_onset,-0.0021653108610582587,0.1262024709320098,3,-0.0026863164887567723,-0.0013525670240760214,,,False
rolling1,calibrated,K_minus_A_G_onset,-0.0021653108610582587,0.1262024709320098,1,-0.0041691863642953145,-0.00015116940961999378,,,False
rolling1,calibrated,C_minus_A_G_onset,-0.002919255449947689,0.17014520071500347,3,-0.0032846015636030356,-0.00243800019520978,,,False
rolling1,calibrated,C_minus_A_G_onset,-0.002919255449947689,0.17014520071500347,1,-0.0047844368647963,-0.0013088660175013499,,,False
rolling1,calibrated,D_minus_A_G_onset,-0.002836204702116305,0.16530469038571552,3,-0.0032763257749266646,-0.0022723226213540084,,,False
rolling1,calibrated,D_minus_A_G_onset,-0.002836204702116305,0.16530469038571552,1,-0.004873889983140147,-0.0010152231268362455,,,False
rolling1,calibrated,M_minus_A_G_onset,-0.0008731506386728151,0.0508905072607064,3,-0.001259431490848218,-0.00040937033162635576,,,False
rolling1,calibrated,M_minus_A_G_onset,-0.0008731506386728151,0.0508905072607064,1,-0.0026111723546783424,0.0006823538897146458,,,False
rolling1,calibrated,S_minus_A_G_onset,-0.0028251747414382703,0.164661822741681,3,-0.0028251747414382525,-0.0023719865427842875,,,False
rolling1,calibrated,S_minus_A_G_onset,-0.0028251747414382703,0.164661822741681,1,-0.004407354281801999,-0.0014367523172646394,,,False
rolling1,calibrated,E_minus_A_G_onset,-0.0008374439672241721,0.04880938798743317,3,-0.0016026574757029392,-0.0001218978134289693,,,False
rolling1,calibrated,E_minus_A_G_onset,-0.0008374439672241721,0.04880938798743317,1,-0.0029747160332842908,0.0013750769723988691,,,False
rolling1,calibrated,F_minus_A_G_onset,-0.00040490583737061496,0.023599436963056573,3,-0.00124574326214872,0.0003251402279940002,,,False
rolling1,calibrated,F_minus_A_G_onset,-0.00040490583737061496,0.023599436963056573,1,-0.0023571121983332003,0.0017652940133329326,,,False
rolling1,calibrated,E_internal_minus_A_G_onset,-0.0023390636847424023,0.1363294398004132,3,-0.002754896130778329,-0.0018565734864284898,,,False
rolling1,calibrated,E_internal_minus_A_G_onset,-0.0023390636847424023,0.1363294398004132,1,-0.004447430344828949,-0.0005474538084843036,,,False
rolling1,calibrated,R_union_minus_A_G_all_time,0.002155784774584869,-0.08930650866711098,3,0.0012444697231022775,0.002445559096276622,,,False
rolling1,calibrated,R_union_minus_A_G_all_time,0.002155784774584869,-0.08930650866711098,1,-0.0012365611576324936,0.0067252948117365735,,,False
rolling1,calibrated,A_mono_minus_A_G_all_time,0.00010776900453456012,-0.004464487202515364,3,7.789390232683727e-05,0.00012256955345136752,,,False
rolling1,calibrated,A_mono_minus_A_G_all_time,0.00010776900453456012,-0.004464487202515364,1,6.299618407265086e-05,0.0001509105002672137,,,False
rolling1,calibrated,B_minus_A_G_all_time,0.00012028542882431791,-0.004982998218778453,3,-0.0008732162752906336,0.0001202854288242447,,,False
rolling1,calibrated,B_minus_A_G_all_time,0.00012028542882431791,-0.004982998218778453,1,-0.0017328783761660083,0.002161245948278167,,,False
rolling1,calibrated,K_minus_A_G_all_time,-0.0017108350422231485,0.07087382113816104,3,-0.0024347168544746056,-0.0014857755067623699,,,False
rolling1,calibrated,K_minus_A_G_all_time,-0.0017108350422231485,0.07087382113816104,1,-0.003126819686542999,-0.00015135673413842546,,,False
rolling1,calibrated,C_minus_A_G_all_time,-0.0032406106673649013,0.13424699351422315,3,-0.0037618415990592,-0.0032307461389516935,,,False
rolling1,calibrated,C_minus_A_G_all_time,-0.0032406106673649013,0.13424699351422315,1,-0.004543449684271329,-0.0018057439871773072,,,False
rolling1,calibrated,D_minus_A_G_all_time,-0.003190698445554265,0.13217930738790995,3,-0.003760642063759395,-0.003107296858337015,,,False
rolling1,calibrated,D_minus_A_G_all_time,-0.003190698445554265,0.13217930738790995,1,-0.004604952016539252,-0.0016331266350622549,,,False
rolling1,calibrated,M_minus_A_G_all_time,0.0005732560715369017,-0.02374796358372223,3,0.00024099699489527754,0.0005732560715367846,,,False
rolling1,calibrated,M_minus_A_G_all_time,0.0005732560715369017,-0.02374796358372223,1,-0.0007198783007502617,0.0016080601074518162,,,False
rolling1,calibrated,S_minus_A_G_all_time,-0.002871974736328807,0.118975715806817,3,-0.0029606205877847833,-0.00280211905087115,,,False
rolling1,calibrated,S_minus_A_G_all_time,-0.002871974736328807,0.118975715806817,1,-0.004037902147406295,-0.00211999179537024,,,False
rolling1,calibrated,E_minus_A_G_all_time,0.0004091378995526562,-0.016949130452727588,3,-0.0002555404572024064,0.0005182269001565709,,,False
rolling1,calibrated,E_minus_A_G_all_time,0.0004091378995526562,-0.016949130452727588,1,-0.0010780785015992098,0.0020470664790239873,,,False
rolling1,calibrated,F_minus_A_G_all_time,0.001346313287472572,-0.05577297914606018,3,0.0007534329690679804,0.0013463132874724816,,,False
rolling1,calibrated,F_minus_A_G_all_time,0.001346313287472572,-0.05577297914606018,1,-8.331632334037872e-05,0.002920819321560672,,,False
rolling1,calibrated,E_internal_minus_A_G_all_time,-0.0023851925408149358,0.0988100578639798,3,-0.002943816818562702,-0.00238519254081487,,,False
rolling1,calibrated,E_internal_minus_A_G_all_time,-0.0023851925408149358,0.0988100578639798,1,-0.0038264972979146286,-0.0007978282194202428,,,False
rolling2,raw,C_minus_R_union_onset,0.0012240127370707378,-0.15305679038231626,3,0.00030976434111647765,0.002618639392646841,0.00026952110382274727,0.0028723032874402397,True
rolling2,raw,C_minus_R_union_onset,0.0012240127370707378,-0.15305679038231626,1,-0.00029332575078816914,0.002904711834844865,-0.0007723192376970733,0.0034599751545800915,True
rolling2,raw,D_minus_C_onset,-0.0007505798325162257,0.08139783582197432,3,-0.0012566972604913917,-0.00046770830605305513,-0.0013670843241303798,-0.0003908172097178758,True
rolling2,raw,D_minus_C_onset,-0.0007505798325162257,0.08139783582197432,1,-0.001505432545073215,-9.496933287729346e-05,-0.001746420518576212,4.5495835342925044e-05,True
rolling2,raw,E_minus_D_onset,9.158460369024331e-05,-0.010812122891403868,3,1.010681104601091e-05,0.00015362783198670342,-1.1407259355489946e-05,0.00015514740162196616,True
rolling2,raw,E_minus_D_onset,9.158460369024331e-05,-0.010812122891403868,1,-8.229364382916428e-05,0.00026327895010806214,-0.00012505115720040302,0.0003280098980053806,True
rolling2,raw,E_minus_R_union_onset,0.0005650175082447551,-0.07065266863865839,3,-0.0001294487165296107,0.0015504018152890826,-0.00025124412425853344,0.0016403039096674586,True
rolling2,raw,E_minus_R_union_onset,0.0005650175082447551,-0.07065266863865839,1,-0.0005525342423801021,0.0016616424158294603,-0.0008391634170618915,0.0020225885424350093,True
rolling2,raw,R_union_minus_A_G_onset,-0.00037079337321498074,0.04431135734782095,3,-0.0016097333315054398,0.0007037008622954418,,,False
rolling2,raw,R_union_minus_A_G_onset,-0.00037079337321498074,0.04431135734782095,1,-0.0013274787542813683,0.000819162737570588,,,False
rolling2,raw,A_mono_minus_A_G_onset,-0.00016072525864994363,0.019207339950839397,3,-0.000586532209134941,0.0006381792763556163,,,False
rolling2,raw,A_mono_minus_A_G_onset,-0.00016072525864994363,0.019207339950839397,1,-0.0010053217042703308,0.0005753329020496729,,,False
rolling2,raw,B_minus_A_G_onset,0.00010871401484014265,-0.01299177900222313,3,-0.0002705415010325878,0.000620229716519693,,,False
rolling2,raw,B_minus_A_G_onset,0.00010871401484014265,-0.01299177900222313,1,-0.0007577763112179298,0.0010064441234951878,,,False
rolling2,raw,K_minus_A_G_onset,0.0003614961918084099,-0.043200305324258434,3,-8.145778756570021e-05,0.0009313218210618424,,,False
rolling2,raw,K_minus_A_G_onset,0.0003614961918084099,-0.043200305324258434,1,-0.00021414040432625464,0.0010591071587598474,,,False
rolling2,raw,C_minus_A_G_onset,0.000853219363855757,-0.10196327890135398,3,0.0002883835258526979,0.0015996964851215378,,,False
rolling2,raw,C_minus_A_G_onset,0.000853219363855757,-0.10196327890135398,1,-0.0002913064554709762,0.0021243445279879435,,,False
rolling2,raw,D_minus_A_G_onset,0.00010263953133953138,-0.012265852843497072,3,-0.00043749475226491537,0.000701299713642415,,,False
rolling2,raw,D_minus_A_G_onset,0.00010263953133953138,-0.012265852843497072,1,-0.0006651864999778967,0.0008296420177391706,,,False
rolling2,raw,M_minus_A_G_onset,0.0006159943383588235,-0.07361389718102321,3,3.681300552900706e-05,0.0015213147734987643,,,False
rolling2,raw,M_minus_A_G_onset,0.0006159943383588235,-0.07361389718102321,1,-0.0004484548423944184,0.0017538081975720628,,,False
rolling2,raw,S_minus_A_G_onset,0.00012566599654890206,-0.015017611645178825,3,-0.00031658366862676913,0.0006615986049413446,,,False
rolling2,raw,S_minus_A_G_onset,0.00012566599654890206,-0.015017611645178825,1,-0.0005861987668270125,0.0008421886649784292,,,False
rolling2,raw,E_minus_A_G_onset,0.00019422413502977485,-0.023210595643212727,3,-0.0003209142993920282,0.0008054007252012857,,,False
rolling2,raw,E_minus_A_G_onset,0.00019422413502977485,-0.023210595643212727,1,-0.0005985140001917109,0.000986783242335712,,,False
rolling2,raw,F_minus_A_G_onset,3.521662451489387e-05,-0.004208533771607455,3,-0.0006116383006231282,0.0006820715496528964,,,False
rolling2,raw,F_minus_A_G_onset,3.521662451489387e-05,-0.004208533771607455,1,-0.0008027663354343984,0.0008483815759383762,,,False
rolling2,raw,E_internal_minus_A_G_onset,0.0006052209562570501,-0.0723264330065232,3,-9.415431878316734e-05,0.00156059022934988,,,False
rolling2,raw,E_internal_minus_A_G_onset,0.0006052209562570501,-0.0723264330065232,1,-0.0005242054282536728,0.001805304360147735,,,False
rolling2,raw,C_minus_R_union_all_time,0.0036580897714446727,-0.26683419714994,3,0.0022165969353095255,0.006004297544037911,,,False
rolling2,raw,C_minus_R_union_all_time,0.0036580897714446727,-0.26683419714994,1,0.0015300490200891902,0.005386738739944372,,,False
rolling2,raw,D_minus_C_all_time,-0.0013008214735175864,0.07490055704195475,3,-0.0019551836967949543,-0.0009108341143901043,,,False
rolling2,raw,D_minus_C_all_time,-0.0013008214735175864,0.07490055704195475,1,-0.0021240192463277386,-0.0004313719390116906,,,False
rolling2,raw,E_minus_D_all_time,0.00028730488049525516,-0.017882240610671778,3,0.00011255588555116047,0.0005861971953455569,,,False
rolling2,raw,E_minus_D_all_time,0.00028730488049525516,-0.017882240610671778,1,9.444628982982431e-05,0.0004973476772013122,,,False
rolling2,raw,E_minus_R_union_all_time,0.0026445731784223423,-0.19290465925058659,3,0.001412390968023718,0.004822669045120666,,,False
rolling2,raw,E_minus_R_union_all_time,0.0026445731784223423,-0.19290465925058659,1,0.0010226668138295877,0.004194895941639099,,,False
rolling2,raw,R_union_minus_A_G_all_time,-0.0020244533893711233,0.12867007141419248,3,-0.005022745146656151,-0.0002577558217649774,,,False
rolling2,raw,R_union_minus_A_G_all_time,-0.0020244533893711233,0.12867007141419248,1,-0.004169509007367837,0.00011332660954937303,,,False
rolling2,raw,A_mono_minus_A_G_all_time,-0.0008023985938500692,0.05099879548494223,3,-0.0013375096363630046,-0.0002760160168271443,,,False
rolling2,raw,A_mono_minus_A_G_all_time,-0.0008023985938500692,0.05099879548494223,1,-0.0018345247657550138,9.169664633551257e-05,,,False
rolling2,raw,B_minus_A_G_all_time,0.00037743001378222286,-0.023988671254270857,3,-0.0013447709816067216,0.002685382844548452,,,False
rolling2,raw,B_minus_A_G_all_time,0.00037743001378222286,-0.023988671254270857,1,-0.0012806874457607935,0.0028481323278518995,,,False
rolling2,raw,K_minus_A_G_all_time,0.0006531191578798638,-0.04151090320359738,3,-0.0003331838113273568,0.0019916810379715134,,,False
rolling2,raw,K_minus_A_G_all_time,0.0006531191578798638,-0.04151090320359738,1,-0.0002345033370233642,0.0017931936146644823,,,False
rolling2,raw,C_minus_A_G_all_time,0.00163363638207355,-0.10383055053271606,3,0.00017330258897589775,0.004074116126158118,,,False
rolling2,raw,C_minus_A_G_all_time,0.00163363638207355,-0.10383055053271606,1,9.280660575681446e-06,0.0038395978368475996,,,False
rolling2,raw,D_minus_A_G_all_time,0.00033281490855596355,-0.021153027417888055,3,-0.0015175059161011487,0.002483865518186801,,,False
rolling2,raw,D_minus_A_G_all_time,0.00033281490855596355,-0.021153027417888055,1,-0.0011420230127285687,0.0021520128931379846,,,False
rolling2,raw,M_minus_A_G_all_time,0.0012679806317497876,-0.08059022711791819,3,-0.000623132183930477,0.004041910662244668,,,False
rolling2,raw,M_minus_A_G_all_time,0.0012679806317497876,-0.08059022711791819,1,-0.00044076210583595093,0.003693553748394772,,,False
rolling2,raw,S_minus_A_G_all_time,0.0002714074728560043,-0.01725009777852962,3,-0.0014011282195485267,0.002321803037211711,,,False
rolling2,raw,S_minus_A_G_all_time,0.0002714074728560043,-0.01725009777852962,1,-0.0011162509098465911,0.0022049207833512016,,,False
rolling2,raw,E_minus_A_G_all_time,0.0006201197890512185,-0.03941353155449063,3,-0.0010829573693392283,0.0028805787511721748,,,False
rolling2,raw,E_minus_A_G_all_time,0.0006201197890512185,-0.03941353155449063,1,-0.0008518936048719367,0.002550959505140544,,,False
rolling2,raw,F_minus_A_G_all_time,0.00012383566610080405,-0.007870738879181742,3,-0.0018379362931011355,0.0022325468846724275,,,False
rolling2,raw,F_minus_A_G_all_time,0.00012383566610080405,-0.007870738879181742,1,-0.0013927552700650036,0.0018795192294069824,,,False
rolling2,raw,E_internal_minus_A_G_all_time,0.001131788962234264,-0.07193416621052227,3,-0.0007998434131499567,0.0038828387102816803,,,False
rolling2,raw,E_internal_minus_A_G_all_time,0.001131788962234264,-0.07193416621052227,1,-0.0005880084753619232,0.0035135885913746526,,,False
rolling2,calibrated,R_union_minus_A_G_onset,-0.00143140275789338,0.13124416097981903,3,-0.003187137261401211,-0.0004571888301851323,,,False
rolling2,calibrated,R_union_minus_A_G_onset,-0.00143140275789338,0.13124416097981903,1,-0.0027332849506233954,-0.0002932579250811475,,,False
rolling2,calibrated,A_mono_minus_A_G_onset,2.571783398214195e-05,-0.0023580473941324583,3,-4.669834421388436e-06,9.664788502610974e-05,,,False
rolling2,calibrated,A_mono_minus_A_G_onset,2.571783398214195e-05,-0.0023580473941324583,1,-2.4132636795781313e-05,8.302510210577423e-05,,,False
rolling2,calibrated,B_minus_A_G_onset,-0.0011938700393968292,0.1094649781660205,3,-0.0035215047970789935,3.924083471604743e-05,,,False
rolling2,calibrated,B_minus_A_G_onset,-0.0011938700393968292,0.1094649781660205,1,-0.0031796808217408783,3.993172095463062e-05,,,False
rolling2,calibrated,K_minus_A_G_onset,-0.0004234775667868697,0.038828315538887534,3,-0.0012315709365381504,6.766603593867659e-07,,,False
rolling2,calibrated,K_minus_A_G_onset,-0.0004234775667868697,0.038828315538887534,1,-0.001182609716397549,3.463137060783633e-05,,,False
rolling2,calibrated,C_minus_A_G_onset,-0.0006095053855250546,0.05588505575722483,3,-0.0024684940900342803,0.0004429684938340433,,,False
rolling2,calibrated,C_minus_A_G_onset,-0.0006095053855250546,0.05588505575722483,1,-0.0023673713200927224,0.0004833098165976033,,,False
rolling2,calibrated,D_minus_A_G_onset,-0.0014221367001109922,0.13039456363725854,3,-0.003646494679095275,-0.00019896465194516478,,,False
rolling2,calibrated,D_minus_A_G_onset,-0.0014221367001109922,0.13039456363725854,1,-0.003344318267557442,-0.000210208995047181,,,False
rolling2,calibrated,M_minus_A_G_onset,-0.0012734099179668972,0.11675792529064999,3,-0.0036036474321193453,-3.725467031154891e-05,,,False
rolling2,calibrated,M_minus_A_G_onset,-0.0012734099179668972,0.11675792529064999,1,-0.0033823038922159545,-3.955202474250132e-05,,,False
rolling2,calibrated,S_minus_A_G_onset,-0.0013564198339370383,0.12436903733750686,3,-0.003562684642782074,-0.00013427722917594507,,,False
rolling2,calibrated,S_minus_A_G_onset,-0.0013564198339370383,0.12436903733750686,1,-0.003203162181917703,-0.0001525014203525017,,,False
rolling2,calibrated,E_minus_A_G_onset,-0.0010641921969285,0.09757492168919991,3,-0.0029398256947606484,-3.909970152854176e-05,,,False
rolling2,calibrated,E_minus_A_G_onset,-0.0010641921969285,0.09757492168919991,1,-0.002687797343929771,-3.465845852008986e-05,,,False
rolling2,calibrated,F_minus_A_G_onset,-0.0014880064280153077,0.13643410570541403,3,-0.0036949555591132034,-0.00034855277774381403,,,False
rolling2,calibrated,F_minus_A_G_onset,-0.0014880064280153077,0.13643410570541403,1,-0.003372156438970081,-0.0002965020668118553,,,False
rolling2,calibrated,E_internal_minus_A_G_onset,-0.0010588066472317244,0.09708112499398558,3,-0.003276652965700574,1.3153653067850789e-05,,,False
rolling2,calibrated,E_internal_minus_A_G_onset,-0.0010588066472317244,0.09708112499398558,1,-0.0031317635568292477,1.7260584481930913e-05,,,False
rolling2,calibrated,R_union_minus_A_G_all_time,-0.003987695524072374,0.19172715364826332,3,-0.007299925984588177,-0.0017399067997683204,,,False
rolling2,calibrated,R_union_minus_A_G_all_time,-0.003987695524072374,0.19172715364826332,1,-0.006464107922381532,-0.0014515230146343147,,,False
rolling2,calibrated,A_mono_minus_A_G_all_time,-3.717828717664076e-05,0.0017875204199681745,3,-5.710686357141698e-05,-1.0209391072955876e-05,,,False
rolling2,calibrated,A_mono_minus_A_G_all_time,-3.717828717664076e-05,0.0017875204199681745,1,-9.657184841775643e-05,5.059201396700189e-06,,,False
rolling2,calibrated,B_minus_A_G_all_time,0.0002158782762460823,-0.01037936000612359,3,-0.0006134340216851247,0.0017393464964098881,,,False
rolling2,calibrated,B_minus_A_G_all_time,0.0002158782762460823,-0.01037936000612359,1,-0.0024573275801812165,0.0034921812385883128,,,False
rolling2,calibrated,K_minus_A_G_all_time,-0.0002061336037006251,0.0099108391977779,3,-0.0010723075419538791,0.0005736285865308097,,,False
rolling2,calibrated,K_minus_A_G_all_time,-0.0002061336037006251,0.0099108391977779,1,-0.001300469676701183,0.0009989309433324379,,,False
rolling2,calibrated,C_minus_A_G_all_time,0.0010050566877202103,-0.048322811214773685,3,0.00010830472111458475,0.0031610620622075335,,,False
rolling2,calibrated,C_minus_A_G_all_time,0.0010050566877202103,-0.048322811214773685,1,-0.0016662763845760552,0.00451173401626571,,,False
rolling2,calibrated,D_minus_A_G_all_time,-0.0008687437669801631,0.04176892861736798,3,-0.0021769638294232736,0.00031850838187628266,,,False
rolling2,calibrated,D_minus_A_G_all_time,-0.0008687437669801631,0.04176892861736798,1,-0.003673635082028205,0.002167092464500451,,,False
rolling2,calibrated,M_minus_A_G_all_time,-0.0004961903678265739,0.023856677701892468,3,-0.0018775014765266967,0.0009147875553065163,,,False
rolling2,calibrated,M_minus_A_G_all_time,-0.0004961903678265739,0.023856677701892468,1,-0.0033837061309702357,0.002566078506258013,,,False
rolling2,calibrated,S_minus_A_G_all_time,-0.0012085795305829586,0.05810812584798019,3,-0.0024162409583997416,-1.6229886438477725e-05,,,False
rolling2,calibrated,S_minus_A_G_all_time,-0.0012085795305829586,0.05810812584798019,1,-0.004093329455116628,0.0016728148831917954,,,False
rolling2,calibrated,E_minus_A_G_all_time,0.0006326508810786945,-0.030417656501119206,3,-2.0274323812574657e-05,0.002805621604454564,,,False
rolling2,calibrated,E_minus_A_G_all_time,0.0006326508810786945,-0.030417656501119206,1,-0.0025648121339400766,0.0045957985151624135,,,False
rolling2,calibrated,F_minus_A_G_all_time,-0.0011834760664809593,0.056901159145047855,3,-0.0028830104700286394,0.0002058011731500345,,,False
rolling2,calibrated,F_minus_A_G_all_time,-0.0011834760664809593,0.056901159145047855,1,-0.0041192320977241,0.001976384724333371,,,False
rolling2,calibrated,E_internal_minus_A_G_all_time,0.00012194675991148385,-0.005863162077775675,3,-0.0013101108662089897,0.002123589816657258,,,False
rolling2,calibrated,E_internal_minus_A_G_all_time,0.00012194675991148385,-0.005863162077775675,1,-0.00280494931265752,0.0037397376484801393,,,False
main,raw,C_minus_B_onset,-4.4990045545692246e-05,0.004599555741794633,3,-0.00019088960388966014,6.345303111309633e-05,-0.00021176957764042968,0.00011017669105531196,True
main,raw,C_minus_B_onset,-4.4990045545692246e-05,0.004599555741794633,1,-0.0001672808610345316,7.292570451542057e-05,-0.00020353213140948318,0.00010300856531554714,True
main,raw,D_minus_C_onset,-0.00022717696985726413,0.023332749896834214,3,-0.0004779194582470482,-4.393704902033199e-05,-0.0005304794529618906,-1.5168371085386238e-05,True
main,raw,D_minus_C_onset,-0.00022717696985726413,0.023332749896834214,1,-0.0004667635835992758,-9.28272503243505e-06,-0.0005207569960185323,3.4498778011359466e-05,True
main,raw,E_minus_D_onset,0.00017325140496162616,-0.018219303206166243,3,-4.607610406539733e-05,0.0005465384390102128,-7.00414561112684e-05,0.0006421024370392063,True
main,raw,E_minus_D_onset,0.00017325140496162616,-0.018219303206166243,1,-7.845925774345015e-05,0.00047565246853891396,-0.00011264161638103146,0.0005661105955211742,True
main,raw,E_minus_B_onset,-9.891561044133017e-05,0.010112633993590256,3,-0.0002894929881622278,1.412553547814731e-05,-0.0003039493114325291,3.001606722122588e-05,True
main,raw,E_minus_B_onset,-9.891561044133017e-05,0.010112633993590256,1,-0.0003163046946004834,7.838623462225395e-05,-0.0003624963390984165,0.00011594551233197939,True
main,raw,R_union_minus_A_G_onset,-0.00047629077098541904,0.04743757087531832,3,-0.002035673289242594,0.001552823374936894,,,False
main,raw,R_union_minus_A_G_onset,-0.00047629077098541904,0.04743757087531832,1,-0.002512350182321673,0.0013805886966989525,,,False
main,raw,A_mono_minus_A_G_onset,-0.0007177726143307757,0.07148866058066254,3,-0.0013129592913770146,-3.1308032004474685e-05,,,False
main,raw,A_mono_minus_A_G_onset,-0.0007177726143307757,0.07148866058066254,1,-0.0017236247531868549,7.50321888106163e-05,,,False
main,raw,B_minus_A_G_onset,-0.00025898080841586687,0.025793950256808612,3,-0.0012341556896386888,0.001342795482411542,,,False
main,raw,B_minus_A_G_onset,-0.00025898080841586687,0.025793950256808612,1,-0.0015487875483555832,0.0010342245462163393,,,False
main,raw,K_minus_A_G_onset,-0.0004898995456472408,0.0487929765473845,3,-0.0012435794778189804,0.0005304987090806613,,,False
main,raw,K_minus_A_G_onset,-0.0004898995456472408,0.0487929765473845,1,-0.00154751926855501,0.0004084885396158967,,,False
main,raw,C_minus_A_G_onset,-0.0003039708539615592,0.030274865286595985,3,-0.0012491428420468513,0.0011460857094617478,,,False
main,raw,C_minus_A_G_onset,-0.0003039708539615592,0.030274865286595985,1,-0.0015181596160482643,0.0008905837021648833,,,False
main,raw,D_minus_A_G_onset,-0.0005311478238188232,0.052901219323537696,3,-0.0014226244757629541,0.0008073368438549274,,,False
main,raw,D_minus_A_G_onset,-0.0005311478238188232,0.052901219323537696,1,-0.0017445383354862197,0.0005702298352277676,,,False
main,raw,M_minus_A_G_onset,-0.0005330757178143614,0.05309323355859043,3,-0.0011104133947842515,0.0003393294287923966,,,False
main,raw,M_minus_A_G_onset,-0.0005330757178143614,0.05309323355859043,1,-0.0014111641781953256,0.00021328705876863988,,,False
main,raw,S_minus_A_G_onset,-0.0004316742435494255,0.04299385747294311,3,-0.0009665474267133781,0.00036502750936838615,,,False
main,raw,S_minus_A_G_onset,-0.0004316742435494255,0.04299385747294311,1,-0.00118979356798705,0.00023376588313830032,,,False
main,raw,E_minus_A_G_onset,-0.00035789641885719715,0.035645739472202904,3,-0.0014454925433122958,0.0012408898465033963,,,False
main,raw,E_minus_A_G_onset,-0.00035789641885719715,0.035645739472202904,1,-0.0017427745635110684,0.000986841252976701,,,False
main,raw,F_minus_A_G_onset,-0.00040472278536339416,0.040309548253077546,3,-0.0014225941209072704,0.0011477602283335026,,,False
main,raw,F_minus_A_G_onset,-0.00040472278536339416,0.040309548253077546,1,-0.001736339903234359,0.0008855432645761652,,,False
main,raw,E_internal_minus_A_G_onset,-0.00032845108053711046,0.03271304497422448,3,-0.000990911296073673,0.0007386239723147312,,,False
main,raw,E_internal_minus_A_G_onset,-0.00032845108053711046,0.03271304497422448,1,-0.0012426787644244691,0.0005519324324148529,,,False
main,raw,C_minus_B_all_time,-9.468030797245251e-05,0.007003757350083616,3,-0.00013314798238746504,-4.799318662563215e-06,,,False
main,raw,C_minus_B_all_time,-9.468030797245251e-05,0.007003757350083616,1,-0.00022420647342600357,5.631207444025199e-06,,,False
main,raw,D_minus_C_all_time,-0.00010854725595079333,0.008086166382276714,3,-0.000402075355732414,0.00010022929623689608,,,False
main,raw,D_minus_C_all_time,-0.00010854725595079333,0.008086166382276714,1,-0.0003697526220772391,0.00014729982480607558,,,False
main,raw,E_minus_D_all_time,0.00016575384481728065,-0.012448398657352191,3,-6.583101139204846e-05,0.00044063197694427236,,,False
main,raw,E_minus_D_all_time,0.00016575384481728065,-0.012448398657352191,1,-0.00011481703223772625,0.00047867613023001854,,,False
main,raw,E_minus_B_all_time,-3.747371910596517e-05,0.0027720319171303806,3,-0.00029362686460390834,0.00013790956997596838,,,False
main,raw,E_minus_B_all_time,-3.747371910596517e-05,0.0027720319171303806,1,-0.00031789521372356804,0.00027865452404239973,,,False
main,raw,R_union_minus_A_G_all_time,-0.00193523512761592,0.13514697669981424,3,-0.0032579994298945294,0.0006867447338092855,,,False
main,raw,R_union_minus_A_G_all_time,-0.00193523512761592,0.13514697669981424,1,-0.004154817622917161,0.00044559952190043625,,,False
main,raw,A_mono_minus_A_G_all_time,-0.001158527360634111,0.08090565739502725,3,-0.0017765610767739766,-0.0005727840536618298,,,False
main,raw,A_mono_minus_A_G_all_time,-0.001158527360634111,0.08090565739502725,1,-0.002335651290365986,-7.64990387509621e-05,,,False
main,raw,B_minus_A_G_all_time,-0.0008009831300158215,0.055936587169410155,3,-0.0015376232607455746,0.0002649565778419707,,,False
main,raw,B_minus_A_G_all_time,-0.0008009831300158215,0.055936587169410155,1,-0.0020622936907539365,0.00032567354983026927,,,False
main,raw,K_minus_A_G_all_time,-0.000934715068077436,0.06527574542430362,3,-0.0016343283547972202,-0.00014462002424913897,,,False
main,raw,K_minus_A_G_all_time,-0.000934715068077436,0.06527574542430362,1,-0.002031388069407942,6.489321814273183e-05,,,False
main,raw,C_minus_A_G_all_time,-0.0008956634379882743,0.06254857823596745,3,-0.001625610551170456,0.00020519977891288524,,,False
main,raw,C_minus_A_G_all_time,-0.0008956634379882743,0.06254857823596745,1,-0.0021340459947990034,0.00021398773766269884,,,False
main,raw,D_minus_A_G_all_time,-0.0010042106939390674,0.07012896640765326,3,-0.0016766954537142953,-7.152149629477848e-06,,,False
main,raw,D_minus_A_G_all_time,-0.0010042106939390674,0.07012896640765326,1,-0.0022366377764261804,4.130261888747427e-05,,,False
main,raw,M_minus_A_G_all_time,-0.0009224516423976457,0.06441933015932841,3,-0.0014314753782514716,-0.0001895874945572265,,,False
main,raw,M_minus_A_G_all_time,-0.0009224516423976457,0.06441933015932841,1,-0.0019942357767553385,-5.301966257888325e-06,,,False
main,raw,S_minus_A_G_all_time,-0.000898399402180886,0.06273964405722811,3,-0.0013366818464327426,-0.0002282853920777643,,,False
main,raw,S_minus_A_G_all_time,-0.000898399402180886,0.06273964405722811,1,-0.001855557027044024,-0.00011018401973960467,,,False
main,raw,E_minus_A_G_all_time,-0.0008384568491217867,0.05855356108157159,3,-0.0017051770332628688,0.0002799625356709433,,,False
main,raw,E_minus_A_G_all_time,-0.0008384568491217867,0.05855356108157159,1,-0.002297898446686226,0.0004592641352847817,,,False
main,raw,F_minus_A_G_all_time,-0.0010102590549816528,0.07055135317463043,3,-0.001746367696970185,0.00017318780996504989,,,False
main,raw,F_minus_A_G_all_time,-0.0010102590549816528,0.07055135317463043,1,-0.0022795661771038895,0.00012028410784301725,,,False
main,raw,E_internal_minus_A_G_all_time,-0.0007337643623572687,0.05124237038050138,3,-0.0012289502024929143,1.4525757109970333e-05,,,False
main,raw,E_internal_minus_A_G_all_time,-0.0007337643623572687,0.05124237038050138,1,-0.0017122431597635965,9.878499512790396e-05,,,False
main,calibrated,R_union_minus_A_G_onset,-1.892308692574404e-05,0.00222433737058081,3,-0.0013011564080101356,0.0017791005816723817,,,False
main,calibrated,R_union_minus_A_G_onset,-1.892308692574404e-05,0.00222433737058081,1,-0.001323631442939158,0.001453051526393516,,,False
main,calibrated,A_mono_minus_A_G_onset,-7.15034243472624e-05,0.00840495736896584,3,-0.00032954598450893,0.00010186155676637863,,,False
main,calibrated,A_mono_minus_A_G_onset,-7.15034243472624e-05,0.00840495736896584,1,-0.0003382528543871246,0.00017808128525055792,,,False
main,calibrated,B_minus_A_G_onset,0.0002484674226879994,-0.02920640674671976,3,-0.00042516954890659686,0.0015175932130840602,,,False
main,calibrated,B_minus_A_G_onset,0.0002484674226879994,-0.02920640674671976,1,-0.000784761775313281,0.0013447991304512239,,,False
main,calibrated,K_minus_A_G_onset,0.00018474347272052764,-0.021715897197728932,3,-0.0001697024364505205,0.0008370536311539156,,,False
main,calibrated,K_minus_A_G_onset,0.00018474347272052764,-0.021715897197728932,1,-0.0003191634857692419,0.0007534551907437248,,,False
main,calibrated,C_minus_A_G_onset,0.00018696095226270663,-0.021976553539557433,3,-0.0004442106010667055,0.0013346637631053548,,,False
main,calibrated,C_minus_A_G_onset,0.00018696095226270663,-0.021976553539557433,1,-0.0007651521006244386,0.001161815267698596,,,False
main,calibrated,D_minus_A_G_onset,0.00010798040568604387,-0.012692688703510781,3,-0.0004457784389214956,0.0010659657035781962,,,False
main,calibrated,D_minus_A_G_onset,0.00010798040568604387,-0.012692688703510781,1,-0.0006948976524594414,0.0008966772696304206,,,False
main,calibrated,M_minus_A_G_onset,2.7381604584094957e-05,-0.0032186041623055352,3,-0.00025026164474925214,0.0005299565175471907,,,False
main,calibrated,M_minus_A_G_onset,2.7381604584094957e-05,-0.0032186041623055352,1,-0.00039945849943973994,0.0004448207999149738,,,False
main,calibrated,S_minus_A_G_onset,5.7211632103146706e-05,-0.006725011189681797,3,-0.0002251013978579984,0.0005687608402146034,,,False
main,calibrated,S_minus_A_G_onset,5.7211632103146706e-05,-0.006725011189681797,1,-0.0003843763582375059,0.0004886733634911283,,,False
main,calibrated,E_minus_A_G_onset,0.0002926731223810829,-0.0344026197222162,3,-0.0003638695416008069,0.0015357379691423416,,,False
main,calibrated,E_minus_A_G_onset,0.0002926731223810829,-0.0344026197222162,1,-0.000693344695577705,0.0013444201273783254,,,False
main,calibrated,F_minus_A_G_onset,0.000174816001617715,-0.02054896047878877,3,-0.0004641586875178666,0.0013811633496332385,,,False
main,calibrated,F_minus_A_G_onset,0.000174816001617715,-0.02054896047878877,1,-0.000877450387748341,0.00117684441536281,,,False
main,calibrated,E_internal_minus_A_G_onset,0.00014320312060826985,-0.01683298575981366,3,-0.0002630150342175491,0.000909763245560755,,,False
main,calibrated,E_internal_minus_A_G_onset,0.00014320312060826985,-0.01683298575981366,1,-0.0005182530918808484,0.0007854523404101369,,,False
main,calibrated,R_union_minus_A_G_all_time,-0.0010954586478353215,0.0902051314379474,3,-0.002077390389632113,0.0010908973517418513,,,False
main,calibrated,R_union_minus_A_G_all_time,-0.0010954586478353215,0.0902051314379474,1,-0.0028626346702338725,0.0007101127236953204,,,False
main,calibrated,A_mono_minus_A_G_all_time,-0.00010161278801188827,0.008367266912814197,3,-0.0004041919411316465,6.529191424969709e-05,,,False
main,calibrated,A_mono_minus_A_G_all_time,-0.00010161278801188827,0.008367266912814197,1,-0.0004347701810266956,0.0002736386916708063,,,False
main,calibrated,B_minus_A_G_all_time,0.0007077322336031332,-0.05827794529825086,3,3.4926725750015325e-05,0.001491647573417106,,,False
main,calibrated,B_minus_A_G_all_time,0.0007077322336031332,-0.05827794529825086,1,-0.00013898643470035453,0.0016208774019175441,,,False
main,calibrated,K_minus_A_G_all_time,0.0006933860403198804,-0.05709661339374929,3,0.0001331344835941847,0.001300814406607195,,,False
main,calibrated,K_minus_A_G_all_time,0.0006933860403198804,-0.05709661339374929,1,5.872885926442907e-05,0.001335874064994123,,,False
main,calibrated,C_minus_A_G_all_time,0.0004774229288122756,-0.03931321198668848,3,-2.9486650436996393e-05,0.001333676182597775,,,False
main,calibrated,C_minus_A_G_all_time,0.0004774229288122756,-0.03931321198668848,1,-0.00030209472602106525,0.0013469389160854293,,,False
main,calibrated,D_minus_A_G_all_time,0.0006778741988800137,-0.055819296629038215,3,0.00011632337751925172,0.0013618900863945592,,,False
main,calibrated,D_minus_A_G_all_time,0.0006778741988800137,-0.055819296629038215,1,-3.029281864251518e-05,0.0013982128983681915,,,False
main,calibrated,M_minus_A_G_all_time,0.0006636069772318306,-0.054644467614203364,3,0.00012892408894434236,0.0012395795381933798,,,False
main,calibrated,M_minus_A_G_all_time,0.0006636069772318306,-0.054644467614203364,1,-1.1781831840538842e-05,0.0013500390040779573,,,False
main,calibrated,S_minus_A_G_all_time,0.0005280262998198982,-0.04348012759045486,3,0.00015285695400127364,0.0009879511079988242,,,False
main,calibrated,S_minus_A_G_all_time,0.0005280262998198982,-0.04348012759045486,1,-5.6699667182027575e-05,0.0010886483053037137,,,False
main,calibrated,E_minus_A_G_all_time,0.0009379522994700289,-0.07723533026409404,3,0.00012553779302702014,0.0018076638169987832,,,False
main,calibrated,E_minus_A_G_all_time,0.0009379522994700289,-0.07723533026409404,1,-9.857547702685943e-06,0.0019077571686161533,,,False
main,calibrated,F_minus_A_G_all_time,0.0005065569321058832,-0.041712240559429764,3,-3.7775028184574774e-05,0.0013947456133236499,,,False
main,calibrated,F_minus_A_G_all_time,0.0005065569321058832,-0.041712240559429764,1,-0.00035993328701368425,0.0014234033990436887,,,False
main,calibrated,E_internal_minus_A_G_all_time,0.0006756380417225804,-0.055635161106715424,3,0.0001639268112538106,0.0012197444599212819,,,False
main,calibrated,E_internal_minus_A_G_all_time,0.0006756380417225804,-0.055635161106715424,1,2.025933305794745e-06,0.001277182423315853,,,False
topology,raw,D_minus_C_onset,0.00013651862690176116,-0.01101316568509502,3,-8.329165206359028e-06,0.00023083751603204648,,,False
topology,raw,D_minus_C_onset,0.00013651862690176116,-0.01101316568509502,1,1.155547814444503e-05,0.0002496814210431452,,,False
topology,raw,D_minus_D_rewire_20261004_onset,7.875504344891081e-06,-0.0006288033194910016,3,-1.6682288807413555e-05,3.992496259219118e-05,,,False
topology,raw,D_minus_D_rewire_20261004_onset,7.875504344891081e-06,-0.0006288033194910016,1,-2.002753054029145e-05,3.8437839536049896e-05,,,False
topology,raw,D_minus_D_rewire_20261005_onset,-0.00024897578662776354,0.019479475206720293,3,-0.00033078995212989766,-0.00010964976865368373,,,False
topology,raw,D_minus_D_rewire_20261005_onset,-0.00024897578662776354,0.019479475206720293,1,-0.0003705567964992343,-0.00013703136570095446,,,False
topology,raw,E_minus_E_self_onset,-0.0008343847004447314,0.06361167401364669,3,-0.001171529186827683,-0.00033008176409934106,,,False
topology,raw,E_minus_E_self_onset,-0.0008343847004447314,0.06361167401364669,1,-0.0012360436956715829,-0.0004524064375439323,,,False
topology,raw,E_minus_E_rewire_20261004_onset,2.6961077969444684e-05,-0.002199916090816416,3,-1.6137343539678094e-05,7.181436299207017e-05,,,False
topology,raw,E_minus_E_rewire_20261004_onset,2.6961077969444684e-05,-0.002199916090816416,1,-1.4048991370596607e-05,6.749436501379462e-05,,,False
topology,raw,E_minus_E_rewire_20261005_onset,-0.00060103961228116,0.04665187612756164,3,-0.0008829801996204601,-0.0002097898548046835,,,False
topology,raw,E_minus_E_rewire_20261005_onset,-0.00060103961228116,0.04665187612756164,1,-0.0009032110223536709,-0.00030306729750494913,,,False
topology,raw,E_minus_E_internal_onset,-0.0004708215750554413,0.03691766910783866,3,-0.0006893129671623479,-0.00017746670309255112,,,False
topology,raw,E_minus_E_internal_onset,-0.0004708215750554413,0.03691766910783866,1,-0.000695217203533911,-0.00024489148658260907,,,False
topology,raw,D_minus_C_all_time,0.0002687249097693305,-0.015683615444545763,3,6.695753166236106e-05,0.0003913841465254794,,,False
topology,raw,D_minus_C_all_time,0.0002687249097693305,-0.015683615444545763,1,0.00011061213648351273,0.00044080038665754277,,,False
topology,raw,D_minus_D_rewire_20261004_all_time,-6.36917255596046e-06,0.0003658507180386792,3,-3.612576833359896e-05,3.021870838602378e-05,,,False
topology,raw,D_minus_D_rewire_20261004_all_time,-6.36917255596046e-06,0.0003658507180386792,1,-4.1178532918173964e-05,2.9104608751867204e-05,,,False
topology,raw,D_minus_D_rewire_20261005_all_time,-8.743131178776866e-05,0.004998853260155068,3,-0.00016230164381942288,2.0488180296023612e-05,,,False
topology,raw,D_minus_D_rewire_20261005_all_time,-8.743131178776866e-05,0.004998853260155068,1,-0.00021176533405446737,3.259832461152645e-05,,,False
topology,raw,E_minus_E_self_all_time,-0.0003924073464969492,0.02201792768906275,3,-0.000641343572894955,-4.026376414458323e-05,,,False
topology,raw,E_minus_E_self_all_time,-0.0003924073464969492,0.02201792768906275,1,-0.0007650687512190561,-3.7459409874042294e-05,,,False
topology,raw,E_minus_E_rewire_20261004_all_time,0.0002104345506593346,-0.0122208309187011,3,0.00010633745740981554,0.0003136157055430776,,,False
topology,raw,E_minus_E_rewire_20261004_all_time,0.0002104345506593346,-0.0122208309187011,1,0.00012578723794663408,0.00029790556108171234,,,False
topology,raw,E_minus_E_rewire_20261005_all_time,-0.000248789728589162,0.01407296602917384,3,-0.00043925532090842494,1.6948530758696753e-05,,,False
topology,raw,E_minus_E_rewire_20261005_all_time,-0.000248789728589162,0.01407296602917384,1,-0.0005105036514533178,1.2829904738548374e-05,,,False
topology,raw,E_minus_E_internal_all_time,-7.194214564230155e-05,0.004110578284392232,3,-0.0002496989590414257,0.0001486045543366618,,,False
topology,raw,E_minus_E_internal_all_time,-7.194214564230155e-05,0.004110578284392232,1,-0.0003067764958640273,0.00017151835077132768,,,False
