dataset,principal,left,right,metric,subjects,excluded_subjects,eligible_episodes,excluded_episodes,resamples,estimand,difference,ci95
synthetic,True,M1,B2,correction_completeness,10,0,20,0,2000,equal-subject mean of equal-episode paired differences; each retained episode has defined denominators in both methods,0.0,"[0.0, 0.0]"
synthetic,True,M1,B1,case_error,10,0,20,0,2000,equal-subject mean of equal-episode paired differences; each retained episode has defined denominators in both methods,0.0,"[0.0, 0.0]"
synthetic,True,M1,B1,fact_recall,10,0,20,0,2000,equal-subject mean of equal-episode paired differences; each retained episode has defined denominators in both methods,0.0,"[0.0, 0.0]"
synthetic,False,M1,B3,case_error,10,0,20,0,2000,equal-subject mean of equal-episode paired differences; each retained episode has defined denominators in both methods,0.0,"[0.0, 0.0]"
synthetic,False,M1,B3,fact_recall,10,0,20,0,2000,equal-subject mean of equal-episode paired differences; each retained episode has defined denominators in both methods,0.0,"[0.0, 0.0]"
synthetic,False,M1,B3,correction_completeness,10,0,20,0,2000,equal-subject mean of equal-episode paired differences; each retained episode has defined denominators in both methods,0.0,"[0.0, 0.0]"
wesad,True,M1,B2,correction_completeness,10,0,20,0,2000,equal-subject mean of equal-episode paired differences; each retained episode has defined denominators in both methods,0.0,"[0.0, 0.0]"
wesad,True,M1,B1,case_error,10,0,20,0,2000,equal-subject mean of equal-episode paired differences; each retained episode has defined denominators in both methods,0.0,"[0.0, 0.0]"
wesad,True,M1,B1,fact_recall,10,0,20,0,2000,equal-subject mean of equal-episode paired differences; each retained episode has defined denominators in both methods,0.0,"[0.0, 0.0]"
wesad,False,M1,B3,case_error,10,0,20,0,2000,equal-subject mean of equal-episode paired differences; each retained episode has defined denominators in both methods,0.0,"[0.0, 0.0]"
wesad,False,M1,B3,fact_recall,10,0,20,0,2000,equal-subject mean of equal-episode paired differences; each retained episode has defined denominators in both methods,0.0025000000000000022,"[0.0, 0.007500000000000007]"
wesad,False,M1,B3,correction_completeness,10,0,20,0,2000,equal-subject mean of equal-episode paired differences; each retained episode has defined denominators in both methods,0.0,"[0.0, 0.0]"
ppg_dalia,True,M1,B2,correction_completeness,10,0,20,0,2000,equal-subject mean of equal-episode paired differences; each retained episode has defined denominators in both methods,0.0,"[0.0, 0.0]"
ppg_dalia,True,M1,B1,case_error,10,0,20,0,2000,equal-subject mean of equal-episode paired differences; each retained episode has defined denominators in both methods,0.0,"[0.0, 0.0]"
ppg_dalia,True,M1,B1,fact_recall,10,0,20,0,2000,equal-subject mean of equal-episode paired differences; each retained episode has defined denominators in both methods,-0.0025000000000000022,"[-0.007500000000000007, 0.0]"
ppg_dalia,False,M1,B3,case_error,10,0,20,0,2000,equal-subject mean of equal-episode paired differences; each retained episode has defined denominators in both methods,0.0,"[0.0, 0.0]"
ppg_dalia,False,M1,B3,fact_recall,10,0,20,0,2000,equal-subject mean of equal-episode paired differences; each retained episode has defined denominators in both methods,-0.0025000000000000022,"[-0.007500000000000007, 0.0]"
ppg_dalia,False,M1,B3,correction_completeness,10,0,20,0,2000,equal-subject mean of equal-episode paired differences; each retained episode has defined denominators in both methods,0.0,"[0.0, 0.0]"
