origin,backend,generation_seconds,rollout_seconds,event_and_interval_seconds,total_seconds,scenario_sha256,events
31409,dense,0.2184702269732952,0.030182581394910812,0.0019862446933984756,0.2506390530616045,002e92d0e2c2a44ecc51e807ea8b5c9e962a9e11ada08b0f060f4caf61a40250,0
31409,csr,0.2184702269732952,0.03965533897280693,0.001630270853638649,0.2597558367997408,002e92d0e2c2a44ecc51e807ea8b5c9e962a9e11ada08b0f060f4caf61a40250,0
31490,csr,0.20734510198235512,0.039890410378575325,0.002025604248046875,0.24926111660897732,e974ee25549c70b09c42b1b76f3da63ee082f4612a2b002386df4e3b06d26658,4
31490,dense,0.20734510198235512,0.039651159197092056,0.0018019936978816986,0.24879825487732887,e974ee25549c70b09c42b1b76f3da63ee082f4612a2b002386df4e3b06d26658,4
31571,dense,0.15901296213269234,0.0332183837890625,0.0018093250691890717,0.1940406709909439,da39c01c28c0c13cc4e9f898053f8e7d0cbb761a21fa40d93d46b082f3af086f,154
31571,csr,0.15901296213269234,0.037716832011938095,0.0016461201012134552,0.1983759142458439,da39c01c28c0c13cc4e9f898053f8e7d0cbb761a21fa40d93d46b082f3af086f,154
31652,csr,0.21251076832413673,0.0381319485604763,0.001618269830942154,0.2522609867155552,c6714e654e219c21606675049cd90a4fb3c9c53ac4939a8ad6b774e2944065b9,0
31652,dense,0.21251076832413673,0.028025908395648003,0.0018232706934213638,0.2423599474132061,c6714e654e219c21606675049cd90a4fb3c9c53ac4939a8ad6b774e2944065b9,0
31733,dense,0.23486663214862347,0.027635453268885612,0.00185290165245533,0.2643549870699644,4de760d92cd5809dd875b0ef0fce2caf1ac702b38b7689ada03ec3021e5e96b6,0
31733,csr,0.23486663214862347,0.04836224764585495,0.002210194244980812,0.28543907403945923,4de760d92cd5809dd875b0ef0fce2caf1ac702b38b7689ada03ec3021e5e96b6,0
31815,csr,0.2189814131706953,0.03396109864115715,0.0017296317964792252,0.2546721436083317,5ae708a8a78462c24ba16824141d5cb9a33fb5b85d80b2d4ca8befeab1ff7cb1,0
31815,dense,0.2189814131706953,0.030344251543283463,0.00213712640106678,0.25146279111504555,5ae708a8a78462c24ba16824141d5cb9a33fb5b85d80b2d4ca8befeab1ff7cb1,0
31896,dense,0.21834060736000538,0.030869996175169945,0.0017957724630832672,0.2510063759982586,5ee08483a7cbec07ecf527aaee0ca4b16ac3e4f82a8ad128573b8a2d5cb29d5b,0
31896,csr,0.21834060736000538,0.0436655655503273,0.0016242600977420807,0.26363043300807476,5ee08483a7cbec07ecf527aaee0ca4b16ac3e4f82a8ad128573b8a2d5cb29d5b,0
31977,csr,0.2144990935921669,0.037977246567606926,0.0017214398831129074,0.25419778004288673,e7f9b498bcf2dbc619f4b97ae1df27457a6824691dc6dafea20a002fb9702541,0
31977,dense,0.2144990935921669,0.033094560727477074,0.0015656612813472748,0.24915931560099125,e7f9b498bcf2dbc619f4b97ae1df27457a6824691dc6dafea20a002fb9702541,0
32058,dense,0.20769903250038624,0.03404262103140354,0.0015850923955440521,0.24332674592733383,7636413991ae48a1de27189f83a2e5dfa645b41c4ef6760b5613011e16addcc0,0
32058,csr,0.20769903250038624,0.040490083396434784,0.001515999436378479,0.2497051153331995,7636413991ae48a1de27189f83a2e5dfa645b41c4ef6760b5613011e16addcc0,0
32139,csr,0.2299738973379135,0.03614398464560509,0.0015159007161855698,0.26763378269970417,3a5e4ffac315beb137f54c033bf822fe180cd5dcfff4a5bf64953412e6808bc7,3
32139,dense,0.2299738973379135,0.034928977489471436,0.0026043765246868134,0.26750725135207176,3a5e4ffac315beb137f54c033bf822fe180cd5dcfff4a5bf64953412e6808bc7,3
32221,dense,0.22171488963067532,0.032536447048187256,0.0016842000186443329,0.2559355366975069,8ace07ec46b84ec9fdda7c2235165c8066a4d20e0c0b0a03e4c4feba41d88587,0
32221,csr,0.22171488963067532,0.03885695897042751,0.001791173592209816,0.26236302219331264,8ace07ec46b84ec9fdda7c2235165c8066a4d20e0c0b0a03e4c4feba41d88587,0
32302,csr,0.21089421585202217,0.03687460906803608,0.0018433518707752228,0.24961217679083347,d16c3f99cb419454db111c1da5d6209e2f469bc17ee762ac10acf6a5f974171c,0
32302,dense,0.21089421585202217,0.03387851640582085,0.0015930496156215668,0.24636578187346458,d16c3f99cb419454db111c1da5d6209e2f469bc17ee762ac10acf6a5f974171c,0
32383,dense,0.15685034543275833,0.03342466428875923,0.0018752329051494598,0.19215024262666702,48e325cd1fabd7054fee8f410e920f1f4c2875a3630c71410b1bef5c26c12428,1
32383,csr,0.15685034543275833,0.04102419875562191,0.001882242038846016,0.19975678622722626,48e325cd1fabd7054fee8f410e920f1f4c2875a3630c71410b1bef5c26c12428,1
32464,csr,0.22573532909154892,0.035981522873044014,0.0015801116824150085,0.26329696364700794,23f742822a7e728b3e789310c4dd8573820972f5a295f2bf9a464c54763aa2c6,0
32464,dense,0.22573532909154892,0.030998695641756058,0.0019632838666439056,0.2586973085999489,23f742822a7e728b3e789310c4dd8573820972f5a295f2bf9a464c54763aa2c6,0
32545,dense,0.14267948642373085,0.031344568356871605,0.0017377808690071106,0.17576183564960957,ca2a634173888b2cd50fc521fe1572ece72267edcad5e90fe95d0b96734d5723,0
32545,csr,0.14267948642373085,0.042449915781617165,0.001743663102388382,0.1868730653077364,ca2a634173888b2cd50fc521fe1572ece72267edcad5e90fe95d0b96734d5723,0
32627,csr,0.2279658354818821,0.03689186833798885,0.0017913524061441422,0.2666490562260151,8bccc8a506c103e962be22726198a7e73875bc37aa5c8c0424cd01bb724b71c9,176
32627,dense,0.2279658354818821,0.029098911210894585,0.0017232727259397507,0.25878801941871643,8bccc8a506c103e962be22726198a7e73875bc37aa5c8c0424cd01bb724b71c9,176
32708,dense,0.164552990347147,0.028889453038573265,0.0015145987272262573,0.1949570421129465,9253f236dc17a491cc157612c5ce0128a8bb788f4a170692fab3e1eb639ca080,0
32708,csr,0.164552990347147,0.04070601612329483,0.0016388017684221268,0.20689780823886395,9253f236dc17a491cc157612c5ce0128a8bb788f4a170692fab3e1eb639ca080,0
32789,csr,0.22412350960075855,0.03529052436351776,0.0016852207481861115,0.2610992547124624,303380702368d9f9f293db24fc1707e708be513edaa26e851fd57da90b63f13a,0
32789,dense,0.22412350960075855,0.028819352388381958,0.001539919525384903,0.2544827815145254,303380702368d9f9f293db24fc1707e708be513edaa26e851fd57da90b63f13a,0
32870,dense,0.15741753205657005,0.03035452403128147,0.002035355195403099,0.18980741128325462,6c5d019d90654aa42cdf1a8623296310cd275167db08c2e6358660a9bc61e8a7,0
32870,csr,0.15741753205657005,0.03602140210568905,0.002227615565061569,0.19566654972732067,6c5d019d90654aa42cdf1a8623296310cd275167db08c2e6358660a9bc61e8a7,0
32952,csr,0.2209321167320013,0.0364081971347332,0.0017219632863998413,0.25906227715313435,7f4338f8c8bf2ace21cd9d6147135ee8613fb6e27cf408ea13012ebe6be23615,0
32952,dense,0.2209321167320013,0.0308539941906929,0.001612512394785881,0.2533986233174801,7f4338f8c8bf2ace21cd9d6147135ee8613fb6e27cf408ea13012ebe6be23615,0
33033,dense,0.22187580168247223,0.03145834058523178,0.0019462015479803085,0.2552803438156843,a6689c9a9da956a5839741cebbfc71ed82b56f0950bc8dfe253b1dd7de688505,713
33033,csr,0.22187580168247223,0.040322862565517426,0.0015526413917541504,0.2637513056397438,a6689c9a9da956a5839741cebbfc71ed82b56f0950bc8dfe253b1dd7de688505,713
33114,csr,0.1512780897319317,0.03652328625321388,0.0016004592180252075,0.18940183520317078,de8a1469233d8357702895af4266e31474f2b2f704663045d6d2835ec7b13b07,0
33114,dense,0.1512780897319317,0.03533430956304073,0.0015476010739803314,0.18816000036895275,de8a1469233d8357702895af4266e31474f2b2f704663045d6d2835ec7b13b07,0
33195,dense,0.21241616643965244,0.03045610524713993,0.0019767526537179947,0.24484902434051037,494e387fd423562f1dcb75cff85aa5eed5d3b8a73831d31672bb2ec0fcaa1063,60
33195,csr,0.21241616643965244,0.039411475881934166,0.0017842240631580353,0.25361186638474464,494e387fd423562f1dcb75cff85aa5eed5d3b8a73831d31672bb2ec0fcaa1063,60
33276,csr,0.1607034057378769,0.03386971727013588,0.0014407113194465637,0.19601383432745934,a5a89531928da27423d18eadcc8d54b6bd8ee1cdebf81eafc2411135b88fe0af,0
33276,dense,0.1607034057378769,0.02880118228495121,0.0015306901186704636,0.19103527814149857,a5a89531928da27423d18eadcc8d54b6bd8ee1cdebf81eafc2411135b88fe0af,0
33358,dense,0.23686072789132595,0.030169742181897163,0.001511700451374054,0.26854217052459717,ffd6c58e52cd9fd0ebcca388a020feeae403ced7b306268316cfbed0195bd259,0
33358,csr,0.23686072789132595,0.042330747470259666,0.0022328458726406097,0.2814243212342262,ffd6c58e52cd9fd0ebcca388a020feeae403ced7b306268316cfbed0195bd259,0
33439,csr,0.15491052344441414,0.03390826843678951,0.001497749239206314,0.19031654112040997,a3ea4bf56b41b2d2fa8299e715b1934dc3e37ca9feff36ddf19654663d50efd4,0
33439,dense,0.15491052344441414,0.02953982725739479,0.0015244483947753906,0.18597479909658432,a3ea4bf56b41b2d2fa8299e715b1934dc3e37ca9feff36ddf19654663d50efd4,0
33520,dense,0.23662007600069046,0.03046519309282303,0.001896413043141365,0.26898168213665485,52fa6e93205f7c2be4da6925637604788c87ada674f9ad60a034e95249da60ac,0
33520,csr,0.23662007600069046,0.038853224366903305,0.001560913398861885,0.27703421376645565,52fa6e93205f7c2be4da6925637604788c87ada674f9ad60a034e95249da60ac,0
33601,csr,0.15281341969966888,0.0334556233137846,0.0016992520540952682,0.18796829506754875,52390ec6231a4a6e276e383af20098b685994d8b49a991b87b1d8c5d6e362327,672
33601,dense,0.15281341969966888,0.028207095339894295,0.0015839505940675735,0.18260446563363075,52390ec6231a4a6e276e383af20098b685994d8b49a991b87b1d8c5d6e362327,672
33682,dense,0.22223345562815666,0.030003469437360764,0.0018918812274932861,0.2541288062930107,01e9198205023f841a5790b364c0f2bb734ab88a66f2bbe937dc9d1e6e188972,0
33682,csr,0.22223345562815666,0.039341626688838005,0.0015650130808353424,0.26314009539783,01e9198205023f841a5790b364c0f2bb734ab88a66f2bbe937dc9d1e6e188972,0
33764,csr,0.15034734085202217,0.03368104435503483,0.0015594996511936188,0.18558788485825062,9b03bcbb47631e5eda76c85473a31bd7829b6c96ed3152d58cf6ca0fe73f5c24,24
33764,dense,0.15034734085202217,0.027715671807527542,0.0016246717423200607,0.17968768440186977,9b03bcbb47631e5eda76c85473a31bd7829b6c96ed3152d58cf6ca0fe73f5c24,24
33845,dense,0.20709541998803616,0.029934028163552284,0.0019173715263605118,0.23894681967794895,913f324ecf4da2e43efcf0b3289c01c469469025e760ea8d446233acbbfbac4a,0
33845,csr,0.20709541998803616,0.040883276611566544,0.001800093799829483,0.24977879039943218,913f324ecf4da2e43efcf0b3289c01c469469025e760ea8d446233acbbfbac4a,0
33926,csr,0.15650717541575432,0.033960968255996704,0.0018119625747203827,0.1922801062464714,876c4e8ff70fa869706e4e7176097441e630fd849053ca89b62870e3f40dae3b,0
33926,dense,0.15650717541575432,0.02895822376012802,0.0017683319747447968,0.18723373115062714,876c4e8ff70fa869706e4e7176097441e630fd849053ca89b62870e3f40dae3b,0
34007,dense,0.19472172297537327,0.03127622976899147,0.0015594232827425003,0.22755737602710724,188a9eb3abca49a694dbac16ba1619b8092e61d92a0a44a20241e12a3cbbaafa,0
34007,csr,0.19472172297537327,0.03587615117430687,0.0014468394219875336,0.23204471357166767,188a9eb3abca49a694dbac16ba1619b8092e61d92a0a44a20241e12a3cbbaafa,0
34089,csr,0.23089304380118847,0.03707508742809296,0.0016323421150445938,0.269600473344326,4ef242ce6c522ab831e0800e2ceef12087c8b7747a7f3e5a44da9a8fb3056d62,3
34089,dense,0.23089304380118847,0.030490783974528313,0.0017082318663597107,0.2630920596420765,4ef242ce6c522ab831e0800e2ceef12087c8b7747a7f3e5a44da9a8fb3056d62,3
34170,dense,0.1581016555428505,0.028232857584953308,0.0016052424907684326,0.18793975561857224,2c9bd99e8f14419ed3825254d1a7c7d9f6e9d50a42d9bf9d91500c68ff98c24d,0
34170,csr,0.1581016555428505,0.04034460335969925,0.0019577108323574066,0.20040396973490715,2c9bd99e8f14419ed3825254d1a7c7d9f6e9d50a42d9bf9d91500c68ff98c24d,0
34251,csr,0.2036003563553095,0.03471752256155014,0.001927051693201065,0.2402449306100607,2d634c343d817924c16dd6dfcba421151719bbd5a38496c53a2ee80d71a64b06,0
34251,dense,0.2036003563553095,0.028252677991986275,0.0016873721033334732,0.23354040645062923,2d634c343d817924c16dd6dfcba421151719bbd5a38496c53a2ee80d71a64b06,0
34332,dense,0.21414122730493546,0.03018300049006939,0.0015163123607635498,0.2458405401557684,8cdf9d53fa6caaaf147e2d6d59e1f54f7fc1f93361ff09d850469505f5164b46,0
34332,csr,0.21414122730493546,0.035941703245043755,0.0017703641206026077,0.2518532946705818,8cdf9d53fa6caaaf147e2d6d59e1f54f7fc1f93361ff09d850469505f5164b46,0
34413,csr,0.2063909564167261,0.036166682839393616,0.0015654917806386948,0.24412313103675842,714469395d2dd64572e81fb357d93e8a6c8913f0a0e8293776c09bc7f53ead46,3
34413,dense,0.2063909564167261,0.02652607671916485,0.0020590443164110184,0.23497607745230198,714469395d2dd64572e81fb357d93e8a6c8913f0a0e8293776c09bc7f53ead46,3
34495,dense,0.1599387601017952,0.031351158395409584,0.0016336403787136078,0.1929235588759184,ba89dc013adf2150aa928fbca74363b8f9092951fd2c4bc3a905c47e404d40fd,0
34495,csr,0.1599387601017952,0.037489231675863266,0.0015837214887142181,0.19901171326637268,ba89dc013adf2150aa928fbca74363b8f9092951fd2c4bc3a905c47e404d40fd,0
34576,csr,0.2188168615102768,0.03477800451219082,0.00166231207549572,0.25525717809796333,a880179237dd85ed342f8bbc19d35b3c1cfaa0375c5baf262d2d27b2771f2526,0
34576,dense,0.2188168615102768,0.03208965249359608,0.001502281054854393,0.25240879505872726,a880179237dd85ed342f8bbc19d35b3c1cfaa0375c5baf262d2d27b2771f2526,0
34657,dense,0.21023499220609665,0.028975412249565125,0.0018197428435087204,0.2410301472991705,e7968d7131d060c815b3b9196488538051722d2bef8b7fcb37dd68b8cbd0c0e5,125
34657,csr,0.21023499220609665,0.038500238209962845,0.0019081756472587585,0.25064340606331825,e7968d7131d060c815b3b9196488538051722d2bef8b7fcb37dd68b8cbd0c0e5,125
34738,csr,0.20309695228934288,0.0357913114130497,0.0016284696757793427,0.24051673337817192,294884b163eefa0d25f7410c08bd7c7a50e598ae9f0a892c24a35c1e816a5c52,10
34738,dense,0.20309695228934288,0.03118007630109787,0.0015732720494270325,0.23585030063986778,294884b163eefa0d25f7410c08bd7c7a50e598ae9f0a892c24a35c1e816a5c52,10
34819,dense,0.21688753552734852,0.0279729962348938,0.001499861478805542,0.24636039324104786,944074990c29a5e4986a70addf5699566fa844ffadfb9b45ba839e4448c5ac81,0
34819,csr,0.21688753552734852,0.039278244599699974,0.0022145360708236694,0.25838031619787216,944074990c29a5e4986a70addf5699566fa844ffadfb9b45ba839e4448c5ac81,0
34901,csr,0.21381894499063492,0.035185907036066055,0.0015649721026420593,0.25056982412934303,72097db3569eea1993dbae7c94136ba08a7d2a89b276a8b02dcf137aba8fe11a,0
34901,dense,0.21381894499063492,0.02898528426885605,0.0016560722142457962,0.24446030147373676,72097db3569eea1993dbae7c94136ba08a7d2a89b276a8b02dcf137aba8fe11a,0
34982,dense,0.1462152637541294,0.032340675592422485,0.0016987435519695282,0.18025468289852142,876833b317c513694fee8b14cff56fcaf1587bfb8dc0efd9977fe7a3f3f61f06,0
34982,csr,0.1462152637541294,0.03770045377314091,0.0016477126628160477,0.18556343019008636,876833b317c513694fee8b14cff56fcaf1587bfb8dc0efd9977fe7a3f3f61f06,0
35063,csr,0.21528589725494385,0.036095794290304184,0.0017471220344305038,0.25312881357967854,742f56ec76a26630719e53f8d8cb3f5e6d340a30457063b279db3ecbe3d445b3,18
35063,dense,0.21528589725494385,0.0251117255538702,0.0016506221145391464,0.2420482449233532,742f56ec76a26630719e53f8d8cb3f5e6d340a30457063b279db3ecbe3d445b3,18
35144,dense,0.21618416346609592,0.03194734454154968,0.0017130933701992035,0.2498446013778448,d6ffde4ec1a58a078f057570e2e89fcaf2ec1b2f4dd042065178cac5399015d3,0
35144,csr,0.21618416346609592,0.03964932821691036,0.001475851982831955,0.25730934366583824,d6ffde4ec1a58a078f057570e2e89fcaf2ec1b2f4dd042065178cac5399015d3,0
35225,csr,0.2075481228530407,0.03735566884279251,0.001799263060092926,0.24670305475592613,e0f76aa4ab7cc7dd178c1ba7120e38b6ec43c4cf88404e5d80a73a1520b08d89,393
35225,dense,0.2075481228530407,0.03125922009348869,0.0015933718532323837,0.24040071479976177,e0f76aa4ab7cc7dd178c1ba7120e38b6ec43c4cf88404e5d80a73a1520b08d89,393
35307,dense,0.20746674202382565,0.028282437473535538,0.0016671903431415558,0.23741636984050274,da456890509b3824ebe87bb878f083ec97e8f6ce219c97e92bcba231712ae5be,69
35307,csr,0.20746674202382565,0.03739969991147518,0.0016162097454071045,0.24648265168070793,da456890509b3824ebe87bb878f083ec97e8f6ce219c97e92bcba231712ae5be,69
35388,csr,0.21461176127195358,0.03305899165570736,0.0015021413564682007,0.24917289428412914,2d4606efe3b941c595e03b53fcda8885aac7efd73c7cccd17ed739ef161dd5e1,0
35388,dense,0.21461176127195358,0.030326101928949356,0.0017611626535654068,0.24669902585446835,2d4606efe3b941c595e03b53fcda8885aac7efd73c7cccd17ed739ef161dd5e1,0
35469,dense,0.21874499134719372,0.028311120346188545,0.0015454292297363281,0.2486015409231186,a179ea87d050ba442300506c3ac6f52c99cd834750f6e69d4785cf86e28d9959,0
35469,csr,0.21874499134719372,0.04191748425364494,0.003969468176364899,0.26463194377720356,a179ea87d050ba442300506c3ac6f52c99cd834750f6e69d4785cf86e28d9959,0
35550,csr,0.21228233352303505,0.030244512483477592,0.0015100408345460892,0.24403688684105873,6773df8602fd342c71e5bf1b8d00e6f7fefc32736e7f69f062e4e8e233c62eb5,0
35550,dense,0.21228233352303505,0.02988342009484768,0.0017570313066244125,0.24392278492450714,6773df8602fd342c71e5bf1b8d00e6f7fefc32736e7f69f062e4e8e233c62eb5,0
35632,dense,0.2141907475888729,0.031859252601861954,0.0016388408839702606,0.24768884107470512,ab00f10d8116e5fa8e2a84990a984225df5b4e40ffdba353bc597ec0af8a3b56,564
35632,csr,0.2141907475888729,0.037225550040602684,0.0018694140017032623,0.25328571163117886,ab00f10d8116e5fa8e2a84990a984225df5b4e40ffdba353bc597ec0af8a3b56,564
35713,csr,0.2125796265900135,0.03801237605512142,0.0016499627381563187,0.25224196538329124,5a01e66a5b6c8a9f5f6ccababa99497b69146400fdfaa74db944d81942e09242,0
35713,dense,0.2125796265900135,0.03301488235592842,0.0017708521336317062,0.24736536107957363,5a01e66a5b6c8a9f5f6ccababa99497b69146400fdfaa74db944d81942e09242,0
35794,dense,0.2058066986501217,0.028810624033212662,0.0017405115067958832,0.23635783419013023,2fe58fb73aabb739484a4ea8b6d946c02d288faaa7a7b673159f6ecca699c42d,67
35794,csr,0.2058066986501217,0.03667427599430084,0.0019324645400047302,0.24441343918442726,2fe58fb73aabb739484a4ea8b6d946c02d288faaa7a7b673159f6ecca699c42d,67
35875,csr,0.21509867534041405,0.03566762059926987,0.0016490723937749863,0.2524153683334589,f8fada1a65ed2da479c88e8ac832f11d1d414d32f5d4c2e6e8b855913cea5d98,0
35875,dense,0.21509867534041405,0.030881263315677643,0.0015556011348962784,0.24753553979098797,f8fada1a65ed2da479c88e8ac832f11d1d414d32f5d4c2e6e8b855913cea5d98,0
35956,dense,0.2198654394596815,0.030256791040301323,0.0018303226679563522,0.2519525531679392,b639950335b50799c042f0625b0abaa94cb02bd0954a29c016e50ea73f12c26d,0
35956,csr,0.2198654394596815,0.0423582848161459,0.00198209285736084,0.26420581713318825,b639950335b50799c042f0625b0abaa94cb02bd0954a29c016e50ea73f12c26d,0
36038,csr,0.1533617414534092,0.034198347479104996,0.0017327722162008286,0.18929286114871502,f97d7b15f906e6a5e6ceb90ca8f04be3c575e9f481abc8c95181d7f0b8961917,0
36038,dense,0.1533617414534092,0.03185413405299187,0.0018510352820158005,0.18706691078841686,f97d7b15f906e6a5e6ceb90ca8f04be3c575e9f481abc8c95181d7f0b8961917,0
36119,dense,0.2108996268361807,0.030140681192278862,0.0016986038535833359,0.24273891188204288,1b6163f2d42f7365230253a9b915a881fcdbf585e61b83d360433368033ca2f3,1
36119,csr,0.2108996268361807,0.04054032452404499,0.0019527040421962738,0.25339265540242195,1b6163f2d42f7365230253a9b915a881fcdbf585e61b83d360433368033ca2f3,1
36200,csr,0.14885668270289898,0.03293393924832344,0.0018324516713619232,0.18362307362258434,094a957c5dede62dbda6105d47e261f2fad4d8dd70c43e3e5e545ff2f886b564,0
36200,dense,0.14885668270289898,0.03261456824839115,0.0015042200684547424,0.18297547101974487,094a957c5dede62dbda6105d47e261f2fad4d8dd70c43e3e5e545ff2f886b564,0
36281,dense,0.23224693350493908,0.02911987341940403,0.0016899500042200089,0.2630567569285631,590c2b94a9582d238507666a331cc09ad99e4a985d32946053b7ef96f7a951c5,0
36281,csr,0.23224693350493908,0.03764871321618557,0.0028834007680416107,0.27277904748916626,590c2b94a9582d238507666a331cc09ad99e4a985d32946053b7ef96f7a951c5,0
36362,csr,0.1483225580304861,0.03638175316154957,0.0016045290976762772,0.18630884028971195,d6061c3da4db13acfbffe4b9acba3243894909229594f1bd03b10550337a6af9,0
36362,dense,0.1483225580304861,0.03180397115647793,0.0014947298914194107,0.18162125907838345,d6061c3da4db13acfbffe4b9acba3243894909229594f1bd03b10550337a6af9,0
36444,dense,0.20759988203644753,0.02700204774737358,0.0015837308019399643,0.23618566058576107,adab3213fd61828bcdb9457b1bbcac64329c18e2d159fa0c3bcc1ab24ea65e5e,7
36444,csr,0.20759988203644753,0.037749532610177994,0.001934165135025978,0.2472835797816515,adab3213fd61828bcdb9457b1bbcac64329c18e2d159fa0c3bcc1ab24ea65e5e,7
36525,csr,0.14121508784592152,0.03305189870297909,0.0015298929065465927,0.1757968794554472,8bd2e22a35997767aa6c1f1c9927917a721cea7433f2180b47b61705c26af05b,0
36525,dense,0.14121508784592152,0.030941205099225044,0.00151837058365345,0.1736746635288,8bd2e22a35997767aa6c1f1c9927917a721cea7433f2180b47b61705c26af05b,0
36606,dense,0.1969372071325779,0.02676359750330448,0.0015094708651304245,0.2252102755010128,174d67e6341c0bb3f2e01c45ba14779371e8a8edcfde27c0b41ab59c0d834983,0
36606,csr,0.1969372071325779,0.0382437277585268,0.0018186327069997787,0.23699956759810448,174d67e6341c0bb3f2e01c45ba14779371e8a8edcfde27c0b41ab59c0d834983,0
36687,csr,0.13991164974868298,0.03485594503581524,0.0014713406562805176,0.17623893544077873,6c7749e312113d738fa1283d081d253d45c54a2442a303a89c127754392552d8,0
36687,dense,0.13991164974868298,0.03430186025798321,0.0014712512493133545,0.17568476125597954,6c7749e312113d738fa1283d081d253d45c54a2442a303a89c127754392552d8,0
36769,dense,0.2039166558533907,0.02901226095855236,0.0019655246287584305,0.23489444144070148,23b9a6ee2eed7c7bac306204214ad1ed24995b0268c66f337b0639411c75c70b,464
36769,csr,0.2039166558533907,0.037830352783203125,0.001860184594988823,0.24360719323158264,23b9a6ee2eed7c7bac306204214ad1ed24995b0268c66f337b0639411c75c70b,464
36850,csr,0.1540542058646679,0.03325614146888256,0.0014646872878074646,0.18877503462135792,1185d12dec80189b9c4327c7f32ffd8f93bef7144390c0c1039cebe036f088e5,0
36850,dense,0.1540542058646679,0.029000472277402878,0.0015035197138786316,0.1845581978559494,1185d12dec80189b9c4327c7f32ffd8f93bef7144390c0c1039cebe036f088e5,0
36931,dense,0.2193202767521143,0.029598064720630646,0.001968514174222946,0.2508868556469679,f1507a16f5ba74e5f5d9630dd93db59841a88427bf1383945a647a87aa43cec4,20
36931,csr,0.2193202767521143,0.04790775664150715,0.0016351323574781418,0.2688631657510996,f1507a16f5ba74e5f5d9630dd93db59841a88427bf1383945a647a87aa43cec4,20
37012,csr,0.15675019659101963,0.033295273780822754,0.0017517022788524628,0.19179717265069485,44bf63ad71511a9d60b17d2a4b0e451f46cae1e5328ebd66aec74ba4644046f0,0
37012,dense,0.15675019659101963,0.029512235894799232,0.0017349720001220703,0.18799740448594093,44bf63ad71511a9d60b17d2a4b0e451f46cae1e5328ebd66aec74ba4644046f0,0
37093,dense,0.21324250288307667,0.029170982539653778,0.0015476308763027191,0.24396111629903316,36fb06c578b94a980f3ebea1457c2039bbe5369154f1aa1824fb9b91773ae2c4,0
37093,csr,0.21324250288307667,0.03637651726603508,0.001486087217926979,0.2511051073670387,36fb06c578b94a980f3ebea1457c2039bbe5369154f1aa1824fb9b91773ae2c4,0
37175,csr,0.23999164812266827,0.03632034361362457,0.0015017800033092499,0.2778137717396021,949bf88365528c7442f32a7dfa5f0099693df5f3928fd8de9bb909e7346ab08f,0
37175,dense,0.23999164812266827,0.035360898822546005,0.00192936509847641,0.2772819120436907,949bf88365528c7442f32a7dfa5f0099693df5f3928fd8de9bb909e7346ab08f,0
37256,dense,0.1598067283630371,0.030628442764282227,0.0017375126481056213,0.19217268377542496,0411a506adec062d0fb9201c7cea741df6b2ea515c9e7927270909d20cfb19f8,57
37256,csr,0.1598067283630371,0.04038197174668312,0.0019990429282188416,0.20218774303793907,0411a506adec062d0fb9201c7cea741df6b2ea515c9e7927270909d20cfb19f8,57
37337,csr,0.21453660912811756,0.03600989282131195,0.0017095040529966354,0.25225600600242615,cdda1914d19131f9a95435246fdfbdf850450471b7252294fc55cf422f432fc5,429
37337,dense,0.21453660912811756,0.029327495023608208,0.0016103722155094147,0.24547447636723518,cdda1914d19131f9a95435246fdfbdf850450471b7252294fc55cf422f432fc5,429
37418,dense,0.15825680829584599,0.028789551928639412,0.0015154201537370682,0.18856178037822247,974e2d6d6e096ffdd98f44ce841372b6d940045b2f83a802a4e0828ada1f947c,0
37418,csr,0.15825680829584599,0.036695756018161774,0.0017120018601417542,0.1966645661741495,974e2d6d6e096ffdd98f44ce841372b6d940045b2f83a802a4e0828ada1f947c,0
37499,csr,0.21552854031324387,0.033558016642928123,0.0017237327992916107,0.2508102897554636,9a19d4d86897dc85794a4f5c08b963450b5d7108983f139773f84066f48167a8,0
37499,dense,0.21552854031324387,0.033646415919065475,0.0015349909663200378,0.2507099471986294,9a19d4d86897dc85794a4f5c08b963450b5d7108983f139773f84066f48167a8,0
37581,dense,0.15175583213567734,0.031810542568564415,0.0015170890837907791,0.18508346378803253,a139793ebe8155ff5cb2cdd3e0d099bc9b1c68d88a970e6acd81936998b18960,0
37581,csr,0.15175583213567734,0.03655603528022766,0.0016816817224025726,0.18999354913830757,a139793ebe8155ff5cb2cdd3e0d099bc9b1c68d88a970e6acd81936998b18960,0
37662,csr,0.21386068500578403,0.03453882411122322,0.001649731770157814,0.25004924088716507,986ea5ce21636d91621f141cae5d1b55b64cb5bc60104f9e8b6d7b299ffc3dde,0
37662,dense,0.21386068500578403,0.02531536854803562,0.0014832112938165665,0.24065926484763622,986ea5ce21636d91621f141cae5d1b55b64cb5bc60104f9e8b6d7b299ffc3dde,0
37743,dense,0.15108485519886017,0.03291086293756962,0.0016156304627656937,0.18561134859919548,36ccc6ec4b83091592eb6d9ee0746a23f27478602f79f7ba4aead7b215128cf8,0
37743,csr,0.15108485519886017,0.0379775445908308,0.0016568191349506378,0.1907192189246416,36ccc6ec4b83091592eb6d9ee0746a23f27478602f79f7ba4aead7b215128cf8,0
37824,csr,0.22468989342451096,0.03343536518514156,0.0016521532088518143,0.25977741181850433,667608e697ec5bb4685c09261f532eb193c6ecd427e37d9d60eeaa085cc3e23b,0
37824,dense,0.22468989342451096,0.02684541791677475,0.0014988388866186142,0.2530341502279043,667608e697ec5bb4685c09261f532eb193c6ecd427e37d9d60eeaa085cc3e23b,0
37906,dense,0.14009017869830132,0.03393147699534893,0.0016081109642982483,0.1756297666579485,e5709752eec93594ced73b5aa8b6ef0081685dbf17897061c22416a115bae349,295
37906,csr,0.14009017869830132,0.04004458151757717,0.0015731211751699448,0.18170788139104843,e5709752eec93594ced73b5aa8b6ef0081685dbf17897061c22416a115bae349,295
37987,csr,0.22902716509997845,0.0355281513184309,0.0016639307141304016,0.26621924713253975,4d2ae8551fb169129f2ea2e6d78a931dd130caf42f0c53ef8d1ecd5d5be92678,0
37987,dense,0.22902716509997845,0.029762279242277145,0.0015434101223945618,0.26033285446465015,4d2ae8551fb169129f2ea2e6d78a931dd130caf42f0c53ef8d1ecd5d5be92678,0
38068,dense,0.15856880880892277,0.030691344290971756,0.002180006355047226,0.19144015945494175,85723dbdcc1800e44c20a3a488759528545a2e820eff366c953693abc78a191d,0
38068,csr,0.15856880880892277,0.03831488825380802,0.0018019136041402817,0.19868561066687107,85723dbdcc1800e44c20a3a488759528545a2e820eff366c953693abc78a191d,0
38149,csr,0.20264736004173756,0.03991543687880039,0.001911703497171402,0.24447450041770935,520f1882dd409a5496b2ee7792af2d5c2e7ce8c62f8da4e3ffe5815d486a4365,3
38149,dense,0.20264736004173756,0.032223714515566826,0.0016093607991933823,0.23648043535649776,520f1882dd409a5496b2ee7792af2d5c2e7ce8c62f8da4e3ffe5815d486a4365,3
38230,dense,0.22847585566341877,0.029422253370285034,0.0016024652868509293,0.25950057432055473,7a45fcd2f5624780d51625238d5d5bcd7d5f0bd8b7779f7a394ed04c1b7d8051,0
38230,csr,0.22847585566341877,0.038351306691765785,0.001628892496228218,0.2684560548514128,7a45fcd2f5624780d51625238d5d5bcd7d5f0bd8b7779f7a394ed04c1b7d8051,0
38312,csr,0.16109628789126873,0.03504851460456848,0.0016354620456695557,0.19778026454150677,c01aea84af3dd81a7c032b40c3840487f1e291c4cd236f4ffb38c211f861affa,0
38312,dense,0.16109628789126873,0.030676234513521194,0.0014671292155981064,0.19323965162038803,c01aea84af3dd81a7c032b40c3840487f1e291c4cd236f4ffb38c211f861affa,0
38393,dense,0.2033517938107252,0.030896585434675217,0.0020774230360984802,0.2363258022814989,063f931f6d842b1fe91d7eb2419aac79ce459e4c1fb37a173375d8fe69e143d6,0
38393,csr,0.2033517938107252,0.03503918647766113,0.0016269199550151825,0.24001790024340153,063f931f6d842b1fe91d7eb2419aac79ce459e4c1fb37a173375d8fe69e143d6,0
38474,csr,0.21526123769581318,0.035371486097574234,0.0015445519238710403,0.25217727571725845,44fcbef8787cb4e61e5a298cececba819a100b0e251930693bdae3cdbb635368,3
38474,dense,0.21526123769581318,0.02818983793258667,0.0015545114874839783,0.24500558711588383,44fcbef8787cb4e61e5a298cececba819a100b0e251930693bdae3cdbb635368,3
38555,dense,0.2262022141367197,0.02977275848388672,0.0015002898871898651,0.2574752625077963,15557ff8a3034cc32ea5971929d98d28d543661038885f3d0741ac38fe71915f,0
38555,csr,0.2262022141367197,0.03800467401742935,0.002250146120786667,0.2664570342749357,15557ff8a3034cc32ea5971929d98d28d543661038885f3d0741ac38fe71915f,0
38636,csr,0.16068589687347412,0.032707950100302696,0.0017845332622528076,0.19517838023602962,c0a616e090b19c4cf01286e2416a8666707b6796b8d2e11aa1f0495b7f690dda,0
38636,dense,0.16068589687347412,0.03379031643271446,0.001544089987874031,0.19602030329406261,c0a616e090b19c4cf01286e2416a8666707b6796b8d2e11aa1f0495b7f690dda,0
38718,dense,0.21661162562668324,0.028576333075761795,0.0015117619186639786,0.246699720621109,0fb4598c7472e5d8b331833ccd71812907cc9c57b737e09464d25d35700e61e7,0
38718,csr,0.21661162562668324,0.040687354281544685,0.0023550260812044144,0.25965400598943233,0fb4598c7472e5d8b331833ccd71812907cc9c57b737e09464d25d35700e61e7,0
38799,csr,0.21497038379311562,0.03695453889667988,0.0015700198709964752,0.25349494256079197,a091ed43a5cd9980170dcc8207bce0e7da65127fcbfd989d9a565e00fa298d49,336
38799,dense,0.21497038379311562,0.02936287596821785,0.0016704928129911423,0.2460037525743246,a091ed43a5cd9980170dcc8207bce0e7da65127fcbfd989d9a565e00fa298d49,336
38880,dense,0.21331857331097126,0.032947251573204994,0.0015987828373908997,0.24786460772156715,9ab1b1a546a480157bac8b8feb533eaaa78fe66452c2f3c885dd8a5f6e10aec6,0
38880,csr,0.21331857331097126,0.0387321300804615,0.0017590615898370743,0.25380976498126984,9ab1b1a546a480157bac8b8feb533eaaa78fe66452c2f3c885dd8a5f6e10aec6,0
38961,csr,0.21313242241740227,0.035507434979081154,0.0015632696449756622,0.2502031270414591,3d8478f49a1b742c87c8c5024eafe9088707449969f18535af736c054b53d9d6,596
38961,dense,0.21313242241740227,0.03267456963658333,0.0015778206288814545,0.24738481268286705,3d8478f49a1b742c87c8c5024eafe9088707449969f18535af736c054b53d9d6,596
39042,dense,0.21307099051773548,0.029672037810087204,0.0015895813703536987,0.24433260969817638,ff54819a478c7862f8da3ae81148db31df0f2e161e559249807c2d79e166d33b,0
39042,csr,0.21307099051773548,0.033540574833750725,0.0016397815197706223,0.24825134687125683,ff54819a478c7862f8da3ae81148db31df0f2e161e559249807c2d79e166d33b,0
39124,csr,0.14209465123713017,0.03233175538480282,0.0015006531029939651,0.17592705972492695,a25714e305607278bf29a59e595c4d37661dffab432ed27d66803f49f9fa611e,0
39124,dense,0.14209465123713017,0.03263380005955696,0.0015634819865226746,0.1762919332832098,a25714e305607278bf29a59e595c4d37661dffab432ed27d66803f49f9fa611e,0
39205,dense,0.20174873992800713,0.028912421315908432,0.001557718962430954,0.2322188802063465,f4fd199f399351c3fa951c3177759dabff7a4f29764cdb6c3259127df5c1581f,0
39205,csr,0.20174873992800713,0.037567393854260445,0.0015185102820396423,0.2408346440643072,f4fd199f399351c3fa951c3177759dabff7a4f29764cdb6c3259127df5c1581f,0
39286,csr,0.2041107378900051,0.0327864196151495,0.0015858113765716553,0.23848296888172626,86c8e7a41b0b3b06a086b5cd62c546fede4b99d7cf5cb022cb9422383dd705ac,0
39286,dense,0.2041107378900051,0.033097511157393456,0.00160113163292408,0.23880938068032265,86c8e7a41b0b3b06a086b5cd62c546fede4b99d7cf5cb022cb9422383dd705ac,0
39367,dense,0.21191790141165257,0.032595887780189514,0.001618891954421997,0.24613268114626408,2a5e9d1f11e5c7b25c08d53d8c1e40f9ce2ceb19ca56ccfbc8a84ee6656edf3b,708
39367,csr,0.21191790141165257,0.039779938757419586,0.0015512201935052872,0.25324906036257744,2a5e9d1f11e5c7b25c08d53d8c1e40f9ce2ceb19ca56ccfbc8a84ee6656edf3b,708
39449,csr,0.216097142547369,0.03225725516676903,0.001518120989203453,0.24987251870334148,3f6d9a9cfee953c7e92059ad4d8ad154df29dfffc050b3d0a327b9b75744f67a,0
39449,dense,0.216097142547369,0.027253052219748497,0.001596800982952118,0.24494699575006962,3f6d9a9cfee953c7e92059ad4d8ad154df29dfffc050b3d0a327b9b75744f67a,0
39530,dense,0.21896502003073692,0.0314155500382185,0.001627681776881218,0.25200825184583664,f51188bf7437f76908eaab67b9cb3150b17f6ab504337447b5b3d81dbe6074d9,70
39530,csr,0.21896502003073692,0.03837047703564167,0.0015652794390916824,0.2589007765054703,f51188bf7437f76908eaab67b9cb3150b17f6ab504337447b5b3d81dbe6074d9,70
39611,csr,0.2112422175705433,0.03648792393505573,0.0015324987471103668,0.2492626402527094,2af8090a6927bc7785009466d70d178f9ec44358cfc8535e1f7a2bd02f18888b,0
39611,dense,0.2112422175705433,0.027902334928512573,0.0014844592660665512,0.2406290117651224,2af8090a6927bc7785009466d70d178f9ec44358cfc8535e1f7a2bd02f18888b,0
39692,dense,0.15985136665403843,0.027476301416754723,0.0015100091695785522,0.1888376772403717,d104e82249a25d2f421972fabc410fd81d769155d76d013db7e4f427eb71aa85,0
39692,csr,0.15985136665403843,0.03857971355319023,0.0014966726303100586,0.19992775283753872,d104e82249a25d2f421972fabc410fd81d769155d76d013db7e4f427eb71aa85,0
39773,csr,0.20653097331523895,0.034558771178126335,0.0015874914824962616,0.24267723597586155,6dd4314729d8bbeab60731e30b7111f9f293273007a575418b4b52096edccf62,0
39773,dense,0.20653097331523895,0.03226558491587639,0.0014752913266420364,0.24027184955775738,6dd4314729d8bbeab60731e30b7111f9f293273007a575418b4b52096edccf62,0
39855,dense,0.20736908167600632,0.028789600357413292,0.0016570314764976501,0.23781571350991726,ca775513e23d105ab4d52930d8e2f8bc4c21619952b9ff0c792c8f9b445cd524,0
39855,csr,0.20736908167600632,0.03599364496767521,0.0015956107527017593,0.24495833739638329,ca775513e23d105ab4d52930d8e2f8bc4c21619952b9ff0c792c8f9b445cd524,0
39936,csr,0.21529078483581543,0.04004406929016113,0.0017561223357915878,0.25709097646176815,f72a52f7a83173785c4583dbbf97267814e4115aa7ac0b8520cec7691421ac39,662
39936,dense,0.21529078483581543,0.03269408829510212,0.001750042662024498,0.24973491579294205,f72a52f7a83173785c4583dbbf97267814e4115aa7ac0b8520cec7691421ac39,662
40017,dense,0.19900864362716675,0.029161984100937843,0.001530710607767105,0.2297013383358717,44435cd86b92521bc414970c54cec1cb95db6219981f36c4ee6717f468c4a7e5,0
40017,csr,0.19900864362716675,0.03466301970183849,0.0014398600906133652,0.2351115234196186,44435cd86b92521bc414970c54cec1cb95db6219981f36c4ee6717f468c4a7e5,0
40098,csr,0.20855884812772274,0.03301065228879452,0.0015237070620059967,0.24309320747852325,1fda2d6bb2ca76fe4322990057403c1f2e74e8825ab98165fa4a7d7af5820f17,0
40098,dense,0.20855884812772274,0.03361763618886471,0.0014854129403829575,0.2436618972569704,1fda2d6bb2ca76fe4322990057403c1f2e74e8825ab98165fa4a7d7af5820f17,0
40179,dense,0.14943834580481052,0.0346311517059803,0.0017094612121582031,0.18577895872294903,0ecd68fa6adca9b1a85d12153b0c3bff1ad5b72d2739e87a05e3275b09dea4cf,4
40179,csr,0.14943834580481052,0.03796381503343582,0.001538749784231186,0.18894091062247753,0ecd68fa6adca9b1a85d12153b0c3bff1ad5b72d2739e87a05e3275b09dea4cf,4
40261,csr,0.21184787340462208,0.03517209552228451,0.0016581006348133087,0.2486780695617199,150f8f9dbf7ccf2ccf755dfa2f06b3f8fac7cdcc4fa3140e9b6643e3db1f2899,0
40261,dense,0.21184787340462208,0.03172006085515022,0.001575978472828865,0.24514391273260117,150f8f9dbf7ccf2ccf755dfa2f06b3f8fac7cdcc4fa3140e9b6643e3db1f2899,0
40342,dense,0.20973510667681694,0.03302348218858242,0.0020170044153928757,0.24477559328079224,e03348bdd56893b6bf15da0cf4ed32b1008f574dcffc6548703474f9ce3c6ca3,0
40342,csr,0.20973510667681694,0.03357681632041931,0.0019313041120767593,0.245243227109313,e03348bdd56893b6bf15da0cf4ed32b1008f574dcffc6548703474f9ce3c6ca3,0
40423,csr,0.22855033725500107,0.035316428169608116,0.0015809033066034317,0.2654476687312126,e2d2669b810795e717ea43c36111a560aba2e2c980bba33ee12fdd298fcb26d7,0
40423,dense,0.22855033725500107,0.031986331567168236,0.001567920669913292,0.2621045894920826,e2d2669b810795e717ea43c36111a560aba2e2c980bba33ee12fdd298fcb26d7,0
40504,dense,0.2092919647693634,0.028269127011299133,0.001553460955619812,0.23911455273628235,428e5dec3d678c1cd7ec434c49e3ff6e7f1d58b33826eb4ea9114d4ed9e257a8,0
40504,csr,0.2092919647693634,0.04117153026163578,0.0016186032444238663,0.25208209827542305,428e5dec3d678c1cd7ec434c49e3ff6e7f1d58b33826eb4ea9114d4ed9e257a8,0
40586,csr,0.21354249492287636,0.033174172043800354,0.0015577804297208786,0.2482744473963976,abb73b1e7863b22466e64e91119fea175446791250a7303e47963f0d1094040f,0
40586,dense,0.21354249492287636,0.02755776233971119,0.0015727188438177109,0.24267297610640526,abb73b1e7863b22466e64e91119fea175446791250a7303e47963f0d1094040f,0
40667,dense,0.22112899646162987,0.027785813435912132,0.0015291925519704819,0.2504440024495125,9a1240faf7a327b448dc38a7670fcb166b9c3f3e74d6ffb6a7ac47fb24c285b3,0
40667,csr,0.22112899646162987,0.03865809924900532,0.0022355839610099792,0.26202267967164516,9a1240faf7a327b448dc38a7670fcb166b9c3f3e74d6ffb6a7ac47fb24c285b3,0
40748,csr,0.19624758139252663,0.036554235965013504,0.0016657430678606033,0.23446756042540073,f6f51d9d828c92bf49a6ee6f2da84e42da1160518ba29d493292de5fe3875989,0
40748,dense,0.19624758139252663,0.030830882489681244,0.0014920122921466827,0.22857047617435455,f6f51d9d828c92bf49a6ee6f2da84e42da1160518ba29d493292de5fe3875989,0
40829,dense,0.21667933650314808,0.027984067797660828,0.001588631421327591,0.2462520357221365,7419c8af075bc7b5cc3251073c8f8f41fcc872764061b3922ca0fd07f780cd7f,0
40829,csr,0.21667933650314808,0.03267593868076801,0.0016953926533460617,0.25105066783726215,7419c8af075bc7b5cc3251073c8f8f41fcc872764061b3922ca0fd07f780cd7f,0
40910,csr,0.2158112283796072,0.03460250236093998,0.0015346985310316086,0.2519484292715788,2efdabd9cf15f31314bc3624666b558281512ce96131e737538a49d8bd57ed94,0
40910,dense,0.2158112283796072,0.02876007929444313,0.0015596114099025726,0.2461309190839529,2efdabd9cf15f31314bc3624666b558281512ce96131e737538a49d8bd57ed94,0
40992,dense,0.15160939283668995,0.0319852139800787,0.001622932031750679,0.18521753884851933,7f985d2b51753e0bdda6a0ed4eb0e17212c011ad85cd94b0860dfceed6ba7a95,449
40992,csr,0.15160939283668995,0.03967142663896084,0.0016818922013044357,0.19296271167695522,7f985d2b51753e0bdda6a0ed4eb0e17212c011ad85cd94b0860dfceed6ba7a95,449
41073,csr,0.21449276246130466,0.03669871762394905,0.0017053838819265366,0.25289686396718025,1a37692d6ec9950ac64eb0ccef8dd65e43b59760ff3b97cb0af63ab291d129be,61
41073,dense,0.21449276246130466,0.028638888150453568,0.0018863733857870102,0.24501802399754524,1a37692d6ec9950ac64eb0ccef8dd65e43b59760ff3b97cb0af63ab291d129be,61
41154,dense,0.15916859731078148,0.029410777613520622,0.0016481317579746246,0.19022750668227673,9c751217900cd8514bb3eb5bb0e08e75617fd79b52d0dc4e183998c0d700188d,0
41154,csr,0.15916859731078148,0.04215317405760288,0.0015074890106916428,0.202829260379076,9c751217900cd8514bb3eb5bb0e08e75617fd79b52d0dc4e183998c0d700188d,0
41235,csr,0.22780638374388218,0.0378430038690567,0.0015935320407152176,0.2672429196536541,87aa290deda4e470346d9881c147babf9badfb94204d819597da78165bdf6447,0
41235,dense,0.22780638374388218,0.03248412907123566,0.001595873385667801,0.26188638620078564,87aa290deda4e470346d9881c147babf9badfb94204d819597da78165bdf6447,0
41316,dense,0.20762667432427406,0.029915980994701385,0.0015611201524734497,0.2391037754714489,5419cdaa5cb7f75fca2d9a8749baca2c57eafd5afab3a5df0c5ae3e9730f7a90,0
41316,csr,0.20762667432427406,0.039467595517635345,0.0014732498675584793,0.2485675197094679,5419cdaa5cb7f75fca2d9a8749baca2c57eafd5afab3a5df0c5ae3e9730f7a90,0
41398,csr,0.2122910562902689,0.03493240289390087,0.0019450634717941284,0.2491685226559639,dd29d127c4667e87c797d85e617a6dab656ab1617e0442fc712b5571b1cea5e7,71
41398,dense,0.2122910562902689,0.033484673127532005,0.001820133998990059,0.24759586341679096,dd29d127c4667e87c797d85e617a6dab656ab1617e0442fc712b5571b1cea5e7,71
41479,dense,0.20448674075305462,0.02848540060222149,0.0015218202024698257,0.23449396155774593,715c7aa6d980b9bfbc796ec5254cc5c62198efb35aab6506b09547d295f6a382,0
41479,csr,0.20448674075305462,0.03526918776333332,0.0019890647381544113,0.24174499325454235,715c7aa6d980b9bfbc796ec5254cc5c62198efb35aab6506b09547d295f6a382,0
41560,csr,0.2076194118708372,0.03639691323041916,0.0016076695173978806,0.24562399461865425,0faf7177e1dca5cf1975433b78823829b02e7ceacb6cac59ee678c0a8b341215,267
41560,dense,0.2076194118708372,0.029739627614617348,0.0015907716006040573,0.23894981108605862,0faf7177e1dca5cf1975433b78823829b02e7ceacb6cac59ee678c0a8b341215,267
41641,dense,0.21903334185481071,0.02847719006240368,0.0016907192766666412,0.24920125119388103,dde295ed85ca02c0c71c62457bec434f6a3033397c595e5832425f9c0a6bbce4,61
41641,csr,0.21903334185481071,0.033149972558021545,0.00190817192196846,0.2540914863348007,dde295ed85ca02c0c71c62457bec434f6a3033397c595e5832425f9c0a6bbce4,61
41723,csr,0.22260630875825882,0.03463593311607838,0.0015804730355739594,0.25882271490991116,2b9b266cc3443b30ed3cf263ccf6f792980a1bcc79e06304f36a54e1aca8277f,0
41723,dense,0.22260630875825882,0.02577395923435688,0.0015394315123558044,0.2499196995049715,2b9b266cc3443b30ed3cf263ccf6f792980a1bcc79e06304f36a54e1aca8277f,0
