abstained,all_slots_answerable,answerable_slots,case_error,case_id,checkpoint,claim_count,claim_errors,collateral_withdrawn,corrected,corrected_by_5s,correction_required,database_update_seconds,dataset,end_to_end_seconds,episode_id,failed,family,generation_seconds,initial_parse_failure,initial_truncation,initially_incorrect,input_tokens,knowledge_time,method,output_tokens,paragraph_discrepancy,partial,reference_count,repair_calls,required_slots,residual_incorrect,retrieval_seconds,split,subject,supplied_slots,timeout_calls,unaffected,useful_complete,useful_eligible,valid_reference_count,variant
0,0,1,1,ppg_dalia-S15-e1-delayed-c0-B0,0,3,1,0,0,0,0,0.009276270866394043,ppg_dalia,23.59473730297759,ppg_dalia-S15-e1,0,evidence_sufficiency,7.2234813389368355,0,0,0,1276,5951.0,B0,511,0,1,3,0,2,0,0.0014899990055710077,development,S15,1,0,0,1,1,2,delayed
0,0,1,0,ppg_dalia-S15-e1-delayed-c0-B1,0,2,0,0,0,0,0,0.010971156181767583,ppg_dalia,30.738683864008635,ppg_dalia-S15-e1,0,evidence_sufficiency,14.34181939298287,0,0,0,3093,5951.0,B1,1022,0,1,2,1,2,0,0.001488029956817627,development,S15,1,0,0,1,1,2,delayed
0,0,1,0,ppg_dalia-S15-e1-delayed-c0-B2,0,2,0,0,0,0,0,0.06644988502375782,ppg_dalia,30.707224135985598,ppg_dalia-S15-e1,0,evidence_sufficiency,14.318312041927129,0,0,0,3093,5951.0,B2,1022,0,1,2,1,2,0,0.0077904220670461655,development,S15,1,0,0,1,1,2,delayed
0,0,1,0,ppg_dalia-S15-e1-delayed-c0-B3,0,2,0,0,0,0,0,0.01241584587842226,ppg_dalia,38.94588689110242,ppg_dalia-S15-e1,0,evidence_sufficiency,14.725735443877056,0,0,0,3093,5951.0,B3,1022,0,1,2,1,2,0,0.0015076601412147284,development,S15,1,0,0,1,1,2,delayed
0,0,1,0,ppg_dalia-S15-e1-delayed-c0-M1,0,2,0,0,0,0,0,0.06281236908398569,ppg_dalia,37.81607765308581,ppg_dalia-S15-e1,0,evidence_sufficiency,14.311120188096538,0,0,0,3093,5951.0,M1,1022,0,1,2,1,2,0,0.008986826986074448,development,S15,1,0,0,1,1,2,delayed
0,0,1,1,ppg_dalia-S15-e1-delayed-c1-B0,1,3,1,0,0,0,0,0.0022846930660307407,ppg_dalia,49.63356252806261,ppg_dalia-S15-e1,0,evidence_sufficiency,7.141747415997088,0,0,1,1276,5981.0,B0,511,0,1,3,0,2,0,0.001600117888301611,development,S15,1,0,2,1,1,2,delayed
0,0,1,0,ppg_dalia-S15-e1-delayed-c1-B1,1,2,0,0,0,0,0,0.0039140700828284025,ppg_dalia,57.32121834112331,ppg_dalia-S15-e1,0,evidence_sufficiency,14.233299176208675,0,0,0,3093,5981.0,B1,1022,0,1,2,1,2,0,0.0015924081671983004,development,S15,1,0,2,1,1,2,delayed
0,0,1,0,ppg_dalia-S15-e1-delayed-c1-B2,1,2,0,0,0,0,0,0.014273209031671286,ppg_dalia,59.03058652789332,ppg_dalia-S15-e1,0,evidence_sufficiency,14.274517875164747,0,0,0,3093,5981.0,B2,1022,0,1,2,1,2,0,0.005925619043409824,development,S15,1,0,2,1,1,2,delayed
0,0,1,0,ppg_dalia-S15-e1-delayed-c1-B3,1,2,0,0,0,0,0,0.0035765068605542183,ppg_dalia,63.891488790977746,ppg_dalia-S15-e1,0,evidence_sufficiency,14.299829739145935,0,0,0,3093,5981.0,B3,1022,0,1,2,1,2,0,0.0015718480572104454,development,S15,1,0,2,1,1,2,delayed
0,0,1,0,ppg_dalia-S15-e1-delayed-c1-M1,1,2,0,0,0,0,0,0.012233319925144315,ppg_dalia,63.76990184094757,ppg_dalia-S15-e1,0,evidence_sufficiency,14.676333360839635,0,0,0,3093,5981.0,M1,1022,0,1,2,1,2,0,0.005938369082286954,development,S15,1,0,2,1,1,2,delayed
0,1,2,0,ppg_dalia-S15-e1-delayed-c2-B0,2,3,0,0,0,0,0,0.0029203901067376137,ppg_dalia,19.205832093022764,ppg_dalia-S15-e1,0,evidence_sufficiency,7.172840812010691,0,0,2,1390,6041.0,B0,511,0,1,3,0,2,0,0.0016294969245791435,development,S15,2,0,4,1,1,3,delayed
0,1,2,0,ppg_dalia-S15-e1-delayed-c2-B1,2,3,0,0,0,0,0,0.004686655011028051,ppg_dalia,23.033397750928998,ppg_dalia-S15-e1,0,evidence_sufficiency,7.108039434067905,0,0,0,1390,6041.0,B1,511,0,1,3,0,2,0,0.0016141168307512999,development,S15,2,0,4,1,1,3,delayed
0,1,2,0,ppg_dalia-S15-e1-delayed-c2-B2,2,3,0,0,0,0,0,0.0241360270883888,ppg_dalia,23.401309467153624,ppg_dalia-S15-e1,0,evidence_sufficiency,7.102260802173987,0,0,0,1390,6041.0,B2,511,0,1,3,0,2,0,0.00611334596760571,development,S15,2,0,4,1,1,3,delayed
0,1,2,0,ppg_dalia-S15-e1-delayed-c2-B3,2,3,0,0,0,0,0,0.0045919460244476795,ppg_dalia,26.01447235280648,ppg_dalia-S15-e1,0,evidence_sufficiency,6.870708753820509,0,0,0,1390,6041.0,B3,511,0,1,3,0,2,0,0.0016298270784318447,development,S15,2,0,4,1,1,3,delayed
0,1,2,0,ppg_dalia-S15-e1-delayed-c2-M1,2,3,0,0,0,0,0,0.01935015502385795,ppg_dalia,24.471957562025636,ppg_dalia-S15-e1,0,evidence_sufficiency,7.062347046099603,0,0,0,1390,6041.0,M1,511,0,1,3,0,2,0,0.006065265974029899,development,S15,2,0,4,1,1,3,delayed
0,0,0,1,ppg_dalia-S3-e1-delayed-c0-B0,0,3,3,0,0,0,0,0.009478986961767077,ppg_dalia,34.397960672853515,ppg_dalia-S3-e1,0,conflict_timing,9.576551859034225,0,0,0,1259,6556.0,B0,690,0,0,4,0,2,0,0.0015059190336614847,development,S3,0,0,0,0,0,0,delayed
1,0,0,0,ppg_dalia-S3-e1-delayed-c0-B1,0,0,0,0,0,0,0,0.01721708895638585,ppg_dalia,45.4607655510772,ppg_dalia-S3-e1,0,conflict_timing,19.436719063902274,0,0,0,3265,6556.0,B1,1380,0,0,0,1,2,0,0.0015725081320852041,development,S3,0,0,0,0,0,0,delayed
1,0,0,0,ppg_dalia-S3-e1-delayed-c0-B2,0,0,0,0,0,0,0,0.05639764992520213,ppg_dalia,51.12729573389515,ppg_dalia-S3-e1,0,conflict_timing,19.400844785152003,0,0,0,3258,6556.0,B2,1380,0,0,0,1,2,0,0.028386450838297606,development,S3,0,0,0,0,0,0,delayed
1,0,0,0,ppg_dalia-S3-e1-delayed-c0-B3,0,0,0,0,0,0,0,0.010404527885839343,ppg_dalia,53.6802898561582,ppg_dalia-S3-e1,0,conflict_timing,19.463427430251613,0,0,0,3258,6556.0,B3,1380,0,0,0,1,2,0,0.0014884190168231726,development,S3,0,0,0,0,0,0,delayed
1,0,0,0,ppg_dalia-S3-e1-delayed-c0-M1,0,0,0,0,0,0,0,0.0647921881172806,ppg_dalia,51.46432277094573,ppg_dalia-S3-e1,0,conflict_timing,19.805310416035354,0,0,0,3265,6556.0,M1,1380,0,0,0,1,2,0,0.007659133989363909,development,S3,0,0,0,0,0,0,delayed
0,0,0,1,ppg_dalia-S3-e1-delayed-c1-B0,1,3,3,0,0,0,0,0.005158554995432496,ppg_dalia,44.18418067600578,ppg_dalia-S3-e1,0,conflict_timing,9.515379136893898,0,0,3,1259,6586.0,B0,690,0,0,4,0,2,0,0.0038985300343483686,development,S3,0,0,0,0,0,0,delayed
1,0,0,0,ppg_dalia-S3-e1-delayed-c1-B1,1,0,0,0,0,0,0,0.008632604032754898,ppg_dalia,55.41640695813112,ppg_dalia-S3-e1,0,conflict_timing,19.171843765769154,0,0,0,3265,6586.0,B1,1380,0,0,0,1,2,0,0.0037678431253880262,development,S3,0,0,0,0,0,0,delayed
1,0,0,0,ppg_dalia-S3-e1-delayed-c1-B2,1,0,0,0,0,0,0,0.029320301953703165,ppg_dalia,57.07814400782809,ppg_dalia-S3-e1,0,conflict_timing,19.265359308803454,0,0,0,3265,6586.0,B2,1380,0,0,0,1,2,0,0.015116231981664896,development,S3,0,0,0,0,0,0,delayed
1,0,0,0,ppg_dalia-S3-e1-delayed-c1-B3,1,0,0,0,0,0,0,0.005751613061875105,ppg_dalia,63.510881633963436,ppg_dalia-S3-e1,0,conflict_timing,19.418469806900248,0,0,0,3265,6586.0,B3,1380,0,0,0,1,2,0,0.001626397017389536,development,S3,0,0,0,0,0,0,delayed
1,0,0,0,ppg_dalia-S3-e1-delayed-c1-M1,1,0,0,0,0,0,0,0.018896894063800573,ppg_dalia,59.68880240386352,ppg_dalia-S3-e1,0,conflict_timing,19.84581743995659,0,0,0,3265,6586.0,M1,1380,0,0,0,1,2,0,0.008952027885243297,development,S3,0,0,0,0,0,0,delayed
0,1,2,1,ppg_dalia-S3-e1-delayed-c2-B0,2,3,2,0,0,0,0,0.006374150048941374,ppg_dalia,38.49787983694114,ppg_dalia-S3-e1,0,conflict_timing,8.131283154943958,0,0,6,1362,6646.0,B0,585,0,0,4,0,2,0,0.0040558569598942995,development,S3,1,0,0,0,1,1,delayed
0,1,2,0,ppg_dalia-S3-e1-delayed-c2-B1,2,1,0,0,0,0,0,0.011646622093394399,ppg_dalia,47.083178812870756,ppg_dalia-S3-e1,0,conflict_timing,16.211811995133758,0,0,0,3338,6646.0,B1,1165,0,1,1,1,2,0,0.0014976798556745052,development,S3,1,0,0,0,1,1,delayed
0,1,2,0,ppg_dalia-S3-e1-delayed-c2-B2,2,1,0,0,0,0,0,0.0199842129368335,ppg_dalia,47.98387818201445,ppg_dalia-S3-e1,0,conflict_timing,16.285083380993456,0,0,0,3338,6646.0,B2,1165,0,1,1,1,2,0,0.00575877190567553,development,S3,1,0,0,0,1,1,delayed
0,1,2,0,ppg_dalia-S3-e1-delayed-c2-B3,2,1,0,0,0,0,0,0.0045417670626193285,ppg_dalia,54.79838772304356,ppg_dalia-S3-e1,0,conflict_timing,16.396257253130898,0,0,0,3338,6646.0,B3,1165,0,1,1,1,2,0,0.0015429379418492317,development,S3,1,0,0,0,1,1,delayed
0,1,2,0,ppg_dalia-S3-e1-delayed-c2-M1,2,1,0,0,0,0,0,0.01767001999542117,ppg_dalia,49.99574536085129,ppg_dalia-S3-e1,0,conflict_timing,16.3192155349534,0,0,0,3338,6646.0,M1,1165,0,1,1,1,2,0,0.03848020499572158,development,S3,1,0,0,0,1,1,delayed
0,1,2,1,synthetic-V101-e0-clean-c0-B0,0,3,2,0,0,0,0,0.008295941166579723,synthetic,10.059965469874442,synthetic-V101-e0,0,current_evidence,10.046271509025246,0,0,0,1376,451.0,B0,581,0,0,4,0,2,0,0.0015397791285067797,development,V101,1,0,0,0,1,1,clean
0,1,2,0,synthetic-V101-e0-clean-c0-B1,0,1,0,0,0,0,0,0.010644362075254321,synthetic,18.20879715704359,synthetic-V101-e0,0,current_evidence,18.19116848614067,0,0,0,3363,451.0,B1,1162,0,1,1,1,2,0,0.0014846001286059618,development,V101,1,0,0,0,1,1,clean
0,1,2,0,synthetic-V101-e0-clean-c0-B2,0,1,0,0,0,0,0,0.08706049411557615,synthetic,18.15091436705552,synthetic-V101-e0,0,current_evidence,18.046992556890473,0,0,0,3363,451.0,B2,1162,0,1,1,1,2,0,0.00910316500812769,development,V101,1,0,0,0,1,1,clean
0,1,2,0,synthetic-V101-e0-clean-c0-B3,0,1,0,0,0,0,0,0.015056202886626124,synthetic,26.23196902591735,synthetic-V101-e0,0,current_evidence,16.409860166022554,0,0,0,3363,451.0,B3,1162,0,1,1,1,2,0,0.0015092699322849512,development,V101,1,0,0,0,1,1,clean
0,1,2,0,synthetic-V101-e0-clean-c0-M1,0,1,0,0,0,0,0,0.09708355995826423,synthetic,18.074490525992587,synthetic-V101-e0,0,current_evidence,17.959141068859026,0,0,0,3363,451.0,M1,1162,0,1,1,1,2,0,0.01186186890117824,development,V101,1,0,0,0,1,1,clean
0,1,2,1,synthetic-V101-e0-clean-c1-B0,1,3,2,0,0,0,0,0.0025337678380310535,synthetic,38.52615652116947,synthetic-V101-e0,0,current_evidence,7.720853185048327,0,0,2,1394,481.0,B0,549,0,0,4,0,2,0,0.001575038069859147,development,V101,1,0,1,0,1,1,clean
0,1,2,0,synthetic-V101-e0-clean-c1-B1,1,1,0,0,0,0,0,0.0063795289024710655,synthetic,53.8159329299815,synthetic-V101-e0,0,current_evidence,15.284033267060295,0,0,0,3380,481.0,B1,1098,0,1,1,1,2,0,0.0015638088807463646,development,V101,1,0,1,0,1,1,clean
0,1,2,0,synthetic-V101-e0-clean-c1-B2,1,1,0,0,0,0,0,0.08314405381679535,synthetic,55.510235144989565,synthetic-V101-e0,0,current_evidence,15.330463011050597,0,0,0,3380,481.0,B2,1098,0,1,1,1,2,0,0.009761540917679667,development,V101,1,0,1,0,1,1,clean
0,1,2,0,synthetic-V101-e0-clean-c1-B3,1,1,0,0,0,0,0,0.010466187028214335,synthetic,58.380915177986026,synthetic-V101-e0,0,current_evidence,15.54044378711842,0,0,0,3380,481.0,B3,1098,0,1,1,1,2,0,0.0015337280929088593,development,V101,1,0,1,0,1,1,clean
0,1,2,0,synthetic-V101-e0-clean-c1-M1,1,1,0,0,0,0,0,0.043295226991176605,synthetic,57.01616744091734,synthetic-V101-e0,0,current_evidence,15.332254463108256,0,0,0,3380,481.0,M1,1098,0,1,1,1,2,0,0.009672342799603939,development,V101,1,0,1,0,1,1,clean
0,1,2,1,synthetic-V101-e0-clean-c2-B0,2,3,2,0,0,0,0,0.006476418115198612,synthetic,42.26927409111522,synthetic-V101-e0,0,current_evidence,7.675177067052573,0,0,4,1394,541.0,B0,548,0,0,4,0,2,0,0.004109345842152834,development,V101,1,0,2,0,1,1,clean
0,1,2,0,synthetic-V101-e0-clean-c2-B1,2,1,0,0,0,0,0,0.01586135709658265,synthetic,52.60996378492564,synthetic-V101-e0,0,current_evidence,15.338719040853903,0,0,0,3380,541.0,B1,1098,0,1,1,1,2,0,0.003897720016539097,development,V101,1,0,2,0,1,1,clean
0,1,2,0,synthetic-V101-e0-clean-c2-B2,2,1,0,0,0,0,0,0.058089025085791945,synthetic,56.28869606903754,synthetic-V101-e0,0,current_evidence,15.386466128984466,0,0,0,3380,541.0,B2,1098,0,1,1,1,2,0,0.009724440984427929,development,V101,1,0,2,0,1,1,clean
0,1,2,0,synthetic-V101-e0-clean-c2-B3,2,1,0,0,0,0,0,0.007406828925013542,synthetic,57.509569039102644,synthetic-V101-e0,0,current_evidence,15.389337209053338,0,0,0,3379,541.0,B3,1096,0,1,1,1,2,0,0.001589406980201602,development,V101,1,0,2,0,1,1,clean
0,1,2,0,synthetic-V101-e0-clean-c2-M1,2,1,0,0,0,0,0,0.0440609420184046,synthetic,56.69795544212684,synthetic-V101-e0,0,current_evidence,15.55715509573929,0,0,0,3380,541.0,M1,1098,0,1,1,1,2,0,0.010146052809432149,development,V101,1,0,2,0,1,1,clean
0,1,2,1,synthetic-V104-e0-correction-c0-B0,0,3,2,0,0,0,0,0.009120244067162275,synthetic,40.23763713496737,synthetic-V104-e0,0,conflict_timing,9.675857363967225,0,0,0,1383,451.0,B0,690,0,0,4,0,2,0,0.0014914998319000006,development,V104,1,0,0,0,1,1,correction
0,1,2,0,synthetic-V104-e0-correction-c0-B1,0,1,0,0,0,0,0,0.018902844050899148,synthetic,49.935710524907336,synthetic-V104-e0,0,conflict_timing,19.37832239479758,0,0,0,3486,451.0,B1,1380,0,1,1,1,2,0,0.001489090034738183,development,V104,1,0,0,0,1,1,correction
0,1,2,0,synthetic-V104-e0-correction-c0-B2,0,1,0,0,0,0,0,0.060033675050362945,synthetic,57.117567364126444,synthetic-V104-e0,0,conflict_timing,19.39703948213719,0,0,0,3486,451.0,B2,1380,0,1,1,1,2,0,0.00591817987151444,development,V104,1,0,0,0,1,1,correction
0,1,2,0,synthetic-V104-e0-correction-c0-B3,0,1,0,0,0,0,0,0.012304119067266583,synthetic,59.502921435050666,synthetic-V104-e0,0,conflict_timing,19.431110717123374,0,0,0,3486,451.0,B3,1380,0,1,1,1,2,0,0.0014832401648163795,development,V104,1,0,0,0,1,1,correction
0,1,2,0,synthetic-V104-e0-correction-c0-M1,0,1,0,0,0,0,0,0.06584281707182527,synthetic,58.305452016880736,synthetic-V104-e0,0,conflict_timing,19.453981140628457,0,0,0,3486,451.0,M1,1380,0,1,1,1,2,0,0.008907238021492958,development,V104,1,0,0,0,1,1,correction
0,1,2,1,synthetic-V108-e1-correction-c0-B0,0,3,1,0,0,0,0,0.012286869809031487,synthetic,52.5640815210063,synthetic-V108-e1,0,revision_impact,7.28607367281802,0,0,0,1422,1351.0,B0,515,0,1,2,0,2,0,0.0015447880141437054,development,V108,2,0,0,1,1,2,correction
0,1,2,0,synthetic-V108-e1-correction-c0-B1,0,3,0,0,0,0,0,0.010982035892084241,synthetic,65.99410563893616,synthetic-V108-e1,0,revision_impact,15.036001075059175,0,0,0,3389,1351.0,B1,1075,0,0,3,1,2,0,0.001495169010013342,development,V108,2,0,0,1,1,3,correction
0,1,2,0,synthetic-V108-e1-correction-c0-B2,0,2,0,0,0,0,0,0.05861715413630009,synthetic,56.55087413196452,synthetic-V108-e1,0,revision_impact,5.187745886854827,0,0,0,1422,1351.0,B2,373,0,0,2,0,2,0,0.005890110041946173,development,V108,2,0,0,1,1,2,correction
0,1,2,0,synthetic-V108-e1-correction-c0-B3,0,3,0,0,0,0,0,0.011981765041127801,synthetic,68.64744418510236,synthetic-V108-e1,0,revision_impact,15.137057293904945,0,0,0,3389,1351.0,B3,1075,0,0,3,1,2,0,0.0015014000236988068,development,V108,2,0,0,1,1,3,correction
0,1,2,0,synthetic-V108-e1-correction-c0-M1,0,3,0,0,0,0,0,0.06600883393548429,synthetic,67.5002605819609,synthetic-V108-e1,0,revision_impact,15.017828586045653,0,0,0,3389,1351.0,M1,1075,0,0,3,1,2,0,0.009030874818563461,development,V108,2,0,0,1,1,3,correction
0,1,2,0,synthetic-V108-e1-correction-c1-B0,1,3,0,0,0,0,1,0.006260983180254698,synthetic,48.58994267182425,synthetic-V108-e1,0,revision_impact,8.305313806049526,0,0,1,1884,1381.0,B0,582,0,0,3,0,2,1,0.003992668120190501,development,V108,2,0,1,1,1,3,correction
0,1,2,0,synthetic-V108-e1-correction-c1-B1,1,3,0,0,1,1,1,0.017071541864424944,synthetic,50.12995777395554,synthetic-V108-e1,0,revision_impact,8.17445586505346,0,0,0,1884,1381.0,B1,582,0,0,3,0,2,0,0.004006867995485663,development,V108,2,0,2,1,1,3,correction
0,1,2,0,synthetic-V108-e1-correction-c1-B2,1,3,0,0,1,1,1,0.0663303469773382,synthetic,52.77676394302398,synthetic-V108-e1,0,revision_impact,8.184725964907557,0,0,0,1884,1381.0,B2,582,0,0,3,0,2,0,0.010381849016994238,development,V108,2,0,1,1,1,3,correction
0,1,2,0,synthetic-V108-e1-correction-c1-B3,1,3,0,0,1,1,1,0.00827136100269854,synthetic,56.611688050907105,synthetic-V108-e1,0,revision_impact,8.190661914180964,0,0,0,1884,1381.0,B3,582,0,0,3,0,2,0,0.0016103768721222878,development,V108,2,0,2,1,1,3,correction
0,1,2,0,synthetic-V108-e1-correction-c1-M1,1,3,0,0,1,1,1,0.04959823889657855,synthetic,56.35088875005022,synthetic-V108-e1,0,revision_impact,7.994163962081075,0,0,0,1884,1381.0,M1,560,0,0,3,0,2,0,0.009430316975340247,development,V108,2,0,2,1,1,3,correction
0,1,2,0,synthetic-V108-e1-correction-c2-B0,2,3,0,0,0,0,1,0.002862151013687253,synthetic,46.61876151384786,synthetic-V108-e1,0,revision_impact,7.8293320529628545,0,0,1,1949,1441.0,B0,551,0,0,3,0,2,1,0.0016357370186597109,development,V108,2,0,4,1,1,3,correction
0,1,2,0,synthetic-V108-e1-correction-c2-B1,2,3,0,0,1,1,1,0.007900669006630778,synthetic,47.4853703698609,synthetic-V108-e1,0,revision_impact,7.741389316972345,0,0,0,1949,1441.0,B1,551,0,0,3,0,2,0,0.0016789459623396397,development,V108,2,0,5,1,1,3,correction
0,1,2,0,synthetic-V108-e1-correction-c2-B2,2,3,0,0,1,1,1,0.04775664582848549,synthetic,49.39256748300977,synthetic-V108-e1,0,revision_impact,7.661359428893775,0,0,0,1949,1441.0,B2,551,0,0,3,0,2,0,0.00962526397779584,development,V108,2,0,4,1,1,3,correction
0,1,2,0,synthetic-V108-e1-correction-c2-B3,2,3,0,0,1,1,1,0.010176151990890503,synthetic,53.89357161684893,synthetic-V108-e1,0,revision_impact,7.407087814994156,0,0,0,1949,1441.0,B3,551,0,0,3,0,2,0,0.0016995961777865887,development,V108,2,0,5,1,1,3,correction
0,1,2,0,synthetic-V108-e1-correction-c2-M1,2,3,0,0,1,1,1,0.05487967096269131,synthetic,53.94076778390445,synthetic-V108-e1,0,revision_impact,7.415112941060215,0,0,0,1949,1441.0,M1,551,0,0,3,0,2,0,0.009790590964257717,development,V108,2,0,5,1,1,3,correction
0,1,2,0,wesad-S17-e0-clean-c0-B0,0,3,0,0,0,0,0,0.008539825910702348,wesad,57.81137338397093,wesad-S17-e0,0,revision_impact,8.047162811039016,0,0,0,1384,1481.0,B0,569,0,1,3,0,2,0,0.0014722400810569525,development,S17,2,0,0,1,1,3,clean
0,1,2,0,wesad-S17-e0-clean-c0-B1,0,3,0,0,0,0,0,0.010839359136298299,wesad,64.841637914069,wesad-S17-e0,0,revision_impact,7.872575890971348,0,0,0,1384,1481.0,B1,569,0,1,3,0,2,0,0.0015097090508788824,development,S17,2,0,0,1,1,3,clean
0,1,2,0,wesad-S17-e0-clean-c0-B2,0,3,0,0,0,0,0,0.05770434299483895,wesad,65.7096673999913,wesad-S17-e0,0,revision_impact,7.914506206056103,0,0,0,1384,1481.0,B2,569,0,1,3,0,2,0,0.005766693037003279,development,S17,2,0,0,1,1,3,clean
0,1,2,0,wesad-S17-e0-clean-c0-B3,0,3,0,0,0,0,0,0.012179380981251597,wesad,67.24201933899894,wesad-S17-e0,0,revision_impact,7.90817319508642,0,0,0,1384,1481.0,B3,569,0,1,3,0,2,0,0.0014831400476396084,development,S17,2,0,0,1,1,3,clean
0,1,2,0,wesad-S17-e0-clean-c0-M1,0,3,0,0,0,0,0,0.06335905799642205,wesad,66.06004690518603,wesad-S17-e0,0,revision_impact,7.91431520995684,0,0,0,1384,1481.0,M1,569,0,1,3,0,2,0,0.009053574874997139,development,S17,2,0,0,1,1,3,clean
0,1,2,0,wesad-S4-e0-channel_fault-c0-B0,0,3,0,0,0,0,0,0.00882080988958478,wesad,24.966205490985885,wesad-S4-e0,0,evidence_sufficiency,7.026251941919327,0,0,0,1360,1606.0,B0,497,0,1,3,0,2,0,0.0015053290408104658,development,S4,2,0,0,1,1,3,channel_fault
0,1,2,0,wesad-S4-e0-channel_fault-c0-B1,0,3,0,0,0,0,0,0.010522155091166496,wesad,24.99399609514512,wesad-S4-e0,0,evidence_sufficiency,7.037395734107122,0,0,0,1360,1606.0,B1,497,0,1,3,0,2,0,0.0015058598946779966,development,S4,2,0,0,1,1,3,channel_fault
0,1,2,0,wesad-S4-e0-channel_fault-c0-B2,0,3,0,0,0,0,0,0.06684942683205009,wesad,24.956667145946994,wesad-S4-e0,0,evidence_sufficiency,7.010572900995612,0,0,0,1360,1606.0,B2,497,0,1,3,0,2,0,0.00910206395201385,development,S4,2,0,0,1,1,3,channel_fault
0,1,2,0,wesad-S4-e0-channel_fault-c0-B3,0,3,0,0,0,0,0,0.012292438885197043,wesad,31.781207451829687,wesad-S4-e0,0,evidence_sufficiency,6.953657861799002,0,0,0,1360,1606.0,B3,497,0,1,3,0,2,0,0.0014830201398581266,development,S4,2,0,0,1,1,3,channel_fault
0,1,2,0,wesad-S4-e0-channel_fault-c0-M1,0,3,0,0,0,0,0,0.06427257996983826,wesad,31.82636437099427,wesad-S4-e0,0,evidence_sufficiency,6.9524803860113025,0,0,0,1360,1606.0,M1,497,0,1,3,0,2,0,0.009055504808202386,development,S4,2,0,0,1,1,3,channel_fault
0,1,2,0,wesad-S4-e0-channel_fault-c1-B0,1,3,0,0,0,0,1,0.008167844032868743,wesad,55.071606379933655,wesad-S4-e0,0,evidence_sufficiency,6.98587845498696,0,0,0,1440,1636.0,B0,500,0,1,3,0,2,1,0.004078826867043972,development,S4,2,0,2,1,1,3,channel_fault
0,1,2,0,wesad-S4-e0-channel_fault-c1-B1,1,3,0,0,1,1,1,0.044490482890978456,wesad,56.75615251506679,wesad-S4-e0,0,evidence_sufficiency,6.9275895829778165,0,0,0,1440,1636.0,B1,500,0,1,3,0,2,0,0.0016746451146900654,development,S4,2,0,2,1,1,3,channel_fault
0,1,2,0,wesad-S4-e0-channel_fault-c1-B2,1,3,0,0,1,1,1,0.13626121100969613,wesad,58.274318552110344,wesad-S4-e0,0,evidence_sufficiency,6.933340725954622,0,0,0,1440,1636.0,B2,500,0,1,3,0,2,0,0.009937497088685632,development,S4,2,0,2,1,1,3,channel_fault
0,1,2,0,wesad-S4-e0-channel_fault-c1-B3,1,3,0,0,1,1,1,0.020859764888882637,wesad,61.65442124591209,wesad-S4-e0,0,evidence_sufficiency,6.93347176304087,0,0,0,1440,1636.0,B3,500,0,1,3,0,2,0,0.001654825871810317,development,S4,2,0,2,1,1,3,channel_fault
0,1,2,0,wesad-S4-e0-channel_fault-c1-M1,1,3,0,0,1,1,1,0.13692142791114748,wesad,59.71001336094923,wesad-S4-e0,0,evidence_sufficiency,7.108345228014514,0,0,0,1440,1636.0,M1,500,0,1,3,0,2,0,0.009880149038508534,development,S4,2,0,2,1,1,3,channel_fault
0,1,2,0,wesad-S4-e0-channel_fault-c2-B0,2,3,0,0,0,0,1,0.004674435127526522,wesad,50.47295989887789,wesad-S4-e0,0,evidence_sufficiency,7.04772034403868,0,0,0,1440,1696.0,B0,500,0,1,3,0,2,1,0.0018149029929190874,development,S4,2,0,5,1,1,3,channel_fault
0,1,2,0,wesad-S4-e0-channel_fault-c2-B1,2,3,0,0,1,1,1,0.018665038980543613,wesad,54.06204418092966,wesad-S4-e0,0,evidence_sufficiency,6.931480583967641,0,0,0,1440,1696.0,B1,500,0,1,3,0,2,0,0.0017870240844786167,development,S4,2,0,5,1,1,3,channel_fault
0,1,2,0,wesad-S4-e0-channel_fault-c2-B2,2,3,0,0,1,1,1,0.21963146002963185,wesad,54.540277966996655,wesad-S4-e0,0,evidence_sufficiency,6.954719241010025,0,0,0,1440,1696.0,B2,500,0,1,3,0,2,0,0.016846206970512867,development,S4,2,0,5,1,1,3,channel_fault
0,1,2,0,wesad-S4-e0-channel_fault-c2-B3,2,3,0,0,1,1,1,0.029049227014183998,wesad,56.97036741604097,wesad-S4-e0,0,evidence_sufficiency,6.94760436587967,0,0,0,1440,1696.0,B3,500,0,1,3,0,2,0,0.0017763141077011824,development,S4,2,0,5,1,1,3,channel_fault
0,1,2,0,wesad-S4-e0-channel_fault-c2-M1,2,3,0,0,1,1,1,0.17938038217835128,wesad,55.144009395036846,wesad-S4-e0,0,evidence_sufficiency,6.940377472899854,0,0,0,1440,1696.0,M1,500,0,1,3,0,2,0,0.010111203882843256,development,S4,2,0,5,1,1,3,channel_fault
0,1,2,1,wesad-S9-e1-channel_fault-c0-B0,0,3,2,0,0,0,0,0.016318226931616664,wesad,8.664742226013914,wesad-S9-e1,0,current_evidence,8.641568887978792,0,0,0,1351,3916.0,B0,568,0,0,4,0,2,0,0.001495098927989602,development,S9,1,0,0,0,1,1,channel_fault
0,1,2,0,wesad-S9-e1-channel_fault-c0-B1,0,1,0,0,0,0,0,0.010549753904342651,wesad,16.548741162987426,wesad-S9-e1,0,current_evidence,16.53078077873215,0,0,0,3296,3916.0,B1,1131,0,1,1,1,2,0,0.0014934500213712454,development,S9,1,0,0,0,1,1,channel_fault
0,1,2,0,wesad-S9-e1-channel_fault-c0-B2,0,1,0,0,0,0,0,0.06751421303488314,wesad,16.564120470080525,wesad-S9-e1,0,current_evidence,16.4813255679328,0,0,0,3296,3916.0,B2,1131,0,1,1,1,2,0,0.00903996592387557,development,S9,1,0,0,0,1,1,channel_fault
0,1,2,0,wesad-S9-e1-channel_fault-c0-B3,0,1,0,0,0,0,0,0.01162554300390184,wesad,24.393797104945406,wesad-S9-e1,0,current_evidence,15.914005439030007,0,0,0,3296,3916.0,B3,1131,0,1,1,1,2,0,0.0015117491129785776,development,S9,1,0,0,0,1,1,channel_fault
0,1,2,0,wesad-S9-e1-channel_fault-c0-M1,0,1,0,0,0,0,0,0.06276932987384498,wesad,16.46381643600762,wesad-S9-e1,0,current_evidence,16.385976881952956,0,0,0,3296,3916.0,M1,1131,0,1,1,1,2,0,0.008723431965336204,development,S9,1,0,0,0,1,1,channel_fault
0,1,2,1,wesad-S9-e1-channel_fault-c1-B0,1,3,2,0,0,0,0,0.00664304499514401,wesad,48.71797061199322,wesad-S9-e1,0,current_evidence,7.869243129855022,0,0,2,1445,3946.0,B0,566,0,0,4,0,2,0,0.0016346569173038006,development,S9,1,0,1,0,1,1,channel_fault
0,1,2,0,wesad-S9-e1-channel_fault-c1-B1,1,1,0,0,0,0,0,0.016437835060060024,wesad,57.813267265912145,wesad-S9-e1,0,current_evidence,16.071235983166844,0,0,0,3510,3946.0,B1,1149,0,1,1,1,2,0,0.001599996816366911,development,S9,1,0,1,0,1,1,channel_fault
0,1,2,0,wesad-S9-e1-channel_fault-c1-B2,1,1,0,0,0,0,0,0.23171026399359107,wesad,57.18310689693317,wesad-S9-e1,0,current_evidence,15.048435291042551,0,0,0,3471,3946.0,B2,1076,0,1,1,1,2,0,0.009953426895663142,development,S9,1,0,1,0,1,1,channel_fault
0,1,2,0,wesad-S9-e1-channel_fault-c1-B3,1,1,0,0,0,0,0,0.018361855996772647,wesad,63.453516913810745,wesad-S9-e1,0,current_evidence,15.128224635031074,0,0,0,3471,3946.0,B3,1076,0,1,1,1,2,0,0.0016131671145558357,development,S9,1,0,1,0,1,1,channel_fault
0,1,2,0,wesad-S9-e1-channel_fault-c1-M1,1,1,0,0,0,0,0,0.1236638780683279,wesad,59.21959846303798,wesad-S9-e1,0,current_evidence,16.087573188822716,0,0,0,3510,3946.0,M1,1149,0,1,1,1,2,0,0.008117905119433999,development,S9,1,0,1,0,1,1,channel_fault
0,1,2,1,wesad-S9-e1-channel_fault-c2-B0,2,3,2,0,0,0,0,0.004608286079019308,wesad,16.219209644012153,wesad-S9-e1,0,current_evidence,8.006331843091175,0,0,4,1431,4006.0,B0,572,0,0,4,0,2,0,0.001710234908387065,development,S9,1,0,2,0,1,1,channel_fault
0,1,2,0,wesad-S9-e1-channel_fault-c2-B1,2,1,0,0,0,0,0,0.017748288111761212,wesad,26.845326486974955,wesad-S9-e1,0,current_evidence,16.906400309177116,0,0,0,3499,4006.0,B1,1206,0,1,1,1,2,0,0.0016429570969194174,development,S9,1,0,2,0,1,1,channel_fault
0,1,2,0,wesad-S9-e1-channel_fault-c2-B2,2,1,0,0,0,0,0,0.12508825887925923,wesad,30.70778775284998,wesad-S9-e1,0,current_evidence,16.027714838739485,0,0,0,3469,4006.0,B2,1139,0,1,1,1,2,0,0.0064490679651498795,development,S9,1,0,2,0,1,1,channel_fault
0,1,2,0,wesad-S9-e1-channel_fault-c2-B3,2,1,0,0,0,0,0,0.020946052158251405,wesad,31.91623706696555,wesad-S9-e1,0,current_evidence,16.0445733347442,0,0,0,3469,4006.0,B3,1139,0,1,1,1,2,0,0.0016436867881566286,development,S9,1,0,2,0,1,1,channel_fault
0,1,2,0,wesad-S9-e1-channel_fault-c2-M1,2,1,0,0,0,0,0,0.18561681499704719,wesad,30.950054581975564,wesad-S9-e1,0,current_evidence,16.255143260816112,0,0,0,3471,4006.0,M1,1150,0,1,1,1,2,0,0.010011475067585707,development,S9,1,0,2,0,1,1,channel_fault
